2026-04-29 21:03:31.943 +05:30 [WRN] Entity 'User' has a global query filter defined and is the required end of a relationship with the entity 'Alert'. This may lead to unexpected results when the required entity is filtered out. Either configure the navigation as optional, or define matching query filters for both entities in the navigation. See https://go.microsoft.com/fwlink/?linkid=2131316 for more information.
2026-04-29 21:03:32.367 +05:30 [INF] Executed DbCommand (18ms) [Parameters=[], CommandType='"Text"', CommandTimeout='300']
SELECT "MigrationId", "ProductVersion"
FROM "__EFMigrationsHistory"
ORDER BY "MigrationId";
2026-04-29 21:03:32.590 +05:30 [INF] Executed DbCommand (6ms) [Parameters=[], CommandType='"Text"', CommandTimeout='300']
SELECT 1
2026-04-29 21:03:32.721 +05:30 [INF] Executed DbCommand (20ms) [Parameters=[], CommandType='"Text"', CommandTimeout='300']
CREATE TABLE IF NOT EXISTS "__EFMigrationsHistory" (
    "MigrationId" character varying(150) NOT NULL,
    "ProductVersion" character varying(32) NOT NULL,
    CONSTRAINT "PK___EFMigrationsHistory" PRIMARY KEY ("MigrationId")
);
2026-04-29 21:03:32.740 +05:30 [INF] Executed DbCommand (2ms) [Parameters=[], CommandType='"Text"', CommandTimeout='300']
LOCK TABLE "__EFMigrationsHistory" IN ACCESS EXCLUSIVE MODE
2026-04-29 21:03:32.743 +05:30 [INF] Executed DbCommand (2ms) [Parameters=[], CommandType='"Text"', CommandTimeout='300']
SELECT "MigrationId", "ProductVersion"
FROM "__EFMigrationsHistory"
ORDER BY "MigrationId";
2026-04-29 21:03:32.749 +05:30 [INF] No migrations were applied. The database is already up to date.
2026-04-29 21:03:33.138 +05:30 [INF] Executed DbCommand (2ms) [Parameters=[], CommandType='"Text"', CommandTimeout='300']
SELECT EXISTS (
    SELECT 1
    FROM "Users" AS u
    WHERE NOT (u."IsDeleted"))
2026-04-29 21:03:33.319 +05:30 [INF] User profile is available. Using 'C:\Users\coolm\AppData\Local\ASP.NET\DataProtection-Keys' as key repository and Windows DPAPI to encrypt keys at rest.
2026-04-29 21:03:33.521 +05:30 [INF] Now listening on: http://localhost:5283
2026-04-29 21:03:33.523 +05:30 [INF] Application started. Press Ctrl+C to shut down.
2026-04-29 21:03:33.523 +05:30 [INF] Hosting environment: Development
2026-04-29 21:03:33.523 +05:30 [INF] Content root path: d:\Mitesh\StockMarket\TradingJournalApp\TradingJournal.API
2026-04-29 21:17:01.321 +05:30 [WRN] Entity 'User' has a global query filter defined and is the required end of a relationship with the entity 'Alert'. This may lead to unexpected results when the required entity is filtered out. Either configure the navigation as optional, or define matching query filters for both entities in the navigation. See https://go.microsoft.com/fwlink/?linkid=2131316 for more information.
2026-04-29 21:17:27.996 +05:30 [WRN] Entity 'User' has a global query filter defined and is the required end of a relationship with the entity 'Alert'. This may lead to unexpected results when the required entity is filtered out. Either configure the navigation as optional, or define matching query filters for both entities in the navigation. See https://go.microsoft.com/fwlink/?linkid=2131316 for more information.
2026-04-29 21:17:29.149 +05:30 [INF] Executed DbCommand (55ms) [Parameters=[], CommandType='"Text"', CommandTimeout='300']
SELECT "MigrationId", "ProductVersion"
FROM "__EFMigrationsHistory"
ORDER BY "MigrationId";
2026-04-29 21:17:29.818 +05:30 [INF] Executed DbCommand (10ms) [Parameters=[], CommandType='"Text"', CommandTimeout='300']
SELECT 1
2026-04-29 21:17:30.135 +05:30 [INF] Executed DbCommand (37ms) [Parameters=[], CommandType='"Text"', CommandTimeout='300']
CREATE TABLE IF NOT EXISTS "__EFMigrationsHistory" (
    "MigrationId" character varying(150) NOT NULL,
    "ProductVersion" character varying(32) NOT NULL,
    CONSTRAINT "PK___EFMigrationsHistory" PRIMARY KEY ("MigrationId")
);
2026-04-29 21:17:30.158 +05:30 [INF] Acquiring an exclusive lock for migration application. See https://aka.ms/efcore-docs-migrations-lock for more information if this takes too long.
2026-04-29 21:17:30.162 +05:30 [INF] Executed DbCommand (3ms) [Parameters=[], CommandType='"Text"', CommandTimeout='300']
LOCK TABLE "__EFMigrationsHistory" IN ACCESS EXCLUSIVE MODE
2026-04-29 21:17:30.167 +05:30 [INF] Executed DbCommand (3ms) [Parameters=[], CommandType='"Text"', CommandTimeout='300']
SELECT "MigrationId", "ProductVersion"
FROM "__EFMigrationsHistory"
ORDER BY "MigrationId";
2026-04-29 21:17:30.188 +05:30 [INF] Applying migration '20260429154703_AddPropFirmSettingsToTradingAccount'.
2026-04-29 21:17:30.259 +05:30 [INF] Executed DbCommand (36ms) [Parameters=[], CommandType='"Text"', CommandTimeout='300']
ALTER TABLE "TradingAccounts" ADD "DailyDrawdownLimitPct" numeric(5,2) NOT NULL DEFAULT 0.0;
2026-04-29 21:17:30.261 +05:30 [INF] Executed DbCommand (2ms) [Parameters=[], CommandType='"Text"', CommandTimeout='300']
ALTER TABLE "TradingAccounts" ADD "Has5xLotRule" boolean NOT NULL DEFAULT FALSE;
2026-04-29 21:17:30.263 +05:30 [INF] Executed DbCommand (1ms) [Parameters=[], CommandType='"Text"', CommandTimeout='300']
ALTER TABLE "TradingAccounts" ADD "IsPropFirm" boolean NOT NULL DEFAULT FALSE;
2026-04-29 21:17:30.265 +05:30 [INF] Executed DbCommand (1ms) [Parameters=[], CommandType='"Text"', CommandTimeout='300']
ALTER TABLE "TradingAccounts" ADD "MaxAllowedLotSize" numeric(18,4) NOT NULL DEFAULT 0.0;
2026-04-29 21:17:30.267 +05:30 [INF] Executed DbCommand (1ms) [Parameters=[], CommandType='"Text"', CommandTimeout='300']
ALTER TABLE "TradingAccounts" ADD "MaxOverallLossPct" numeric(5,2) NOT NULL DEFAULT 0.0;
2026-04-29 21:17:30.269 +05:30 [INF] Executed DbCommand (2ms) [Parameters=[], CommandType='"Text"', CommandTimeout='300']
ALTER TABLE "TradingAccounts" ADD "MaxRiskPerTradePctOfDailyLimit" numeric(5,2) NOT NULL DEFAULT 0.0;
2026-04-29 21:17:30.271 +05:30 [INF] Executed DbCommand (2ms) [Parameters=[], CommandType='"Text"', CommandTimeout='300']
ALTER TABLE "TradingAccounts" ADD "ProfitSplitPct" numeric(5,2) NOT NULL DEFAULT 0.0;
2026-04-29 21:17:30.273 +05:30 [INF] Executed DbCommand (1ms) [Parameters=[], CommandType='"Text"', CommandTimeout='300']
ALTER TABLE "TradingAccounts" ADD "ProfitTargetPct" numeric(5,2) NOT NULL DEFAULT 0.0;
2026-04-29 21:17:30.276 +05:30 [INF] Executed DbCommand (2ms) [Parameters=[], CommandType='"Text"', CommandTimeout='300']
ALTER TABLE "TradingAccounts" ADD "UseDynamicEquity" boolean NOT NULL DEFAULT FALSE;
2026-04-29 21:17:30.283 +05:30 [INF] Executed DbCommand (6ms) [Parameters=[], CommandType='"Text"', CommandTimeout='300']
INSERT INTO "__EFMigrationsHistory" ("MigrationId", "ProductVersion")
VALUES ('20260429154703_AddPropFirmSettingsToTradingAccount', '10.0.7');
2026-04-29 21:27:51.441 +05:30 [WRN] Entity 'User' has a global query filter defined and is the required end of a relationship with the entity 'Alert'. This may lead to unexpected results when the required entity is filtered out. Either configure the navigation as optional, or define matching query filters for both entities in the navigation. See https://go.microsoft.com/fwlink/?linkid=2131316 for more information.
2026-04-29 21:27:52.173 +05:30 [INF] Executed DbCommand (31ms) [Parameters=[], CommandType='"Text"', CommandTimeout='300']
SELECT "MigrationId", "ProductVersion"
FROM "__EFMigrationsHistory"
ORDER BY "MigrationId";
2026-04-29 21:27:52.615 +05:30 [INF] Executed DbCommand (15ms) [Parameters=[], CommandType='"Text"', CommandTimeout='300']
SELECT 1
2026-04-29 21:27:52.876 +05:30 [INF] Executed DbCommand (30ms) [Parameters=[], CommandType='"Text"', CommandTimeout='300']
CREATE TABLE IF NOT EXISTS "__EFMigrationsHistory" (
    "MigrationId" character varying(150) NOT NULL,
    "ProductVersion" character varying(32) NOT NULL,
    CONSTRAINT "PK___EFMigrationsHistory" PRIMARY KEY ("MigrationId")
);
2026-04-29 21:27:52.915 +05:30 [INF] Executed DbCommand (2ms) [Parameters=[], CommandType='"Text"', CommandTimeout='300']
LOCK TABLE "__EFMigrationsHistory" IN ACCESS EXCLUSIVE MODE
2026-04-29 21:27:52.924 +05:30 [INF] Executed DbCommand (5ms) [Parameters=[], CommandType='"Text"', CommandTimeout='300']
SELECT "MigrationId", "ProductVersion"
FROM "__EFMigrationsHistory"
ORDER BY "MigrationId";
2026-04-29 21:27:52.935 +05:30 [INF] No migrations were applied. The database is already up to date.
2026-04-29 21:27:53.521 +05:30 [INF] Executed DbCommand (5ms) [Parameters=[], CommandType='"Text"', CommandTimeout='300']
SELECT EXISTS (
    SELECT 1
    FROM "Users" AS u
    WHERE NOT (u."IsDeleted"))
2026-04-29 21:27:53.755 +05:30 [INF] User profile is available. Using 'C:\Users\coolm\AppData\Local\ASP.NET\DataProtection-Keys' as key repository and Windows DPAPI to encrypt keys at rest.
2026-04-29 21:27:53.914 +05:30 [INF] Now listening on: http://localhost:5283
2026-04-29 21:27:53.918 +05:30 [INF] Application started. Press Ctrl+C to shut down.
2026-04-29 21:27:53.919 +05:30 [INF] Hosting environment: Development
2026-04-29 21:27:53.919 +05:30 [INF] Content root path: D:\Mitesh\StockMarket\TradingJournalApp\TradingJournal.API
2026-04-29 22:08:45.578 +05:30 [INF] Request starting HTTP/1.1 OPTIONS http://localhost:5283/api/auth/login - null null
2026-04-29 22:08:45.645 +05:30 [WRN] Failed to determine the https port for redirect.
2026-04-29 22:08:45.648 +05:30 [INF] CORS policy execution failed.
2026-04-29 22:08:45.650 +05:30 [INF] Request origin http://localhost:57615 does not have permission to access the resource.
2026-04-29 22:08:45.657 +05:30 [INF] HTTP OPTIONS /api/auth/login responded 204 in 37.5165 ms
2026-04-29 22:08:45.674 +05:30 [INF] Request finished HTTP/1.1 OPTIONS http://localhost:5283/api/auth/login - 204 null null 98.9286ms
2026-04-29 22:10:25.355 +05:30 [WRN] Entity 'User' has a global query filter defined and is the required end of a relationship with the entity 'Alert'. This may lead to unexpected results when the required entity is filtered out. Either configure the navigation as optional, or define matching query filters for both entities in the navigation. See https://go.microsoft.com/fwlink/?linkid=2131316 for more information.
2026-04-29 22:10:25.982 +05:30 [INF] Executed DbCommand (59ms) [Parameters=[], CommandType='"Text"', CommandTimeout='300']
SELECT "MigrationId", "ProductVersion"
FROM "__EFMigrationsHistory"
ORDER BY "MigrationId";
2026-04-29 22:10:26.541 +05:30 [INF] Executed DbCommand (15ms) [Parameters=[], CommandType='"Text"', CommandTimeout='300']
SELECT 1
2026-04-29 22:10:26.745 +05:30 [INF] Executed DbCommand (22ms) [Parameters=[], CommandType='"Text"', CommandTimeout='300']
CREATE TABLE IF NOT EXISTS "__EFMigrationsHistory" (
    "MigrationId" character varying(150) NOT NULL,
    "ProductVersion" character varying(32) NOT NULL,
    CONSTRAINT "PK___EFMigrationsHistory" PRIMARY KEY ("MigrationId")
);
2026-04-29 22:10:26.782 +05:30 [INF] Executed DbCommand (4ms) [Parameters=[], CommandType='"Text"', CommandTimeout='300']
LOCK TABLE "__EFMigrationsHistory" IN ACCESS EXCLUSIVE MODE
2026-04-29 22:10:26.790 +05:30 [INF] Executed DbCommand (4ms) [Parameters=[], CommandType='"Text"', CommandTimeout='300']
SELECT "MigrationId", "ProductVersion"
FROM "__EFMigrationsHistory"
ORDER BY "MigrationId";
2026-04-29 22:10:26.798 +05:30 [INF] No migrations were applied. The database is already up to date.
2026-04-29 22:10:27.519 +05:30 [INF] Executed DbCommand (4ms) [Parameters=[], CommandType='"Text"', CommandTimeout='300']
SELECT EXISTS (
    SELECT 1
    FROM "Users" AS u
    WHERE NOT (u."IsDeleted"))
2026-04-29 22:10:27.819 +05:30 [INF] User profile is available. Using 'C:\Users\coolm\AppData\Local\ASP.NET\DataProtection-Keys' as key repository and Windows DPAPI to encrypt keys at rest.
2026-04-29 22:10:27.995 +05:30 [INF] Now listening on: http://localhost:5283
2026-04-29 22:10:27.998 +05:30 [INF] Application started. Press Ctrl+C to shut down.
2026-04-29 22:10:27.998 +05:30 [INF] Hosting environment: Development
2026-04-29 22:10:27.998 +05:30 [INF] Content root path: D:\Mitesh\StockMarket\TradingJournalApp\TradingJournal.API
2026-04-29 22:10:49.880 +05:30 [INF] Request starting HTTP/1.1 OPTIONS http://localhost:5283/api/auth/login - null null
2026-04-29 22:10:49.935 +05:30 [WRN] Failed to determine the https port for redirect.
2026-04-29 22:10:49.936 +05:30 [INF] CORS policy execution successful.
2026-04-29 22:10:49.940 +05:30 [INF] HTTP OPTIONS /api/auth/login responded 204 in 32.6821 ms
2026-04-29 22:10:49.946 +05:30 [INF] Request finished HTTP/1.1 OPTIONS http://localhost:5283/api/auth/login - 204 null null 67.1318ms
2026-04-29 22:10:49.953 +05:30 [INF] Request starting HTTP/1.1 POST http://localhost:5283/api/auth/login - application/json 59
2026-04-29 22:10:49.957 +05:30 [INF] CORS policy execution successful.
2026-04-29 22:10:50.059 +05:30 [INF] Executing endpoint 'TradingJournal.API.Controllers.AuthController.Login (TradingJournal.API)'
2026-04-29 22:10:50.093 +05:30 [INF] Route matched with {action = "Login", controller = "Auth"}. Executing controller action with signature System.Threading.Tasks.Task`1[Microsoft.AspNetCore.Mvc.ActionResult`1[TradingJournal.Application.DTOs.Auth.AuthResponseDto]] Login(TradingJournal.Application.DTOs.Auth.LoginDto) on controller TradingJournal.API.Controllers.AuthController (TradingJournal.API).
2026-04-29 22:10:50.162 +05:30 [INF] Login attempt for email: admin@tradingjournal.com
2026-04-29 22:10:50.347 +05:30 [INF] Executed DbCommand (15ms) [Parameters=[@email='?'], CommandType='"Text"', CommandTimeout='300']
SELECT u."Id", u."AccountBalance", u."AllowedSections", u."CreatedAt", u."Email", u."FirstName", u."IsActive", u."IsDeleted", u."LastName", u."PasswordHash", u."ProfileImageUrl", u."RefreshToken", u."RefreshTokenExpiry", u."Role", u."UpdatedAt"
FROM "Users" AS u
WHERE NOT (u."IsDeleted") AND u."Email" = @email
LIMIT 1
2026-04-29 22:10:50.971 +05:30 [INF] Executed DbCommand (17ms) [Parameters=[@p14='?' (DbType = Guid), @p0='?' (DbType = Decimal), @p1='?' (DbType = Object), @p2='?' (DbType = DateTime), @p3='?', @p4='?', @p5='?' (DbType = Boolean), @p6='?' (DbType = Boolean), @p7='?', @p8='?', @p9='?', @p10='?', @p11='?' (DbType = DateTime), @p12='?' (DbType = Int32), @p13='?' (DbType = DateTime)], CommandType='"Text"', CommandTimeout='300']
UPDATE "Users" SET "AccountBalance" = @p0, "AllowedSections" = @p1, "CreatedAt" = @p2, "Email" = @p3, "FirstName" = @p4, "IsActive" = @p5, "IsDeleted" = @p6, "LastName" = @p7, "PasswordHash" = @p8, "ProfileImageUrl" = @p9, "RefreshToken" = @p10, "RefreshTokenExpiry" = @p11, "Role" = @p12, "UpdatedAt" = @p13
WHERE "Id" = @p14;
2026-04-29 22:10:51.023 +05:30 [INF] Successful login for email: admin@tradingjournal.com
2026-04-29 22:10:51.028 +05:30 [INF] Executing OkObjectResult, writing value of type 'TradingJournal.Application.DTOs.Auth.AuthResponseDto'.
2026-04-29 22:10:51.060 +05:30 [INF] Executed action TradingJournal.API.Controllers.AuthController.Login (TradingJournal.API) in 962.0198ms
2026-04-29 22:10:51.061 +05:30 [INF] Executed endpoint 'TradingJournal.API.Controllers.AuthController.Login (TradingJournal.API)'
2026-04-29 22:10:51.063 +05:30 [INF] HTTP POST /api/auth/login responded 200 in 1107.1583 ms
2026-04-29 22:10:51.079 +05:30 [INF] Request finished HTTP/1.1 POST http://localhost:5283/api/auth/login - 200 null application/json; charset=utf-8 1126.5211ms
2026-04-29 22:10:51.196 +05:30 [INF] Request starting HTTP/1.1 OPTIONS http://localhost:5283/api/dashboard/summary - null null
2026-04-29 22:10:51.200 +05:30 [INF] CORS policy execution successful.
2026-04-29 22:10:51.202 +05:30 [INF] HTTP OPTIONS /api/dashboard/summary responded 204 in 5.9941 ms
2026-04-29 22:10:51.205 +05:30 [INF] Request finished HTTP/1.1 OPTIONS http://localhost:5283/api/dashboard/summary - 204 null null 7.6452ms
2026-04-29 22:10:51.403 +05:30 [INF] Request starting HTTP/1.1 GET http://localhost:5283/api/dashboard/summary - null null
2026-04-29 22:10:51.417 +05:30 [INF] CORS policy execution successful.
2026-04-29 22:10:51.538 +05:30 [INF] Executing endpoint 'TradingJournal.API.Controllers.DashboardController.GetSummary (TradingJournal.API)'
2026-04-29 22:10:51.551 +05:30 [INF] Route matched with {action = "GetSummary", controller = "Dashboard"}. Executing controller action with signature System.Threading.Tasks.Task`1[Microsoft.AspNetCore.Mvc.ActionResult`1[TradingJournal.Application.DTOs.Dashboard.DashboardSummaryDto]] GetSummary() on controller TradingJournal.API.Controllers.DashboardController (TradingJournal.API).
2026-04-29 22:10:51.590 +05:30 [INF] Fetching dashboard summary for user: "0a478092-7251-4b11-a785-05efbf8ad1f6"
2026-04-29 22:10:51.866 +05:30 [INF] Executed DbCommand (8ms) [Parameters=[@userId='?' (DbType = Guid)], CommandType='"Text"', CommandTimeout='300']
SELECT t."Id", t."CreatedAt", t."EntryPrice", t."ExitPrice", t."InstrumentId", t."IsDeleted", t."LotSize", t."Notes", t."ProfitLoss", t."Result", t."RiskPercentage", t."RiskRewardRatio", t."StopLoss", t."Tags", t."TakeProfit", t."TradeDate", t."TradeDurationMinutes", t."TradeType", t."TradingAccountId", t."UpdatedAt", t."UserId", i0."Id", i0."CreatedAt", i0."Description", i0."IsDeleted", i0."MaxLot", i0."Name", i0."Notes", i0."SafeLotSize", i0."Symbol", i0."UpdatedAt", i0."UserId", i0."VolatilityLevel"
FROM "Trades" AS t
INNER JOIN (
    SELECT i."Id", i."CreatedAt", i."Description", i."IsDeleted", i."MaxLot", i."Name", i."Notes", i."SafeLotSize", i."Symbol", i."UpdatedAt", i."UserId", i."VolatilityLevel"
    FROM "Instruments" AS i
    WHERE NOT (i."IsDeleted")
) AS i0 ON t."InstrumentId" = i0."Id"
WHERE NOT (t."IsDeleted") AND t."UserId" = @userId
ORDER BY t."TradeDate"
2026-04-29 22:10:51.926 +05:30 [INF] Executed DbCommand (4ms) [Parameters=[@userId='?' (DbType = Guid)], CommandType='"Text"', CommandTimeout='300']
SELECT t."Id", t."Balance", t."Broker", t."CreatedAt", t."Currency", t."DailyDrawdownLimitPct", t."Has5xLotRule", t."IsDefault", t."IsDeleted", t."IsPropFirm", t."MaxAllowedLotSize", t."MaxOverallLossPct", t."MaxRiskPerTradePctOfDailyLimit", t."Name", t."ProfitSplitPct", t."ProfitTargetPct", t."UpdatedAt", t."UseDynamicEquity", t."UserId"
FROM "TradingAccounts" AS t
WHERE NOT (t."IsDeleted") AND t."UserId" = @userId AND t."IsDefault" AND NOT (t."IsDeleted")
LIMIT 1
2026-04-29 22:10:51.985 +05:30 [INF] Executed DbCommand (2ms) [Parameters=[@userId='?' (DbType = Guid)], CommandType='"Text"', CommandTimeout='300']
SELECT t."Id", t."Balance", t."Broker", t."CreatedAt", t."Currency", t."DailyDrawdownLimitPct", t."Has5xLotRule", t."IsDefault", t."IsDeleted", t."IsPropFirm", t."MaxAllowedLotSize", t."MaxOverallLossPct", t."MaxRiskPerTradePctOfDailyLimit", t."Name", t."ProfitSplitPct", t."ProfitTargetPct", t."UpdatedAt", t."UseDynamicEquity", t."UserId"
FROM "TradingAccounts" AS t
WHERE NOT (t."IsDeleted") AND t."UserId" = @userId AND NOT (t."IsDeleted")
ORDER BY t."CreatedAt" DESC
LIMIT 1
2026-04-29 22:10:52.044 +05:30 [INF] Executed DbCommand (2ms) [Parameters=[@userId='?' (DbType = Guid)], CommandType='"Text"', CommandTimeout='300']
SELECT a."Id", a."CreatedAt", a."DailyLossLimit", a."Email", a."EmailAlertEnabled", a."IsActive", a."IsDeleted", a."MaxDrawdownPercent", a."MaxTradesPerDay", a."UpdatedAt", a."UserId"
FROM "Alerts" AS a
WHERE a."UserId" = @userId
LIMIT 1
2026-04-29 22:10:52.104 +05:30 [INF] Executed DbCommand (2ms) [Parameters=[@userId='?' (DbType = Guid)], CommandType='"Text"', CommandTimeout='300']
SELECT i."Id", i."CreatedAt", i."Description", i."IsDeleted", i."MaxLot", i."Name", i."Notes", i."SafeLotSize", i."Symbol", i."UpdatedAt", i."UserId", i."VolatilityLevel"
FROM "Instruments" AS i
WHERE NOT (i."IsDeleted") AND i."UserId" = @userId
2026-04-29 22:10:52.136 +05:30 [INF] Executing OkObjectResult, writing value of type 'TradingJournal.Application.DTOs.Dashboard.DashboardSummaryDto'.
2026-04-29 22:10:52.147 +05:30 [INF] Executed action TradingJournal.API.Controllers.DashboardController.GetSummary (TradingJournal.API) in 595.668ms
2026-04-29 22:10:52.147 +05:30 [INF] Executed endpoint 'TradingJournal.API.Controllers.DashboardController.GetSummary (TradingJournal.API)'
2026-04-29 22:10:52.147 +05:30 [INF] HTTP GET /api/dashboard/summary responded 200 in 740.5653 ms
2026-04-29 22:10:52.148 +05:30 [INF] Request finished HTTP/1.1 GET http://localhost:5283/api/dashboard/summary - 200 null application/json; charset=utf-8 745.1881ms
2026-04-29 22:11:05.395 +05:30 [INF] Request starting HTTP/1.1 OPTIONS http://localhost:5283/api/instruments - null null
2026-04-29 22:11:05.396 +05:30 [INF] CORS policy execution successful.
2026-04-29 22:11:05.397 +05:30 [INF] HTTP OPTIONS /api/instruments responded 204 in 0.7337 ms
2026-04-29 22:11:05.397 +05:30 [INF] Request finished HTTP/1.1 OPTIONS http://localhost:5283/api/instruments - 204 null null 2.5818ms
2026-04-29 22:11:05.401 +05:30 [INF] Request starting HTTP/1.1 GET http://localhost:5283/api/instruments - null null
2026-04-29 22:11:05.403 +05:30 [INF] CORS policy execution successful.
2026-04-29 22:11:05.410 +05:30 [INF] Executing endpoint 'TradingJournal.API.Controllers.InstrumentsController.GetAll (TradingJournal.API)'
2026-04-29 22:11:05.419 +05:30 [INF] Route matched with {action = "GetAll", controller = "Instruments"}. Executing controller action with signature System.Threading.Tasks.Task`1[Microsoft.AspNetCore.Mvc.ActionResult`1[System.Collections.Generic.List`1[TradingJournal.Application.DTOs.Instruments.InstrumentDto]]] GetAll() on controller TradingJournal.API.Controllers.InstrumentsController (TradingJournal.API).
2026-04-29 22:11:05.422 +05:30 [INF] Fetching all instruments for user: "0a478092-7251-4b11-a785-05efbf8ad1f6"
2026-04-29 22:11:05.477 +05:30 [INF] Executed DbCommand (1ms) [Parameters=[@userId='?' (DbType = Guid)], CommandType='"Text"', CommandTimeout='300']
SELECT i."Id", i."CreatedAt", i."Description", i."IsDeleted", i."MaxLot", i."Name", i."Notes", i."SafeLotSize", i."Symbol", i."UpdatedAt", i."UserId", i."VolatilityLevel"
FROM "Instruments" AS i
WHERE NOT (i."IsDeleted") AND i."UserId" = @userId
2026-04-29 22:11:05.528 +05:30 [INF] Executed DbCommand (3ms) [Parameters=[@userId='?' (DbType = Guid)], CommandType='"Text"', CommandTimeout='300']
SELECT t."Id", t."CreatedAt", t."EntryPrice", t."ExitPrice", t."InstrumentId", t."IsDeleted", t."LotSize", t."Notes", t."ProfitLoss", t."Result", t."RiskPercentage", t."RiskRewardRatio", t."StopLoss", t."Tags", t."TakeProfit", t."TradeDate", t."TradeDurationMinutes", t."TradeType", t."TradingAccountId", t."UpdatedAt", t."UserId", i0."Id", i0."CreatedAt", i0."Description", i0."IsDeleted", i0."MaxLot", i0."Name", i0."Notes", i0."SafeLotSize", i0."Symbol", i0."UpdatedAt", i0."UserId", i0."VolatilityLevel"
FROM "Trades" AS t
INNER JOIN (
    SELECT i."Id", i."CreatedAt", i."Description", i."IsDeleted", i."MaxLot", i."Name", i."Notes", i."SafeLotSize", i."Symbol", i."UpdatedAt", i."UserId", i."VolatilityLevel"
    FROM "Instruments" AS i
    WHERE NOT (i."IsDeleted")
) AS i0 ON t."InstrumentId" = i0."Id"
WHERE NOT (t."IsDeleted") AND t."UserId" = @userId
ORDER BY t."TradeDate"
2026-04-29 22:11:05.532 +05:30 [INF] Executing OkObjectResult, writing value of type 'System.Collections.Generic.List`1[[TradingJournal.Application.DTOs.Instruments.InstrumentDto, TradingJournal.Application, Version=1.0.0.0, Culture=neutral, PublicKeyToken=null]]'.
2026-04-29 22:11:05.538 +05:30 [INF] Executed action TradingJournal.API.Controllers.InstrumentsController.GetAll (TradingJournal.API) in 119.0425ms
2026-04-29 22:11:05.538 +05:30 [INF] Executed endpoint 'TradingJournal.API.Controllers.InstrumentsController.GetAll (TradingJournal.API)'
2026-04-29 22:11:05.538 +05:30 [INF] HTTP GET /api/instruments responded 200 in 136.6943 ms
2026-04-29 22:11:05.539 +05:30 [INF] Request finished HTTP/1.1 GET http://localhost:5283/api/instruments - 200 null application/json; charset=utf-8 137.1711ms
2026-04-29 22:11:07.454 +05:30 [INF] Request starting HTTP/1.1 OPTIONS http://localhost:5283/api/dashboard/summary - null null
2026-04-29 22:11:07.455 +05:30 [INF] CORS policy execution successful.
2026-04-29 22:11:07.455 +05:30 [INF] HTTP OPTIONS /api/dashboard/summary responded 204 in 0.4174 ms
2026-04-29 22:11:07.455 +05:30 [INF] Request finished HTTP/1.1 OPTIONS http://localhost:5283/api/dashboard/summary - 204 null null 1.2445ms
2026-04-29 22:11:07.460 +05:30 [INF] Request starting HTTP/1.1 GET http://localhost:5283/api/dashboard/summary - null null
2026-04-29 22:11:07.460 +05:30 [INF] CORS policy execution successful.
2026-04-29 22:11:07.464 +05:30 [INF] Executing endpoint 'TradingJournal.API.Controllers.DashboardController.GetSummary (TradingJournal.API)'
2026-04-29 22:11:07.464 +05:30 [INF] Route matched with {action = "GetSummary", controller = "Dashboard"}. Executing controller action with signature System.Threading.Tasks.Task`1[Microsoft.AspNetCore.Mvc.ActionResult`1[TradingJournal.Application.DTOs.Dashboard.DashboardSummaryDto]] GetSummary() on controller TradingJournal.API.Controllers.DashboardController (TradingJournal.API).
2026-04-29 22:11:07.467 +05:30 [INF] Fetching dashboard summary for user: "0a478092-7251-4b11-a785-05efbf8ad1f6"
2026-04-29 22:11:07.616 +05:30 [INF] Executed DbCommand (3ms) [Parameters=[@userId='?' (DbType = Guid)], CommandType='"Text"', CommandTimeout='300']
SELECT t."Id", t."CreatedAt", t."EntryPrice", t."ExitPrice", t."InstrumentId", t."IsDeleted", t."LotSize", t."Notes", t."ProfitLoss", t."Result", t."RiskPercentage", t."RiskRewardRatio", t."StopLoss", t."Tags", t."TakeProfit", t."TradeDate", t."TradeDurationMinutes", t."TradeType", t."TradingAccountId", t."UpdatedAt", t."UserId", i0."Id", i0."CreatedAt", i0."Description", i0."IsDeleted", i0."MaxLot", i0."Name", i0."Notes", i0."SafeLotSize", i0."Symbol", i0."UpdatedAt", i0."UserId", i0."VolatilityLevel"
FROM "Trades" AS t
INNER JOIN (
    SELECT i."Id", i."CreatedAt", i."Description", i."IsDeleted", i."MaxLot", i."Name", i."Notes", i."SafeLotSize", i."Symbol", i."UpdatedAt", i."UserId", i."VolatilityLevel"
    FROM "Instruments" AS i
    WHERE NOT (i."IsDeleted")
) AS i0 ON t."InstrumentId" = i0."Id"
WHERE NOT (t."IsDeleted") AND t."UserId" = @userId
ORDER BY t."TradeDate"
2026-04-29 22:11:07.670 +05:30 [INF] Executed DbCommand (2ms) [Parameters=[@userId='?' (DbType = Guid)], CommandType='"Text"', CommandTimeout='300']
SELECT t."Id", t."Balance", t."Broker", t."CreatedAt", t."Currency", t."DailyDrawdownLimitPct", t."Has5xLotRule", t."IsDefault", t."IsDeleted", t."IsPropFirm", t."MaxAllowedLotSize", t."MaxOverallLossPct", t."MaxRiskPerTradePctOfDailyLimit", t."Name", t."ProfitSplitPct", t."ProfitTargetPct", t."UpdatedAt", t."UseDynamicEquity", t."UserId"
FROM "TradingAccounts" AS t
WHERE NOT (t."IsDeleted") AND t."UserId" = @userId AND t."IsDefault" AND NOT (t."IsDeleted")
LIMIT 1
2026-04-29 22:11:07.726 +05:30 [INF] Executed DbCommand (2ms) [Parameters=[@userId='?' (DbType = Guid)], CommandType='"Text"', CommandTimeout='300']
SELECT t."Id", t."Balance", t."Broker", t."CreatedAt", t."Currency", t."DailyDrawdownLimitPct", t."Has5xLotRule", t."IsDefault", t."IsDeleted", t."IsPropFirm", t."MaxAllowedLotSize", t."MaxOverallLossPct", t."MaxRiskPerTradePctOfDailyLimit", t."Name", t."ProfitSplitPct", t."ProfitTargetPct", t."UpdatedAt", t."UseDynamicEquity", t."UserId"
FROM "TradingAccounts" AS t
WHERE NOT (t."IsDeleted") AND t."UserId" = @userId AND NOT (t."IsDeleted")
ORDER BY t."CreatedAt" DESC
LIMIT 1
2026-04-29 22:11:07.780 +05:30 [INF] Executed DbCommand (2ms) [Parameters=[@userId='?' (DbType = Guid)], CommandType='"Text"', CommandTimeout='300']
SELECT a."Id", a."CreatedAt", a."DailyLossLimit", a."Email", a."EmailAlertEnabled", a."IsActive", a."IsDeleted", a."MaxDrawdownPercent", a."MaxTradesPerDay", a."UpdatedAt", a."UserId"
FROM "Alerts" AS a
WHERE a."UserId" = @userId
LIMIT 1
2026-04-29 22:11:07.841 +05:30 [INF] Executed DbCommand (2ms) [Parameters=[@userId='?' (DbType = Guid)], CommandType='"Text"', CommandTimeout='300']
SELECT i."Id", i."CreatedAt", i."Description", i."IsDeleted", i."MaxLot", i."Name", i."Notes", i."SafeLotSize", i."Symbol", i."UpdatedAt", i."UserId", i."VolatilityLevel"
FROM "Instruments" AS i
WHERE NOT (i."IsDeleted") AND i."UserId" = @userId
2026-04-29 22:11:07.843 +05:30 [INF] Executing OkObjectResult, writing value of type 'TradingJournal.Application.DTOs.Dashboard.DashboardSummaryDto'.
2026-04-29 22:11:07.844 +05:30 [INF] Executed action TradingJournal.API.Controllers.DashboardController.GetSummary (TradingJournal.API) in 379.3612ms
2026-04-29 22:11:07.844 +05:30 [INF] Executed endpoint 'TradingJournal.API.Controllers.DashboardController.GetSummary (TradingJournal.API)'
2026-04-29 22:11:07.844 +05:30 [INF] HTTP GET /api/dashboard/summary responded 200 in 384.3116 ms
2026-04-29 22:11:07.845 +05:30 [INF] Request finished HTTP/1.1 GET http://localhost:5283/api/dashboard/summary - 200 null application/json; charset=utf-8 384.8148ms
2026-04-29 22:11:15.627 +05:30 [INF] Request starting HTTP/1.1 OPTIONS http://localhost:5283/api/instruments - null null
2026-04-29 22:11:15.627 +05:30 [INF] CORS policy execution successful.
2026-04-29 22:11:15.628 +05:30 [INF] HTTP OPTIONS /api/instruments responded 204 in 0.2459 ms
2026-04-29 22:11:15.628 +05:30 [INF] Request finished HTTP/1.1 OPTIONS http://localhost:5283/api/instruments - 204 null null 1.0275ms
2026-04-29 22:11:15.632 +05:30 [INF] Request starting HTTP/1.1 GET http://localhost:5283/api/instruments - null null
2026-04-29 22:11:15.632 +05:30 [INF] CORS policy execution successful.
2026-04-29 22:11:15.633 +05:30 [INF] Executing endpoint 'TradingJournal.API.Controllers.InstrumentsController.GetAll (TradingJournal.API)'
2026-04-29 22:11:15.633 +05:30 [INF] Route matched with {action = "GetAll", controller = "Instruments"}. Executing controller action with signature System.Threading.Tasks.Task`1[Microsoft.AspNetCore.Mvc.ActionResult`1[System.Collections.Generic.List`1[TradingJournal.Application.DTOs.Instruments.InstrumentDto]]] GetAll() on controller TradingJournal.API.Controllers.InstrumentsController (TradingJournal.API).
2026-04-29 22:11:15.634 +05:30 [INF] Fetching all instruments for user: "0a478092-7251-4b11-a785-05efbf8ad1f6"
2026-04-29 22:11:15.686 +05:30 [INF] Executed DbCommand (2ms) [Parameters=[@userId='?' (DbType = Guid)], CommandType='"Text"', CommandTimeout='300']
SELECT i."Id", i."CreatedAt", i."Description", i."IsDeleted", i."MaxLot", i."Name", i."Notes", i."SafeLotSize", i."Symbol", i."UpdatedAt", i."UserId", i."VolatilityLevel"
FROM "Instruments" AS i
WHERE NOT (i."IsDeleted") AND i."UserId" = @userId
2026-04-29 22:11:15.734 +05:30 [INF] Executed DbCommand (4ms) [Parameters=[@userId='?' (DbType = Guid)], CommandType='"Text"', CommandTimeout='300']
SELECT t."Id", t."CreatedAt", t."EntryPrice", t."ExitPrice", t."InstrumentId", t."IsDeleted", t."LotSize", t."Notes", t."ProfitLoss", t."Result", t."RiskPercentage", t."RiskRewardRatio", t."StopLoss", t."Tags", t."TakeProfit", t."TradeDate", t."TradeDurationMinutes", t."TradeType", t."TradingAccountId", t."UpdatedAt", t."UserId", i0."Id", i0."CreatedAt", i0."Description", i0."IsDeleted", i0."MaxLot", i0."Name", i0."Notes", i0."SafeLotSize", i0."Symbol", i0."UpdatedAt", i0."UserId", i0."VolatilityLevel"
FROM "Trades" AS t
INNER JOIN (
    SELECT i."Id", i."CreatedAt", i."Description", i."IsDeleted", i."MaxLot", i."Name", i."Notes", i."SafeLotSize", i."Symbol", i."UpdatedAt", i."UserId", i."VolatilityLevel"
    FROM "Instruments" AS i
    WHERE NOT (i."IsDeleted")
) AS i0 ON t."InstrumentId" = i0."Id"
WHERE NOT (t."IsDeleted") AND t."UserId" = @userId
ORDER BY t."TradeDate"
2026-04-29 22:11:15.735 +05:30 [INF] Executing OkObjectResult, writing value of type 'System.Collections.Generic.List`1[[TradingJournal.Application.DTOs.Instruments.InstrumentDto, TradingJournal.Application, Version=1.0.0.0, Culture=neutral, PublicKeyToken=null]]'.
2026-04-29 22:11:15.735 +05:30 [INF] Executed action TradingJournal.API.Controllers.InstrumentsController.GetAll (TradingJournal.API) in 102.1395ms
2026-04-29 22:11:15.735 +05:30 [INF] Executed endpoint 'TradingJournal.API.Controllers.InstrumentsController.GetAll (TradingJournal.API)'
2026-04-29 22:11:15.735 +05:30 [INF] HTTP GET /api/instruments responded 200 in 103.5934 ms
2026-04-29 22:11:15.736 +05:30 [INF] Request finished HTTP/1.1 GET http://localhost:5283/api/instruments - 200 null application/json; charset=utf-8 104.0225ms
2026-04-29 22:11:24.018 +05:30 [INF] Request starting HTTP/1.1 OPTIONS http://localhost:5283/api/dashboard/summary - null null
2026-04-29 22:11:24.019 +05:30 [INF] CORS policy execution successful.
2026-04-29 22:11:24.019 +05:30 [INF] HTTP OPTIONS /api/dashboard/summary responded 204 in 0.5071 ms
2026-04-29 22:11:24.020 +05:30 [INF] Request finished HTTP/1.1 OPTIONS http://localhost:5283/api/dashboard/summary - 204 null null 1.0714ms
2026-04-29 22:11:24.022 +05:30 [INF] Request starting HTTP/1.1 GET http://localhost:5283/api/dashboard/summary - null null
2026-04-29 22:11:24.023 +05:30 [INF] CORS policy execution successful.
2026-04-29 22:11:24.023 +05:30 [INF] Executing endpoint 'TradingJournal.API.Controllers.DashboardController.GetSummary (TradingJournal.API)'
2026-04-29 22:11:24.023 +05:30 [INF] Route matched with {action = "GetSummary", controller = "Dashboard"}. Executing controller action with signature System.Threading.Tasks.Task`1[Microsoft.AspNetCore.Mvc.ActionResult`1[TradingJournal.Application.DTOs.Dashboard.DashboardSummaryDto]] GetSummary() on controller TradingJournal.API.Controllers.DashboardController (TradingJournal.API).
2026-04-29 22:11:24.030 +05:30 [INF] Fetching dashboard summary for user: "0a478092-7251-4b11-a785-05efbf8ad1f6"
2026-04-29 22:11:24.087 +05:30 [INF] Executed DbCommand (5ms) [Parameters=[@userId='?' (DbType = Guid)], CommandType='"Text"', CommandTimeout='300']
SELECT t."Id", t."CreatedAt", t."EntryPrice", t."ExitPrice", t."InstrumentId", t."IsDeleted", t."LotSize", t."Notes", t."ProfitLoss", t."Result", t."RiskPercentage", t."RiskRewardRatio", t."StopLoss", t."Tags", t."TakeProfit", t."TradeDate", t."TradeDurationMinutes", t."TradeType", t."TradingAccountId", t."UpdatedAt", t."UserId", i0."Id", i0."CreatedAt", i0."Description", i0."IsDeleted", i0."MaxLot", i0."Name", i0."Notes", i0."SafeLotSize", i0."Symbol", i0."UpdatedAt", i0."UserId", i0."VolatilityLevel"
FROM "Trades" AS t
INNER JOIN (
    SELECT i."Id", i."CreatedAt", i."Description", i."IsDeleted", i."MaxLot", i."Name", i."Notes", i."SafeLotSize", i."Symbol", i."UpdatedAt", i."UserId", i."VolatilityLevel"
    FROM "Instruments" AS i
    WHERE NOT (i."IsDeleted")
) AS i0 ON t."InstrumentId" = i0."Id"
WHERE NOT (t."IsDeleted") AND t."UserId" = @userId
ORDER BY t."TradeDate"
2026-04-29 22:11:24.135 +05:30 [INF] Executed DbCommand (3ms) [Parameters=[@userId='?' (DbType = Guid)], CommandType='"Text"', CommandTimeout='300']
SELECT t."Id", t."Balance", t."Broker", t."CreatedAt", t."Currency", t."DailyDrawdownLimitPct", t."Has5xLotRule", t."IsDefault", t."IsDeleted", t."IsPropFirm", t."MaxAllowedLotSize", t."MaxOverallLossPct", t."MaxRiskPerTradePctOfDailyLimit", t."Name", t."ProfitSplitPct", t."ProfitTargetPct", t."UpdatedAt", t."UseDynamicEquity", t."UserId"
FROM "TradingAccounts" AS t
WHERE NOT (t."IsDeleted") AND t."UserId" = @userId AND t."IsDefault" AND NOT (t."IsDeleted")
LIMIT 1
2026-04-29 22:11:24.181 +05:30 [INF] Executed DbCommand (2ms) [Parameters=[@userId='?' (DbType = Guid)], CommandType='"Text"', CommandTimeout='300']
SELECT t."Id", t."Balance", t."Broker", t."CreatedAt", t."Currency", t."DailyDrawdownLimitPct", t."Has5xLotRule", t."IsDefault", t."IsDeleted", t."IsPropFirm", t."MaxAllowedLotSize", t."MaxOverallLossPct", t."MaxRiskPerTradePctOfDailyLimit", t."Name", t."ProfitSplitPct", t."ProfitTargetPct", t."UpdatedAt", t."UseDynamicEquity", t."UserId"
FROM "TradingAccounts" AS t
WHERE NOT (t."IsDeleted") AND t."UserId" = @userId AND NOT (t."IsDeleted")
ORDER BY t."CreatedAt" DESC
LIMIT 1
2026-04-29 22:11:24.231 +05:30 [INF] Executed DbCommand (1ms) [Parameters=[@userId='?' (DbType = Guid)], CommandType='"Text"', CommandTimeout='300']
SELECT a."Id", a."CreatedAt", a."DailyLossLimit", a."Email", a."EmailAlertEnabled", a."IsActive", a."IsDeleted", a."MaxDrawdownPercent", a."MaxTradesPerDay", a."UpdatedAt", a."UserId"
FROM "Alerts" AS a
WHERE a."UserId" = @userId
LIMIT 1
2026-04-29 22:11:24.277 +05:30 [INF] Executed DbCommand (1ms) [Parameters=[@userId='?' (DbType = Guid)], CommandType='"Text"', CommandTimeout='300']
SELECT i."Id", i."CreatedAt", i."Description", i."IsDeleted", i."MaxLot", i."Name", i."Notes", i."SafeLotSize", i."Symbol", i."UpdatedAt", i."UserId", i."VolatilityLevel"
FROM "Instruments" AS i
WHERE NOT (i."IsDeleted") AND i."UserId" = @userId
2026-04-29 22:11:24.278 +05:30 [INF] Executing OkObjectResult, writing value of type 'TradingJournal.Application.DTOs.Dashboard.DashboardSummaryDto'.
2026-04-29 22:11:24.278 +05:30 [INF] Executed action TradingJournal.API.Controllers.DashboardController.GetSummary (TradingJournal.API) in 254.4276ms
2026-04-29 22:11:24.278 +05:30 [INF] Executed endpoint 'TradingJournal.API.Controllers.DashboardController.GetSummary (TradingJournal.API)'
2026-04-29 22:11:24.278 +05:30 [INF] HTTP GET /api/dashboard/summary responded 200 in 255.6193 ms
2026-04-29 22:11:24.278 +05:30 [INF] Request finished HTTP/1.1 GET http://localhost:5283/api/dashboard/summary - 200 null application/json; charset=utf-8 255.9311ms
2026-04-29 22:11:26.131 +05:30 [INF] Request starting HTTP/1.1 OPTIONS http://localhost:5283/api/instruments - null null
2026-04-29 22:11:26.131 +05:30 [INF] CORS policy execution successful.
2026-04-29 22:11:26.132 +05:30 [INF] HTTP OPTIONS /api/instruments responded 204 in 0.3028 ms
2026-04-29 22:11:26.132 +05:30 [INF] Request finished HTTP/1.1 OPTIONS http://localhost:5283/api/instruments - 204 null null 0.8794ms
2026-04-29 22:11:26.137 +05:30 [INF] Request starting HTTP/1.1 GET http://localhost:5283/api/instruments - null null
2026-04-29 22:11:26.137 +05:30 [INF] CORS policy execution successful.
2026-04-29 22:11:26.139 +05:30 [INF] Executing endpoint 'TradingJournal.API.Controllers.InstrumentsController.GetAll (TradingJournal.API)'
2026-04-29 22:11:26.139 +05:30 [INF] Route matched with {action = "GetAll", controller = "Instruments"}. Executing controller action with signature System.Threading.Tasks.Task`1[Microsoft.AspNetCore.Mvc.ActionResult`1[System.Collections.Generic.List`1[TradingJournal.Application.DTOs.Instruments.InstrumentDto]]] GetAll() on controller TradingJournal.API.Controllers.InstrumentsController (TradingJournal.API).
2026-04-29 22:11:26.140 +05:30 [INF] Fetching all instruments for user: "0a478092-7251-4b11-a785-05efbf8ad1f6"
2026-04-29 22:11:26.190 +05:30 [INF] Executed DbCommand (2ms) [Parameters=[@userId='?' (DbType = Guid)], CommandType='"Text"', CommandTimeout='300']
SELECT i."Id", i."CreatedAt", i."Description", i."IsDeleted", i."MaxLot", i."Name", i."Notes", i."SafeLotSize", i."Symbol", i."UpdatedAt", i."UserId", i."VolatilityLevel"
FROM "Instruments" AS i
WHERE NOT (i."IsDeleted") AND i."UserId" = @userId
2026-04-29 22:11:26.238 +05:30 [INF] Executed DbCommand (2ms) [Parameters=[@userId='?' (DbType = Guid)], CommandType='"Text"', CommandTimeout='300']
SELECT t."Id", t."CreatedAt", t."EntryPrice", t."ExitPrice", t."InstrumentId", t."IsDeleted", t."LotSize", t."Notes", t."ProfitLoss", t."Result", t."RiskPercentage", t."RiskRewardRatio", t."StopLoss", t."Tags", t."TakeProfit", t."TradeDate", t."TradeDurationMinutes", t."TradeType", t."TradingAccountId", t."UpdatedAt", t."UserId", i0."Id", i0."CreatedAt", i0."Description", i0."IsDeleted", i0."MaxLot", i0."Name", i0."Notes", i0."SafeLotSize", i0."Symbol", i0."UpdatedAt", i0."UserId", i0."VolatilityLevel"
FROM "Trades" AS t
INNER JOIN (
    SELECT i."Id", i."CreatedAt", i."Description", i."IsDeleted", i."MaxLot", i."Name", i."Notes", i."SafeLotSize", i."Symbol", i."UpdatedAt", i."UserId", i."VolatilityLevel"
    FROM "Instruments" AS i
    WHERE NOT (i."IsDeleted")
) AS i0 ON t."InstrumentId" = i0."Id"
WHERE NOT (t."IsDeleted") AND t."UserId" = @userId
ORDER BY t."TradeDate"
2026-04-29 22:11:26.238 +05:30 [INF] Executing OkObjectResult, writing value of type 'System.Collections.Generic.List`1[[TradingJournal.Application.DTOs.Instruments.InstrumentDto, TradingJournal.Application, Version=1.0.0.0, Culture=neutral, PublicKeyToken=null]]'.
2026-04-29 22:11:26.239 +05:30 [INF] Executed action TradingJournal.API.Controllers.InstrumentsController.GetAll (TradingJournal.API) in 99.9927ms
2026-04-29 22:11:26.239 +05:30 [INF] Executed endpoint 'TradingJournal.API.Controllers.InstrumentsController.GetAll (TradingJournal.API)'
2026-04-29 22:11:26.239 +05:30 [INF] HTTP GET /api/instruments responded 200 in 101.7526 ms
2026-04-29 22:11:26.239 +05:30 [INF] Request finished HTTP/1.1 GET http://localhost:5283/api/instruments - 200 null application/json; charset=utf-8 102.1789ms
2026-04-29 22:11:34.138 +05:30 [INF] Request starting HTTP/1.1 OPTIONS http://localhost:5283/api/instruments - null null
2026-04-29 22:11:34.138 +05:30 [INF] CORS policy execution successful.
2026-04-29 22:11:34.139 +05:30 [INF] HTTP OPTIONS /api/instruments responded 204 in 0.4481 ms
2026-04-29 22:11:34.139 +05:30 [INF] Request finished HTTP/1.1 OPTIONS http://localhost:5283/api/instruments - 204 null null 0.8816ms
2026-04-29 22:11:34.141 +05:30 [INF] Request starting HTTP/1.1 OPTIONS http://localhost:5283/api/trades?page=1&pageSize=20 - null null
2026-04-29 22:11:34.141 +05:30 [INF] CORS policy execution successful.
2026-04-29 22:11:34.142 +05:30 [INF] HTTP OPTIONS /api/trades responded 204 in 0.2235 ms
2026-04-29 22:11:34.142 +05:30 [INF] Request finished HTTP/1.1 OPTIONS http://localhost:5283/api/trades?page=1&pageSize=20 - 204 null null 0.5476ms
2026-04-29 22:11:34.143 +05:30 [INF] Request starting HTTP/1.1 GET http://localhost:5283/api/instruments - null null
2026-04-29 22:11:34.144 +05:30 [INF] CORS policy execution successful.
2026-04-29 22:11:34.145 +05:30 [INF] Executing endpoint 'TradingJournal.API.Controllers.InstrumentsController.GetAll (TradingJournal.API)'
2026-04-29 22:11:34.145 +05:30 [INF] Request starting HTTP/1.1 GET http://localhost:5283/api/trades?page=1&pageSize=20 - null null
2026-04-29 22:11:34.145 +05:30 [INF] Route matched with {action = "GetAll", controller = "Instruments"}. Executing controller action with signature System.Threading.Tasks.Task`1[Microsoft.AspNetCore.Mvc.ActionResult`1[System.Collections.Generic.List`1[TradingJournal.Application.DTOs.Instruments.InstrumentDto]]] GetAll() on controller TradingJournal.API.Controllers.InstrumentsController (TradingJournal.API).
2026-04-29 22:11:34.145 +05:30 [INF] CORS policy execution successful.
2026-04-29 22:11:34.145 +05:30 [INF] Fetching all instruments for user: "0a478092-7251-4b11-a785-05efbf8ad1f6"
2026-04-29 22:11:34.146 +05:30 [INF] Executing endpoint 'TradingJournal.API.Controllers.TradesController.GetAll (TradingJournal.API)'
2026-04-29 22:11:34.164 +05:30 [INF] Route matched with {action = "GetAll", controller = "Trades"}. Executing controller action with signature System.Threading.Tasks.Task`1[Microsoft.AspNetCore.Mvc.ActionResult`1[TradingJournal.Application.DTOs.Trades.PagedTradesDto]] GetAll(TradingJournal.Application.DTOs.Trades.TradeFilterDto) on controller TradingJournal.API.Controllers.TradesController (TradingJournal.API).
2026-04-29 22:11:34.181 +05:30 [INF] Fetching trades for user: "0a478092-7251-4b11-a785-05efbf8ad1f6"
2026-04-29 22:11:34.202 +05:30 [INF] Executed DbCommand (4ms) [Parameters=[@userId='?' (DbType = Guid)], CommandType='"Text"', CommandTimeout='300']
SELECT i."Id", i."CreatedAt", i."Description", i."IsDeleted", i."MaxLot", i."Name", i."Notes", i."SafeLotSize", i."Symbol", i."UpdatedAt", i."UserId", i."VolatilityLevel"
FROM "Instruments" AS i
WHERE NOT (i."IsDeleted") AND i."UserId" = @userId
2026-04-29 22:11:34.255 +05:30 [INF] Executed DbCommand (3ms) [Parameters=[@userId='?' (DbType = Guid)], CommandType='"Text"', CommandTimeout='300']
SELECT t."Id", t."CreatedAt", t."EntryPrice", t."ExitPrice", t."InstrumentId", t."IsDeleted", t."LotSize", t."Notes", t."ProfitLoss", t."Result", t."RiskPercentage", t."RiskRewardRatio", t."StopLoss", t."Tags", t."TakeProfit", t."TradeDate", t."TradeDurationMinutes", t."TradeType", t."TradingAccountId", t."UpdatedAt", t."UserId", i0."Id", i0."CreatedAt", i0."Description", i0."IsDeleted", i0."MaxLot", i0."Name", i0."Notes", i0."SafeLotSize", i0."Symbol", i0."UpdatedAt", i0."UserId", i0."VolatilityLevel"
FROM "Trades" AS t
INNER JOIN (
    SELECT i."Id", i."CreatedAt", i."Description", i."IsDeleted", i."MaxLot", i."Name", i."Notes", i."SafeLotSize", i."Symbol", i."UpdatedAt", i."UserId", i."VolatilityLevel"
    FROM "Instruments" AS i
    WHERE NOT (i."IsDeleted")
) AS i0 ON t."InstrumentId" = i0."Id"
WHERE NOT (t."IsDeleted") AND t."UserId" = @userId
ORDER BY t."TradeDate"
2026-04-29 22:11:34.256 +05:30 [INF] Executing OkObjectResult, writing value of type 'System.Collections.Generic.List`1[[TradingJournal.Application.DTOs.Instruments.InstrumentDto, TradingJournal.Application, Version=1.0.0.0, Culture=neutral, PublicKeyToken=null]]'.
2026-04-29 22:11:34.256 +05:30 [INF] Executed action TradingJournal.API.Controllers.InstrumentsController.GetAll (TradingJournal.API) in 110.8917ms
2026-04-29 22:11:34.256 +05:30 [INF] Executed endpoint 'TradingJournal.API.Controllers.InstrumentsController.GetAll (TradingJournal.API)'
2026-04-29 22:11:34.256 +05:30 [INF] HTTP GET /api/instruments responded 200 in 112.6969 ms
2026-04-29 22:11:34.256 +05:30 [INF] Request finished HTTP/1.1 GET http://localhost:5283/api/instruments - 200 null application/json; charset=utf-8 113.0912ms
2026-04-29 22:11:34.272 +05:30 [INF] Executed DbCommand (2ms) [Parameters=[@userId='?' (DbType = Guid)], CommandType='"Text"', CommandTimeout='300']
SELECT count(*)::int
FROM "Trades" AS t
WHERE NOT (t."IsDeleted") AND t."UserId" = @userId
2026-04-29 22:11:34.352 +05:30 [INF] Executed DbCommand (4ms) [Parameters=[@userId='?' (DbType = Guid), @p2='?' (DbType = Int32), @p='?' (DbType = Int32)], CommandType='"Text"', CommandTimeout='300']
SELECT t0."Id", t0."CreatedAt", t0."EntryPrice", t0."ExitPrice", t0."InstrumentId", t0."IsDeleted", t0."LotSize", t0."Notes", t0."ProfitLoss", t0."Result", t0."RiskPercentage", t0."RiskRewardRatio", t0."StopLoss", t0."Tags", t0."TakeProfit", t0."TradeDate", t0."TradeDurationMinutes", t0."TradeType", t0."TradingAccountId", t0."UpdatedAt", t0."UserId", i0."Id", i0."CreatedAt", i0."Description", i0."IsDeleted", i0."MaxLot", i0."Name", i0."Notes", i0."SafeLotSize", i0."Symbol", i0."UpdatedAt", i0."UserId", i0."VolatilityLevel"
FROM (
    SELECT t."Id", t."CreatedAt", t."EntryPrice", t."ExitPrice", t."InstrumentId", t."IsDeleted", t."LotSize", t."Notes", t."ProfitLoss", t."Result", t."RiskPercentage", t."RiskRewardRatio", t."StopLoss", t."Tags", t."TakeProfit", t."TradeDate", t."TradeDurationMinutes", t."TradeType", t."TradingAccountId", t."UpdatedAt", t."UserId"
    FROM "Trades" AS t
    WHERE NOT (t."IsDeleted") AND t."UserId" = @userId
    ORDER BY t."TradeDate" DESC
    LIMIT @p2 OFFSET @p
) AS t0
INNER JOIN (
    SELECT i."Id", i."CreatedAt", i."Description", i."IsDeleted", i."MaxLot", i."Name", i."Notes", i."SafeLotSize", i."Symbol", i."UpdatedAt", i."UserId", i."VolatilityLevel"
    FROM "Instruments" AS i
    WHERE NOT (i."IsDeleted")
) AS i0 ON t0."InstrumentId" = i0."Id"
ORDER BY t0."TradeDate" DESC
2026-04-29 22:11:34.412 +05:30 [INF] Executed DbCommand (2ms) [Parameters=[@userId='?' (DbType = Guid)], CommandType='"Text"', CommandTimeout='300']
SELECT t."Id", t."Balance", t."Broker", t."CreatedAt", t."Currency", t."DailyDrawdownLimitPct", t."Has5xLotRule", t."IsDefault", t."IsDeleted", t."IsPropFirm", t."MaxAllowedLotSize", t."MaxOverallLossPct", t."MaxRiskPerTradePctOfDailyLimit", t."Name", t."ProfitSplitPct", t."ProfitTargetPct", t."UpdatedAt", t."UseDynamicEquity", t."UserId"
FROM "TradingAccounts" AS t
WHERE NOT (t."IsDeleted") AND t."UserId" = @userId AND NOT (t."IsDeleted")
ORDER BY t."IsDefault" DESC, t."CreatedAt" DESC
2026-04-29 22:11:34.414 +05:30 [INF] Executing OkObjectResult, writing value of type 'TradingJournal.Application.DTOs.Trades.PagedTradesDto'.
2026-04-29 22:11:34.419 +05:30 [INF] Executed action TradingJournal.API.Controllers.TradesController.GetAll (TradingJournal.API) in 254.8794ms
2026-04-29 22:11:34.420 +05:30 [INF] Executed endpoint 'TradingJournal.API.Controllers.TradesController.GetAll (TradingJournal.API)'
2026-04-29 22:11:34.420 +05:30 [INF] HTTP GET /api/trades responded 200 in 274.5018 ms
2026-04-29 22:11:34.420 +05:30 [INF] Request finished HTTP/1.1 GET http://localhost:5283/api/trades?page=1&pageSize=20 - 200 null application/json; charset=utf-8 275.0199ms
2026-04-29 22:11:37.680 +05:30 [INF] Request starting HTTP/1.1 OPTIONS http://localhost:5283/api/dashboard/ai-insights - null null
2026-04-29 22:11:37.680 +05:30 [INF] CORS policy execution successful.
2026-04-29 22:11:37.680 +05:30 [INF] HTTP OPTIONS /api/dashboard/ai-insights responded 204 in 0.1740 ms
2026-04-29 22:11:37.680 +05:30 [INF] Request finished HTTP/1.1 OPTIONS http://localhost:5283/api/dashboard/ai-insights - 204 null null 0.5666ms
2026-04-29 22:11:37.683 +05:30 [INF] Request starting HTTP/1.1 OPTIONS http://localhost:5283/api/dashboard/performance - null null
2026-04-29 22:11:37.683 +05:30 [INF] CORS policy execution successful.
2026-04-29 22:11:37.683 +05:30 [INF] HTTP OPTIONS /api/dashboard/performance responded 204 in 0.2645 ms
2026-04-29 22:11:37.684 +05:30 [INF] Request finished HTTP/1.1 OPTIONS http://localhost:5283/api/dashboard/performance - 204 null null 0.7299ms
2026-04-29 22:11:37.685 +05:30 [INF] Request starting HTTP/1.1 OPTIONS http://localhost:5283/api/dashboard/drawdown - null null
2026-04-29 22:11:37.685 +05:30 [INF] CORS policy execution successful.
2026-04-29 22:11:37.686 +05:30 [INF] HTTP OPTIONS /api/dashboard/drawdown responded 204 in 0.4162 ms
2026-04-29 22:11:37.686 +05:30 [INF] Request finished HTTP/1.1 OPTIONS http://localhost:5283/api/dashboard/drawdown - 204 null null 0.8685ms
2026-04-29 22:11:37.700 +05:30 [INF] Request starting HTTP/1.1 GET http://localhost:5283/api/dashboard/ai-insights - null null
2026-04-29 22:11:37.700 +05:30 [INF] Request starting HTTP/1.1 GET http://localhost:5283/api/dashboard/performance - null null
2026-04-29 22:11:37.700 +05:30 [INF] CORS policy execution successful.
2026-04-29 22:11:37.700 +05:30 [INF] CORS policy execution successful.
2026-04-29 22:11:37.701 +05:30 [INF] Request starting HTTP/1.1 GET http://localhost:5283/api/dashboard/drawdown - null null
2026-04-29 22:11:37.701 +05:30 [INF] Executing endpoint 'TradingJournal.API.Controllers.DashboardController.GetAiInsights (TradingJournal.API)'
2026-04-29 22:11:37.701 +05:30 [INF] CORS policy execution successful.
2026-04-29 22:11:37.701 +05:30 [INF] Executing endpoint 'TradingJournal.API.Controllers.DashboardController.GetPerformance (TradingJournal.API)'
2026-04-29 22:11:37.701 +05:30 [INF] Executing endpoint 'TradingJournal.API.Controllers.DashboardController.GetDrawdown (TradingJournal.API)'
2026-04-29 22:11:37.708 +05:30 [INF] Route matched with {action = "GetDrawdown", controller = "Dashboard"}. Executing controller action with signature System.Threading.Tasks.Task`1[Microsoft.AspNetCore.Mvc.ActionResult`1[TradingJournal.Application.DTOs.Dashboard.DrawdownDto]] GetDrawdown() on controller TradingJournal.API.Controllers.DashboardController (TradingJournal.API).
2026-04-29 22:11:37.708 +05:30 [INF] Route matched with {action = "GetPerformance", controller = "Dashboard"}. Executing controller action with signature System.Threading.Tasks.Task`1[Microsoft.AspNetCore.Mvc.ActionResult`1[TradingJournal.Application.DTOs.Dashboard.PerformanceMetricsDto]] GetPerformance() on controller TradingJournal.API.Controllers.DashboardController (TradingJournal.API).
2026-04-29 22:11:37.708 +05:30 [INF] Route matched with {action = "GetAiInsights", controller = "Dashboard"}. Executing controller action with signature System.Threading.Tasks.Task`1[Microsoft.AspNetCore.Mvc.ActionResult`1[TradingJournal.Application.DTOs.Analytics.AiAnalysisDto]] GetAiInsights() on controller TradingJournal.API.Controllers.DashboardController (TradingJournal.API).
2026-04-29 22:11:37.710 +05:30 [INF] Fetching AI insights for user: "0a478092-7251-4b11-a785-05efbf8ad1f6"
2026-04-29 22:11:37.710 +05:30 [INF] Fetching drawdown for user: "0a478092-7251-4b11-a785-05efbf8ad1f6"
2026-04-29 22:11:37.710 +05:30 [INF] Fetching performance metrics for user: "0a478092-7251-4b11-a785-05efbf8ad1f6"
2026-04-29 22:11:37.781 +05:30 [INF] Executed DbCommand (3ms) [Parameters=[@userId='?' (DbType = Guid)], CommandType='"Text"', CommandTimeout='300']
SELECT t."Id", t."CreatedAt", t."EntryPrice", t."ExitPrice", t."InstrumentId", t."IsDeleted", t."LotSize", t."Notes", t."ProfitLoss", t."Result", t."RiskPercentage", t."RiskRewardRatio", t."StopLoss", t."Tags", t."TakeProfit", t."TradeDate", t."TradeDurationMinutes", t."TradeType", t."TradingAccountId", t."UpdatedAt", t."UserId", i0."Id", i0."CreatedAt", i0."Description", i0."IsDeleted", i0."MaxLot", i0."Name", i0."Notes", i0."SafeLotSize", i0."Symbol", i0."UpdatedAt", i0."UserId", i0."VolatilityLevel"
FROM "Trades" AS t
INNER JOIN (
    SELECT i."Id", i."CreatedAt", i."Description", i."IsDeleted", i."MaxLot", i."Name", i."Notes", i."SafeLotSize", i."Symbol", i."UpdatedAt", i."UserId", i."VolatilityLevel"
    FROM "Instruments" AS i
    WHERE NOT (i."IsDeleted")
) AS i0 ON t."InstrumentId" = i0."Id"
WHERE NOT (t."IsDeleted") AND t."UserId" = @userId
ORDER BY t."TradeDate"
2026-04-29 22:11:37.783 +05:30 [INF] Executed DbCommand (5ms) [Parameters=[@userId='?' (DbType = Guid)], CommandType='"Text"', CommandTimeout='300']
SELECT t."Id", t."CreatedAt", t."EntryPrice", t."ExitPrice", t."InstrumentId", t."IsDeleted", t."LotSize", t."Notes", t."ProfitLoss", t."Result", t."RiskPercentage", t."RiskRewardRatio", t."StopLoss", t."Tags", t."TakeProfit", t."TradeDate", t."TradeDurationMinutes", t."TradeType", t."TradingAccountId", t."UpdatedAt", t."UserId", i0."Id", i0."CreatedAt", i0."Description", i0."IsDeleted", i0."MaxLot", i0."Name", i0."Notes", i0."SafeLotSize", i0."Symbol", i0."UpdatedAt", i0."UserId", i0."VolatilityLevel"
FROM "Trades" AS t
INNER JOIN (
    SELECT i."Id", i."CreatedAt", i."Description", i."IsDeleted", i."MaxLot", i."Name", i."Notes", i."SafeLotSize", i."Symbol", i."UpdatedAt", i."UserId", i."VolatilityLevel"
    FROM "Instruments" AS i
    WHERE NOT (i."IsDeleted")
) AS i0 ON t."InstrumentId" = i0."Id"
WHERE NOT (t."IsDeleted") AND t."UserId" = @userId
ORDER BY t."TradeDate"
2026-04-29 22:11:37.790 +05:30 [INF] Executed DbCommand (6ms) [Parameters=[@userId='?' (DbType = Guid)], CommandType='"Text"', CommandTimeout='300']
SELECT t."Id", t."CreatedAt", t."EntryPrice", t."ExitPrice", t."InstrumentId", t."IsDeleted", t."LotSize", t."Notes", t."ProfitLoss", t."Result", t."RiskPercentage", t."RiskRewardRatio", t."StopLoss", t."Tags", t."TakeProfit", t."TradeDate", t."TradeDurationMinutes", t."TradeType", t."TradingAccountId", t."UpdatedAt", t."UserId", i0."Id", i0."CreatedAt", i0."Description", i0."IsDeleted", i0."MaxLot", i0."Name", i0."Notes", i0."SafeLotSize", i0."Symbol", i0."UpdatedAt", i0."UserId", i0."VolatilityLevel"
FROM "Trades" AS t
INNER JOIN (
    SELECT i."Id", i."CreatedAt", i."Description", i."IsDeleted", i."MaxLot", i."Name", i."Notes", i."SafeLotSize", i."Symbol", i."UpdatedAt", i."UserId", i."VolatilityLevel"
    FROM "Instruments" AS i
    WHERE NOT (i."IsDeleted")
) AS i0 ON t."InstrumentId" = i0."Id"
WHERE NOT (t."IsDeleted") AND t."UserId" = @userId
ORDER BY t."TradeDate"
2026-04-29 22:11:37.796 +05:30 [INF] Executing OkObjectResult, writing value of type 'TradingJournal.Application.DTOs.Dashboard.PerformanceMetricsDto'.
2026-04-29 22:11:37.801 +05:30 [INF] Executed action TradingJournal.API.Controllers.DashboardController.GetPerformance (TradingJournal.API) in 92.4147ms
2026-04-29 22:11:37.801 +05:30 [INF] Executed endpoint 'TradingJournal.API.Controllers.DashboardController.GetPerformance (TradingJournal.API)'
2026-04-29 22:11:37.801 +05:30 [INF] HTTP GET /api/dashboard/performance responded 200 in 101.2402 ms
2026-04-29 22:11:37.802 +05:30 [INF] Request finished HTTP/1.1 GET http://localhost:5283/api/dashboard/performance - 200 null application/json; charset=utf-8 101.7473ms
2026-04-29 22:11:37.841 +05:30 [INF] Executed DbCommand (2ms) [Parameters=[@userId='?' (DbType = Guid)], CommandType='"Text"', CommandTimeout='300']
SELECT t."Id", t."Balance", t."Broker", t."CreatedAt", t."Currency", t."DailyDrawdownLimitPct", t."Has5xLotRule", t."IsDefault", t."IsDeleted", t."IsPropFirm", t."MaxAllowedLotSize", t."MaxOverallLossPct", t."MaxRiskPerTradePctOfDailyLimit", t."Name", t."ProfitSplitPct", t."ProfitTargetPct", t."UpdatedAt", t."UseDynamicEquity", t."UserId"
FROM "TradingAccounts" AS t
WHERE NOT (t."IsDeleted") AND t."UserId" = @userId AND t."IsDefault" AND NOT (t."IsDeleted")
LIMIT 1
2026-04-29 22:11:37.843 +05:30 [INF] Executed DbCommand (2ms) [Parameters=[@userId='?' (DbType = Guid)], CommandType='"Text"', CommandTimeout='300']
SELECT i."Id", i."CreatedAt", i."Description", i."IsDeleted", i."MaxLot", i."Name", i."Notes", i."SafeLotSize", i."Symbol", i."UpdatedAt", i."UserId", i."VolatilityLevel"
FROM "Instruments" AS i
WHERE NOT (i."IsDeleted") AND i."UserId" = @userId
2026-04-29 22:11:37.845 +05:30 [INF] Executing OkObjectResult, writing value of type 'TradingJournal.Application.DTOs.Analytics.AiAnalysisDto'.
2026-04-29 22:11:37.851 +05:30 [INF] Executed action TradingJournal.API.Controllers.DashboardController.GetAiInsights (TradingJournal.API) in 142.7558ms
2026-04-29 22:11:37.852 +05:30 [INF] Executed endpoint 'TradingJournal.API.Controllers.DashboardController.GetAiInsights (TradingJournal.API)'
2026-04-29 22:11:37.852 +05:30 [INF] HTTP GET /api/dashboard/ai-insights responded 200 in 151.8240 ms
2026-04-29 22:11:37.852 +05:30 [INF] Request finished HTTP/1.1 GET http://localhost:5283/api/dashboard/ai-insights - 200 null application/json; charset=utf-8 152.1801ms
2026-04-29 22:11:37.891 +05:30 [INF] Executed DbCommand (2ms) [Parameters=[@userId='?' (DbType = Guid)], CommandType='"Text"', CommandTimeout='300']
SELECT t."Id", t."Balance", t."Broker", t."CreatedAt", t."Currency", t."DailyDrawdownLimitPct", t."Has5xLotRule", t."IsDefault", t."IsDeleted", t."IsPropFirm", t."MaxAllowedLotSize", t."MaxOverallLossPct", t."MaxRiskPerTradePctOfDailyLimit", t."Name", t."ProfitSplitPct", t."ProfitTargetPct", t."UpdatedAt", t."UseDynamicEquity", t."UserId"
FROM "TradingAccounts" AS t
WHERE NOT (t."IsDeleted") AND t."UserId" = @userId AND NOT (t."IsDeleted")
ORDER BY t."CreatedAt" DESC
LIMIT 1
2026-04-29 22:11:37.936 +05:30 [INF] Executed DbCommand (2ms) [Parameters=[@userId='?' (DbType = Guid)], CommandType='"Text"', CommandTimeout='300']
SELECT a."Id", a."CreatedAt", a."DailyLossLimit", a."Email", a."EmailAlertEnabled", a."IsActive", a."IsDeleted", a."MaxDrawdownPercent", a."MaxTradesPerDay", a."UpdatedAt", a."UserId"
FROM "Alerts" AS a
WHERE a."UserId" = @userId
LIMIT 1
2026-04-29 22:11:37.937 +05:30 [INF] Executing OkObjectResult, writing value of type 'TradingJournal.Application.DTOs.Dashboard.DrawdownDto'.
2026-04-29 22:11:37.940 +05:30 [INF] Executed action TradingJournal.API.Controllers.DashboardController.GetDrawdown (TradingJournal.API) in 231.488ms
2026-04-29 22:11:37.940 +05:30 [INF] Executed endpoint 'TradingJournal.API.Controllers.DashboardController.GetDrawdown (TradingJournal.API)'
2026-04-29 22:11:37.940 +05:30 [INF] HTTP GET /api/dashboard/drawdown responded 200 in 239.4475 ms
2026-04-29 22:11:37.940 +05:30 [INF] Request finished HTTP/1.1 GET http://localhost:5283/api/dashboard/drawdown - 200 null application/json; charset=utf-8 239.6771ms
2026-04-29 22:11:43.384 +05:30 [INF] Request starting HTTP/1.1 OPTIONS http://localhost:5283/api/dashboard/calendar?year=2026&month=4 - null null
2026-04-29 22:11:43.384 +05:30 [INF] CORS policy execution successful.
2026-04-29 22:11:43.384 +05:30 [INF] HTTP OPTIONS /api/dashboard/calendar responded 204 in 0.3511 ms
2026-04-29 22:11:43.385 +05:30 [INF] Request finished HTTP/1.1 OPTIONS http://localhost:5283/api/dashboard/calendar?year=2026&month=4 - 204 null null 0.806ms
2026-04-29 22:11:43.388 +05:30 [INF] Request starting HTTP/1.1 GET http://localhost:5283/api/dashboard/calendar?year=2026&month=4 - null null
2026-04-29 22:11:43.388 +05:30 [INF] CORS policy execution successful.
2026-04-29 22:11:43.389 +05:30 [INF] Executing endpoint 'TradingJournal.API.Controllers.DashboardController.GetCalendar (TradingJournal.API)'
2026-04-29 22:11:43.397 +05:30 [INF] Route matched with {action = "GetCalendar", controller = "Dashboard"}. Executing controller action with signature System.Threading.Tasks.Task`1[Microsoft.AspNetCore.Mvc.ActionResult`1[System.Collections.Generic.List`1[TradingJournal.Application.DTOs.Dashboard.CalendarDayDto]]] GetCalendar(Int32, Int32) on controller TradingJournal.API.Controllers.DashboardController (TradingJournal.API).
2026-04-29 22:11:43.401 +05:30 [INF] Fetching calendar data for user: "0a478092-7251-4b11-a785-05efbf8ad1f6", Year: 2026, Month: 4
2026-04-29 22:11:43.470 +05:30 [ERR] Failed executing DbCommand (5ms) [Parameters=[@userId='?' (DbType = Guid), @from='?' (DbType = DateTime), @to='?' (DbType = DateTime)], CommandType='"Text"', CommandTimeout='300']
SELECT t."Id", t."CreatedAt", t."EntryPrice", t."ExitPrice", t."InstrumentId", t."IsDeleted", t."LotSize", t."Notes", t."ProfitLoss", t."Result", t."RiskPercentage", t."RiskRewardRatio", t."StopLoss", t."Tags", t."TakeProfit", t."TradeDate", t."TradeDurationMinutes", t."TradeType", t."TradingAccountId", t."UpdatedAt", t."UserId", i0."Id", i0."CreatedAt", i0."Description", i0."IsDeleted", i0."MaxLot", i0."Name", i0."Notes", i0."SafeLotSize", i0."Symbol", i0."UpdatedAt", i0."UserId", i0."VolatilityLevel"
FROM "Trades" AS t
INNER JOIN (
    SELECT i."Id", i."CreatedAt", i."Description", i."IsDeleted", i."MaxLot", i."Name", i."Notes", i."SafeLotSize", i."Symbol", i."UpdatedAt", i."UserId", i."VolatilityLevel"
    FROM "Instruments" AS i
    WHERE NOT (i."IsDeleted")
) AS i0 ON t."InstrumentId" = i0."Id"
WHERE NOT (t."IsDeleted") AND t."UserId" = @userId AND t."TradeDate" >= @from AND t."TradeDate" <= @to
ORDER BY t."TradeDate"
2026-04-29 22:11:43.504 +05:30 [ERR] An exception occurred while iterating over the results of a query for context type 'TradingJournal.Infrastructure.Data.ApplicationDbContext'.
System.ArgumentException: Cannot write DateTime with Kind=Unspecified to PostgreSQL type 'timestamp with time zone', only UTC is supported. Note that it's not possible to mix DateTimes with different Kinds in an array, range, or multirange. (Parameter 'value')
   at Npgsql.Internal.Converters.DateTimeConverterResolver`1.Get(DateTime value, Nullable`1 expectedPgTypeId, Boolean validateOnly)
   at Npgsql.Internal.Converters.DateTimeConverterResolver.<>c.<CreateResolver>b__0_0(DateTimeConverterResolver`1 resolver, DateTime value, Nullable`1 expectedPgTypeId)
   at Npgsql.Internal.Converters.DateTimeConverterResolver`1.Get(T value, Nullable`1 expectedPgTypeId)
   at Npgsql.Internal.PgConverterResolver`1.GetAsObjectInternal(PgTypeInfo typeInfo, Object value, Nullable`1 expectedPgTypeId)
   at Npgsql.Internal.PgResolverTypeInfo.GetResolutionAsObject(Object value, Nullable`1 expectedPgTypeId)
   at Npgsql.Internal.PgTypeInfo.GetObjectResolution(Object value)
   at Npgsql.NpgsqlParameter.ResolveConverter(PgTypeInfo typeInfo)
   at Npgsql.NpgsqlParameter.ResolveTypeInfo(PgSerializerOptions options, IDbTypeResolver dbTypeResolver)
   at Npgsql.NpgsqlParameterCollection.ProcessParameters(ReloadableState reloadableState, Boolean validateValues, CommandType commandType)
   at Npgsql.NpgsqlCommand.ExecuteReader(Boolean async, CommandBehavior behavior, CancellationToken cancellationToken)
   at Npgsql.NpgsqlCommand.ExecuteReader(Boolean async, CommandBehavior behavior, CancellationToken cancellationToken)
   at Npgsql.NpgsqlCommand.ExecuteDbDataReaderAsync(CommandBehavior behavior, CancellationToken cancellationToken)
   at Microsoft.EntityFrameworkCore.Storage.RelationalCommand.ExecuteReaderAsync(RelationalCommandParameterObject parameterObject, CancellationToken cancellationToken)
   at Microsoft.EntityFrameworkCore.Storage.RelationalCommand.ExecuteReaderAsync(RelationalCommandParameterObject parameterObject, CancellationToken cancellationToken)
   at Microsoft.EntityFrameworkCore.Query.Internal.SingleQueryingEnumerable`1.AsyncEnumerator.InitializeReaderAsync(AsyncEnumerator enumerator, CancellationToken cancellationToken)
   at Npgsql.EntityFrameworkCore.PostgreSQL.Storage.Internal.NpgsqlExecutionStrategy.ExecuteAsync[TState,TResult](TState state, Func`4 operation, Func`4 verifySucceeded, CancellationToken cancellationToken)
   at Microsoft.EntityFrameworkCore.Query.Internal.SingleQueryingEnumerable`1.AsyncEnumerator.MoveNextAsync()
System.ArgumentException: Cannot write DateTime with Kind=Unspecified to PostgreSQL type 'timestamp with time zone', only UTC is supported. Note that it's not possible to mix DateTimes with different Kinds in an array, range, or multirange. (Parameter 'value')
   at Npgsql.Internal.Converters.DateTimeConverterResolver`1.Get(DateTime value, Nullable`1 expectedPgTypeId, Boolean validateOnly)
   at Npgsql.Internal.Converters.DateTimeConverterResolver.<>c.<CreateResolver>b__0_0(DateTimeConverterResolver`1 resolver, DateTime value, Nullable`1 expectedPgTypeId)
   at Npgsql.Internal.Converters.DateTimeConverterResolver`1.Get(T value, Nullable`1 expectedPgTypeId)
   at Npgsql.Internal.PgConverterResolver`1.GetAsObjectInternal(PgTypeInfo typeInfo, Object value, Nullable`1 expectedPgTypeId)
   at Npgsql.Internal.PgResolverTypeInfo.GetResolutionAsObject(Object value, Nullable`1 expectedPgTypeId)
   at Npgsql.Internal.PgTypeInfo.GetObjectResolution(Object value)
   at Npgsql.NpgsqlParameter.ResolveConverter(PgTypeInfo typeInfo)
   at Npgsql.NpgsqlParameter.ResolveTypeInfo(PgSerializerOptions options, IDbTypeResolver dbTypeResolver)
   at Npgsql.NpgsqlParameterCollection.ProcessParameters(ReloadableState reloadableState, Boolean validateValues, CommandType commandType)
   at Npgsql.NpgsqlCommand.ExecuteReader(Boolean async, CommandBehavior behavior, CancellationToken cancellationToken)
   at Npgsql.NpgsqlCommand.ExecuteReader(Boolean async, CommandBehavior behavior, CancellationToken cancellationToken)
   at Npgsql.NpgsqlCommand.ExecuteDbDataReaderAsync(CommandBehavior behavior, CancellationToken cancellationToken)
   at Microsoft.EntityFrameworkCore.Storage.RelationalCommand.ExecuteReaderAsync(RelationalCommandParameterObject parameterObject, CancellationToken cancellationToken)
   at Microsoft.EntityFrameworkCore.Storage.RelationalCommand.ExecuteReaderAsync(RelationalCommandParameterObject parameterObject, CancellationToken cancellationToken)
   at Microsoft.EntityFrameworkCore.Query.Internal.SingleQueryingEnumerable`1.AsyncEnumerator.InitializeReaderAsync(AsyncEnumerator enumerator, CancellationToken cancellationToken)
   at Npgsql.EntityFrameworkCore.PostgreSQL.Storage.Internal.NpgsqlExecutionStrategy.ExecuteAsync[TState,TResult](TState state, Func`4 operation, Func`4 verifySucceeded, CancellationToken cancellationToken)
   at Microsoft.EntityFrameworkCore.Query.Internal.SingleQueryingEnumerable`1.AsyncEnumerator.MoveNextAsync()
2026-04-29 22:11:43.506 +05:30 [ERR] Error fetching calendar data for user: "0a478092-7251-4b11-a785-05efbf8ad1f6"
System.ArgumentException: Cannot write DateTime with Kind=Unspecified to PostgreSQL type 'timestamp with time zone', only UTC is supported. Note that it's not possible to mix DateTimes with different Kinds in an array, range, or multirange. (Parameter 'value')
   at Npgsql.Internal.Converters.DateTimeConverterResolver`1.Get(DateTime value, Nullable`1 expectedPgTypeId, Boolean validateOnly)
   at Npgsql.Internal.Converters.DateTimeConverterResolver.<>c.<CreateResolver>b__0_0(DateTimeConverterResolver`1 resolver, DateTime value, Nullable`1 expectedPgTypeId)
   at Npgsql.Internal.Converters.DateTimeConverterResolver`1.Get(T value, Nullable`1 expectedPgTypeId)
   at Npgsql.Internal.PgConverterResolver`1.GetAsObjectInternal(PgTypeInfo typeInfo, Object value, Nullable`1 expectedPgTypeId)
   at Npgsql.Internal.PgResolverTypeInfo.GetResolutionAsObject(Object value, Nullable`1 expectedPgTypeId)
   at Npgsql.Internal.PgTypeInfo.GetObjectResolution(Object value)
   at Npgsql.NpgsqlParameter.ResolveConverter(PgTypeInfo typeInfo)
   at Npgsql.NpgsqlParameter.ResolveTypeInfo(PgSerializerOptions options, IDbTypeResolver dbTypeResolver)
   at Npgsql.NpgsqlParameterCollection.ProcessParameters(ReloadableState reloadableState, Boolean validateValues, CommandType commandType)
   at Npgsql.NpgsqlCommand.ExecuteReader(Boolean async, CommandBehavior behavior, CancellationToken cancellationToken)
   at Npgsql.NpgsqlCommand.ExecuteReader(Boolean async, CommandBehavior behavior, CancellationToken cancellationToken)
   at Npgsql.NpgsqlCommand.ExecuteDbDataReaderAsync(CommandBehavior behavior, CancellationToken cancellationToken)
   at Microsoft.EntityFrameworkCore.Storage.RelationalCommand.ExecuteReaderAsync(RelationalCommandParameterObject parameterObject, CancellationToken cancellationToken)
   at Microsoft.EntityFrameworkCore.Storage.RelationalCommand.ExecuteReaderAsync(RelationalCommandParameterObject parameterObject, CancellationToken cancellationToken)
   at Microsoft.EntityFrameworkCore.Query.Internal.SingleQueryingEnumerable`1.AsyncEnumerator.InitializeReaderAsync(AsyncEnumerator enumerator, CancellationToken cancellationToken)
   at Npgsql.EntityFrameworkCore.PostgreSQL.Storage.Internal.NpgsqlExecutionStrategy.ExecuteAsync[TState,TResult](TState state, Func`4 operation, Func`4 verifySucceeded, CancellationToken cancellationToken)
   at Microsoft.EntityFrameworkCore.Query.Internal.SingleQueryingEnumerable`1.AsyncEnumerator.MoveNextAsync()
   at Microsoft.EntityFrameworkCore.EntityFrameworkQueryableExtensions.ToListAsync[TSource](IQueryable`1 source, CancellationToken cancellationToken)
   at Microsoft.EntityFrameworkCore.EntityFrameworkQueryableExtensions.ToListAsync[TSource](IQueryable`1 source, CancellationToken cancellationToken)
   at TradingJournal.Infrastructure.Repositories.TradeRepository.GetByDateRangeAsync(Guid userId, DateTime from, DateTime to) in D:\Mitesh\StockMarket\TradingJournalApp\TradingJournal.Infrastructure\Repositories\Repositories.cs:line 110
   at TradingJournal.Application.Services.DashboardService.GetCalendarDataAsync(Guid userId, Int32 year, Int32 month) in D:\Mitesh\StockMarket\TradingJournalApp\TradingJournal.Application\Services\DashboardService.cs:line 118
   at TradingJournal.API.Controllers.DashboardController.GetCalendar(Int32 year, Int32 month) in D:\Mitesh\StockMarket\TradingJournalApp\TradingJournal.API\Controllers\DashboardController.cs:line 53
2026-04-29 22:11:43.516 +05:30 [INF] Executing ObjectResult, writing value of type '<>f__AnonymousType0`1[[System.String, System.Private.CoreLib, Version=10.0.0.0, Culture=neutral, PublicKeyToken=7cec85d7bea7798e]]'.
2026-04-29 22:11:43.521 +05:30 [INF] Executed action TradingJournal.API.Controllers.DashboardController.GetCalendar (TradingJournal.API) in 123.1015ms
2026-04-29 22:11:43.521 +05:30 [INF] Executed endpoint 'TradingJournal.API.Controllers.DashboardController.GetCalendar (TradingJournal.API)'
2026-04-29 22:11:43.521 +05:30 [ERR] HTTP GET /api/dashboard/calendar responded 500 in 132.6831 ms
2026-04-29 22:11:43.521 +05:30 [INF] Request finished HTTP/1.1 GET http://localhost:5283/api/dashboard/calendar?year=2026&month=4 - 500 null application/json; charset=utf-8 133.2205ms
2026-04-29 22:11:48.051 +05:30 [INF] Request starting HTTP/1.1 OPTIONS http://localhost:5283/api/notes?page=1&pageSize=12 - null null
2026-04-29 22:11:48.051 +05:30 [INF] CORS policy execution successful.
2026-04-29 22:11:48.051 +05:30 [INF] HTTP OPTIONS /api/notes responded 204 in 0.1795 ms
2026-04-29 22:11:48.051 +05:30 [INF] Request finished HTTP/1.1 OPTIONS http://localhost:5283/api/notes?page=1&pageSize=12 - 204 null null 0.673ms
2026-04-29 22:11:48.054 +05:30 [INF] Request starting HTTP/1.1 GET http://localhost:5283/api/notes?page=1&pageSize=12 - null null
2026-04-29 22:11:48.055 +05:30 [INF] CORS policy execution successful.
2026-04-29 22:11:48.055 +05:30 [INF] Executing endpoint 'TradingJournal.API.Controllers.NotesController.GetAll (TradingJournal.API)'
2026-04-29 22:11:48.063 +05:30 [INF] Route matched with {action = "GetAll", controller = "Notes"}. Executing controller action with signature System.Threading.Tasks.Task`1[Microsoft.AspNetCore.Mvc.ActionResult`1[TradingJournal.Application.DTOs.Notes.PagedNotesDto]] GetAll(TradingJournal.Application.DTOs.Notes.NoteFilterDto) on controller TradingJournal.API.Controllers.NotesController (TradingJournal.API).
2026-04-29 22:11:48.067 +05:30 [INF] Fetching notes for user: "0a478092-7251-4b11-a785-05efbf8ad1f6"
2026-04-29 22:11:48.122 +05:30 [INF] Executed DbCommand (4ms) [Parameters=[@userId='?' (DbType = Guid)], CommandType='"Text"', CommandTimeout='300']
SELECT count(*)::int
FROM "Notes" AS n
WHERE NOT (n."IsDeleted") AND n."UserId" = @userId
2026-04-29 22:11:48.188 +05:30 [INF] Executed DbCommand (3ms) [Parameters=[@userId='?' (DbType = Guid), @p2='?' (DbType = Int32), @p='?' (DbType = Int32)], CommandType='"Text"', CommandTimeout='300']
SELECT n."Id", n."Content", n."CreatedAt", n."IsDeleted", n."IsPinned", n."Tags", n."Title", n."UpdatedAt", n."UserId"
FROM "Notes" AS n
WHERE NOT (n."IsDeleted") AND n."UserId" = @userId
ORDER BY n."IsPinned" DESC, n."CreatedAt" DESC
LIMIT @p2 OFFSET @p
2026-04-29 22:11:48.206 +05:30 [INF] Executing OkObjectResult, writing value of type 'TradingJournal.Application.DTOs.Notes.PagedNotesDto'.
2026-04-29 22:11:48.210 +05:30 [INF] Executed action TradingJournal.API.Controllers.NotesController.GetAll (TradingJournal.API) in 146.5608ms
2026-04-29 22:11:48.210 +05:30 [INF] Executed endpoint 'TradingJournal.API.Controllers.NotesController.GetAll (TradingJournal.API)'
2026-04-29 22:11:48.210 +05:30 [INF] HTTP GET /api/notes responded 200 in 155.3310 ms
2026-04-29 22:11:48.210 +05:30 [INF] Request finished HTTP/1.1 GET http://localhost:5283/api/notes?page=1&pageSize=12 - 200 null application/json; charset=utf-8 155.7547ms
2026-04-29 22:11:50.795 +05:30 [INF] Request starting HTTP/1.1 OPTIONS http://localhost:5283/api/instruments - null null
2026-04-29 22:11:50.795 +05:30 [INF] CORS policy execution successful.
2026-04-29 22:11:50.795 +05:30 [INF] HTTP OPTIONS /api/instruments responded 204 in 0.3679 ms
2026-04-29 22:11:50.796 +05:30 [INF] Request starting HTTP/1.1 OPTIONS http://localhost:5283/api/accounts - null null
2026-04-29 22:11:50.796 +05:30 [INF] Request finished HTTP/1.1 OPTIONS http://localhost:5283/api/instruments - 204 null null 0.9468ms
2026-04-29 22:11:50.796 +05:30 [INF] CORS policy execution successful.
2026-04-29 22:11:50.796 +05:30 [INF] HTTP OPTIONS /api/accounts responded 204 in 0.2467 ms
2026-04-29 22:11:50.796 +05:30 [INF] Request finished HTTP/1.1 OPTIONS http://localhost:5283/api/accounts - 204 null null 0.6932ms
2026-04-29 22:11:50.800 +05:30 [INF] Request starting HTTP/1.1 GET http://localhost:5283/api/accounts - null null
2026-04-29 22:11:50.800 +05:30 [INF] Request starting HTTP/1.1 GET http://localhost:5283/api/instruments - null null
2026-04-29 22:11:50.801 +05:30 [INF] CORS policy execution successful.
2026-04-29 22:11:50.801 +05:30 [INF] CORS policy execution successful.
2026-04-29 22:11:50.801 +05:30 [INF] Executing endpoint 'TradingJournal.API.Controllers.InstrumentsController.GetAll (TradingJournal.API)'
2026-04-29 22:11:50.802 +05:30 [INF] Executing endpoint 'TradingJournal.API.Controllers.TradingAccountController.GetAccounts (TradingJournal.API)'
2026-04-29 22:11:50.802 +05:30 [INF] Route matched with {action = "GetAll", controller = "Instruments"}. Executing controller action with signature System.Threading.Tasks.Task`1[Microsoft.AspNetCore.Mvc.ActionResult`1[System.Collections.Generic.List`1[TradingJournal.Application.DTOs.Instruments.InstrumentDto]]] GetAll() on controller TradingJournal.API.Controllers.InstrumentsController (TradingJournal.API).
2026-04-29 22:11:50.802 +05:30 [INF] Fetching all instruments for user: "0a478092-7251-4b11-a785-05efbf8ad1f6"
2026-04-29 22:11:50.810 +05:30 [INF] Route matched with {action = "GetAccounts", controller = "TradingAccount"}. Executing controller action with signature System.Threading.Tasks.Task`1[Microsoft.AspNetCore.Mvc.ActionResult`1[System.Collections.Generic.List`1[TradingJournal.Application.DTOs.Accounts.TradingAccountDto]]] GetAccounts(System.Nullable`1[System.Guid]) on controller TradingJournal.API.Controllers.TradingAccountController (TradingJournal.API).
2026-04-29 22:11:50.813 +05:30 [INF] Getting trading accounts for user "0a478092-7251-4b11-a785-05efbf8ad1f6"
2026-04-29 22:11:50.866 +05:30 [INF] Executed DbCommand (4ms) [Parameters=[@userId='?' (DbType = Guid)], CommandType='"Text"', CommandTimeout='300']
SELECT i."Id", i."CreatedAt", i."Description", i."IsDeleted", i."MaxLot", i."Name", i."Notes", i."SafeLotSize", i."Symbol", i."UpdatedAt", i."UserId", i."VolatilityLevel"
FROM "Instruments" AS i
WHERE NOT (i."IsDeleted") AND i."UserId" = @userId
2026-04-29 22:11:50.890 +05:30 [INF] Executed DbCommand (3ms) [Parameters=[@userId='?' (DbType = Guid)], CommandType='"Text"', CommandTimeout='300']
SELECT t."Id", t."Balance", t."Broker", t."CreatedAt", t."Currency", t."DailyDrawdownLimitPct", t."Has5xLotRule", t."IsDefault", t."IsDeleted", t."IsPropFirm", t."MaxAllowedLotSize", t."MaxOverallLossPct", t."MaxRiskPerTradePctOfDailyLimit", t."Name", t."ProfitSplitPct", t."ProfitTargetPct", t."UpdatedAt", t."UseDynamicEquity", t."UserId"
FROM "TradingAccounts" AS t
WHERE NOT (t."IsDeleted") AND t."UserId" = @userId AND NOT (t."IsDeleted")
ORDER BY t."IsDefault" DESC, t."CreatedAt" DESC
2026-04-29 22:11:50.892 +05:30 [INF] Executing OkObjectResult, writing value of type 'System.Collections.Generic.List`1[[TradingJournal.Application.DTOs.Accounts.TradingAccountDto, TradingJournal.Application, Version=1.0.0.0, Culture=neutral, PublicKeyToken=null]]'.
2026-04-29 22:11:50.894 +05:30 [INF] Executed action TradingJournal.API.Controllers.TradingAccountController.GetAccounts (TradingJournal.API) in 83.797ms
2026-04-29 22:11:50.894 +05:30 [INF] Executed endpoint 'TradingJournal.API.Controllers.TradingAccountController.GetAccounts (TradingJournal.API)'
2026-04-29 22:11:50.894 +05:30 [INF] HTTP GET /api/accounts responded 200 in 93.2074 ms
2026-04-29 22:11:50.894 +05:30 [INF] Request finished HTTP/1.1 GET http://localhost:5283/api/accounts - 200 null application/json; charset=utf-8 94.2915ms
2026-04-29 22:11:50.936 +05:30 [INF] Executed DbCommand (4ms) [Parameters=[@userId='?' (DbType = Guid)], CommandType='"Text"', CommandTimeout='300']
SELECT t."Id", t."CreatedAt", t."EntryPrice", t."ExitPrice", t."InstrumentId", t."IsDeleted", t."LotSize", t."Notes", t."ProfitLoss", t."Result", t."RiskPercentage", t."RiskRewardRatio", t."StopLoss", t."Tags", t."TakeProfit", t."TradeDate", t."TradeDurationMinutes", t."TradeType", t."TradingAccountId", t."UpdatedAt", t."UserId", i0."Id", i0."CreatedAt", i0."Description", i0."IsDeleted", i0."MaxLot", i0."Name", i0."Notes", i0."SafeLotSize", i0."Symbol", i0."UpdatedAt", i0."UserId", i0."VolatilityLevel"
FROM "Trades" AS t
INNER JOIN (
    SELECT i."Id", i."CreatedAt", i."Description", i."IsDeleted", i."MaxLot", i."Name", i."Notes", i."SafeLotSize", i."Symbol", i."UpdatedAt", i."UserId", i."VolatilityLevel"
    FROM "Instruments" AS i
    WHERE NOT (i."IsDeleted")
) AS i0 ON t."InstrumentId" = i0."Id"
WHERE NOT (t."IsDeleted") AND t."UserId" = @userId
ORDER BY t."TradeDate"
2026-04-29 22:11:50.937 +05:30 [INF] Executing OkObjectResult, writing value of type 'System.Collections.Generic.List`1[[TradingJournal.Application.DTOs.Instruments.InstrumentDto, TradingJournal.Application, Version=1.0.0.0, Culture=neutral, PublicKeyToken=null]]'.
2026-04-29 22:11:50.937 +05:30 [INF] Executed action TradingJournal.API.Controllers.InstrumentsController.GetAll (TradingJournal.API) in 135.2367ms
2026-04-29 22:11:50.937 +05:30 [INF] Executed endpoint 'TradingJournal.API.Controllers.InstrumentsController.GetAll (TradingJournal.API)'
2026-04-29 22:11:50.937 +05:30 [INF] HTTP GET /api/instruments responded 200 in 136.7292 ms
2026-04-29 22:11:50.938 +05:30 [INF] Request finished HTTP/1.1 GET http://localhost:5283/api/instruments - 200 null application/json; charset=utf-8 137.2297ms
2026-04-29 22:12:09.258 +05:30 [INF] Request starting HTTP/1.1 OPTIONS http://localhost:5283/api/accounts - null null
2026-04-29 22:12:09.259 +05:30 [INF] CORS policy execution successful.
2026-04-29 22:12:09.259 +05:30 [INF] HTTP OPTIONS /api/accounts responded 204 in 0.2021 ms
2026-04-29 22:12:09.259 +05:30 [INF] Request finished HTTP/1.1 OPTIONS http://localhost:5283/api/accounts - 204 null null 0.6448ms
2026-04-29 22:12:09.264 +05:30 [INF] Request starting HTTP/1.1 GET http://localhost:5283/api/accounts - null null
2026-04-29 22:12:09.265 +05:30 [INF] CORS policy execution successful.
2026-04-29 22:12:09.267 +05:30 [INF] Executing endpoint 'TradingJournal.API.Controllers.TradingAccountController.GetAccounts (TradingJournal.API)'
2026-04-29 22:12:09.267 +05:30 [INF] Route matched with {action = "GetAccounts", controller = "TradingAccount"}. Executing controller action with signature System.Threading.Tasks.Task`1[Microsoft.AspNetCore.Mvc.ActionResult`1[System.Collections.Generic.List`1[TradingJournal.Application.DTOs.Accounts.TradingAccountDto]]] GetAccounts(System.Nullable`1[System.Guid]) on controller TradingJournal.API.Controllers.TradingAccountController (TradingJournal.API).
2026-04-29 22:12:09.267 +05:30 [INF] Getting trading accounts for user "0a478092-7251-4b11-a785-05efbf8ad1f6"
2026-04-29 22:12:09.319 +05:30 [INF] Executed DbCommand (2ms) [Parameters=[@userId='?' (DbType = Guid)], CommandType='"Text"', CommandTimeout='300']
SELECT t."Id", t."Balance", t."Broker", t."CreatedAt", t."Currency", t."DailyDrawdownLimitPct", t."Has5xLotRule", t."IsDefault", t."IsDeleted", t."IsPropFirm", t."MaxAllowedLotSize", t."MaxOverallLossPct", t."MaxRiskPerTradePctOfDailyLimit", t."Name", t."ProfitSplitPct", t."ProfitTargetPct", t."UpdatedAt", t."UseDynamicEquity", t."UserId"
FROM "TradingAccounts" AS t
WHERE NOT (t."IsDeleted") AND t."UserId" = @userId AND NOT (t."IsDeleted")
ORDER BY t."IsDefault" DESC, t."CreatedAt" DESC
2026-04-29 22:12:09.320 +05:30 [INF] Executing OkObjectResult, writing value of type 'System.Collections.Generic.List`1[[TradingJournal.Application.DTOs.Accounts.TradingAccountDto, TradingJournal.Application, Version=1.0.0.0, Culture=neutral, PublicKeyToken=null]]'.
2026-04-29 22:12:09.320 +05:30 [INF] Executed action TradingJournal.API.Controllers.TradingAccountController.GetAccounts (TradingJournal.API) in 53.3637ms
2026-04-29 22:12:09.320 +05:30 [INF] Executed endpoint 'TradingJournal.API.Controllers.TradingAccountController.GetAccounts (TradingJournal.API)'
2026-04-29 22:12:09.320 +05:30 [INF] HTTP GET /api/accounts responded 200 in 55.7646 ms
2026-04-29 22:12:09.321 +05:30 [INF] Request finished HTTP/1.1 GET http://localhost:5283/api/accounts - 200 null application/json; charset=utf-8 56.1989ms
2026-04-29 22:12:13.340 +05:30 [INF] Request starting HTTP/1.1 OPTIONS http://localhost:5283/api/dashboard/summary - null null
2026-04-29 22:12:13.340 +05:30 [INF] CORS policy execution successful.
2026-04-29 22:12:13.341 +05:30 [INF] HTTP OPTIONS /api/dashboard/summary responded 204 in 0.3067 ms
2026-04-29 22:12:13.341 +05:30 [INF] Request finished HTTP/1.1 OPTIONS http://localhost:5283/api/dashboard/summary - 204 null null 0.7622ms
2026-04-29 22:12:13.350 +05:30 [INF] Request starting HTTP/1.1 GET http://localhost:5283/api/dashboard/summary - null null
2026-04-29 22:12:13.351 +05:30 [INF] CORS policy execution successful.
2026-04-29 22:12:13.352 +05:30 [INF] Executing endpoint 'TradingJournal.API.Controllers.DashboardController.GetSummary (TradingJournal.API)'
2026-04-29 22:12:13.352 +05:30 [INF] Route matched with {action = "GetSummary", controller = "Dashboard"}. Executing controller action with signature System.Threading.Tasks.Task`1[Microsoft.AspNetCore.Mvc.ActionResult`1[TradingJournal.Application.DTOs.Dashboard.DashboardSummaryDto]] GetSummary() on controller TradingJournal.API.Controllers.DashboardController (TradingJournal.API).
2026-04-29 22:12:13.352 +05:30 [INF] Fetching dashboard summary for user: "0a478092-7251-4b11-a785-05efbf8ad1f6"
2026-04-29 22:12:13.407 +05:30 [INF] Executed DbCommand (4ms) [Parameters=[@userId='?' (DbType = Guid)], CommandType='"Text"', CommandTimeout='300']
SELECT t."Id", t."CreatedAt", t."EntryPrice", t."ExitPrice", t."InstrumentId", t."IsDeleted", t."LotSize", t."Notes", t."ProfitLoss", t."Result", t."RiskPercentage", t."RiskRewardRatio", t."StopLoss", t."Tags", t."TakeProfit", t."TradeDate", t."TradeDurationMinutes", t."TradeType", t."TradingAccountId", t."UpdatedAt", t."UserId", i0."Id", i0."CreatedAt", i0."Description", i0."IsDeleted", i0."MaxLot", i0."Name", i0."Notes", i0."SafeLotSize", i0."Symbol", i0."UpdatedAt", i0."UserId", i0."VolatilityLevel"
FROM "Trades" AS t
INNER JOIN (
    SELECT i."Id", i."CreatedAt", i."Description", i."IsDeleted", i."MaxLot", i."Name", i."Notes", i."SafeLotSize", i."Symbol", i."UpdatedAt", i."UserId", i."VolatilityLevel"
    FROM "Instruments" AS i
    WHERE NOT (i."IsDeleted")
) AS i0 ON t."InstrumentId" = i0."Id"
WHERE NOT (t."IsDeleted") AND t."UserId" = @userId
ORDER BY t."TradeDate"
2026-04-29 22:12:13.457 +05:30 [INF] Executed DbCommand (2ms) [Parameters=[@userId='?' (DbType = Guid)], CommandType='"Text"', CommandTimeout='300']
SELECT t."Id", t."Balance", t."Broker", t."CreatedAt", t."Currency", t."DailyDrawdownLimitPct", t."Has5xLotRule", t."IsDefault", t."IsDeleted", t."IsPropFirm", t."MaxAllowedLotSize", t."MaxOverallLossPct", t."MaxRiskPerTradePctOfDailyLimit", t."Name", t."ProfitSplitPct", t."ProfitTargetPct", t."UpdatedAt", t."UseDynamicEquity", t."UserId"
FROM "TradingAccounts" AS t
WHERE NOT (t."IsDeleted") AND t."UserId" = @userId AND t."IsDefault" AND NOT (t."IsDeleted")
LIMIT 1
2026-04-29 22:12:13.512 +05:30 [INF] Executed DbCommand (2ms) [Parameters=[@userId='?' (DbType = Guid)], CommandType='"Text"', CommandTimeout='300']
SELECT t."Id", t."Balance", t."Broker", t."CreatedAt", t."Currency", t."DailyDrawdownLimitPct", t."Has5xLotRule", t."IsDefault", t."IsDeleted", t."IsPropFirm", t."MaxAllowedLotSize", t."MaxOverallLossPct", t."MaxRiskPerTradePctOfDailyLimit", t."Name", t."ProfitSplitPct", t."ProfitTargetPct", t."UpdatedAt", t."UseDynamicEquity", t."UserId"
FROM "TradingAccounts" AS t
WHERE NOT (t."IsDeleted") AND t."UserId" = @userId AND NOT (t."IsDeleted")
ORDER BY t."CreatedAt" DESC
LIMIT 1
2026-04-29 22:12:13.570 +05:30 [INF] Executed DbCommand (2ms) [Parameters=[@userId='?' (DbType = Guid)], CommandType='"Text"', CommandTimeout='300']
SELECT a."Id", a."CreatedAt", a."DailyLossLimit", a."Email", a."EmailAlertEnabled", a."IsActive", a."IsDeleted", a."MaxDrawdownPercent", a."MaxTradesPerDay", a."UpdatedAt", a."UserId"
FROM "Alerts" AS a
WHERE a."UserId" = @userId
LIMIT 1
2026-04-29 22:12:13.619 +05:30 [INF] Executed DbCommand (1ms) [Parameters=[@userId='?' (DbType = Guid)], CommandType='"Text"', CommandTimeout='300']
SELECT i."Id", i."CreatedAt", i."Description", i."IsDeleted", i."MaxLot", i."Name", i."Notes", i."SafeLotSize", i."Symbol", i."UpdatedAt", i."UserId", i."VolatilityLevel"
FROM "Instruments" AS i
WHERE NOT (i."IsDeleted") AND i."UserId" = @userId
2026-04-29 22:12:13.620 +05:30 [INF] Executing OkObjectResult, writing value of type 'TradingJournal.Application.DTOs.Dashboard.DashboardSummaryDto'.
2026-04-29 22:12:13.620 +05:30 [INF] Executed action TradingJournal.API.Controllers.DashboardController.GetSummary (TradingJournal.API) in 268.4128ms
2026-04-29 22:12:13.620 +05:30 [INF] Executed endpoint 'TradingJournal.API.Controllers.DashboardController.GetSummary (TradingJournal.API)'
2026-04-29 22:12:13.620 +05:30 [INF] HTTP GET /api/dashboard/summary responded 200 in 270.1677 ms
2026-04-29 22:12:13.621 +05:30 [INF] Request finished HTTP/1.1 GET http://localhost:5283/api/dashboard/summary - 200 null application/json; charset=utf-8 270.9272ms
2026-04-29 23:10:00.023 +05:30 [INF] Request starting HTTP/1.1 OPTIONS http://localhost:5283/api/auth/login - null null
2026-04-29 23:10:00.024 +05:30 [INF] CORS policy execution successful.
2026-04-29 23:10:00.024 +05:30 [INF] HTTP OPTIONS /api/auth/login responded 204 in 0.2406 ms
2026-04-29 23:10:00.024 +05:30 [INF] Request finished HTTP/1.1 OPTIONS http://localhost:5283/api/auth/login - 204 null null 1.0912ms
2026-04-29 23:10:00.028 +05:30 [INF] Request starting HTTP/1.1 POST http://localhost:5283/api/auth/login - application/json 61
2026-04-29 23:10:00.032 +05:30 [INF] CORS policy execution successful.
2026-04-29 23:10:00.033 +05:30 [INF] Executing endpoint 'TradingJournal.API.Controllers.AuthController.Login (TradingJournal.API)'
2026-04-29 23:10:00.037 +05:30 [INF] Route matched with {action = "Login", controller = "Auth"}. Executing controller action with signature System.Threading.Tasks.Task`1[Microsoft.AspNetCore.Mvc.ActionResult`1[TradingJournal.Application.DTOs.Auth.AuthResponseDto]] Login(TradingJournal.Application.DTOs.Auth.LoginDto) on controller TradingJournal.API.Controllers.AuthController (TradingJournal.API).
2026-04-29 23:10:00.045 +05:30 [INF] Login attempt for email: trader@tradingjournal.com
2026-04-29 23:10:00.127 +05:30 [INF] Executed DbCommand (7ms) [Parameters=[@email='?'], CommandType='"Text"', CommandTimeout='300']
SELECT u."Id", u."AccountBalance", u."AllowedSections", u."CreatedAt", u."Email", u."FirstName", u."IsActive", u."IsDeleted", u."LastName", u."PasswordHash", u."ProfileImageUrl", u."RefreshToken", u."RefreshTokenExpiry", u."Role", u."UpdatedAt"
FROM "Users" AS u
WHERE NOT (u."IsDeleted") AND u."Email" = @email
LIMIT 1
2026-04-29 23:10:00.380 +05:30 [INF] Executed DbCommand (13ms) [Parameters=[@p14='?' (DbType = Guid), @p0='?' (DbType = Decimal), @p1='?' (DbType = Object), @p2='?' (DbType = DateTime), @p3='?', @p4='?', @p5='?' (DbType = Boolean), @p6='?' (DbType = Boolean), @p7='?', @p8='?', @p9='?', @p10='?', @p11='?' (DbType = DateTime), @p12='?' (DbType = Int32), @p13='?' (DbType = DateTime)], CommandType='"Text"', CommandTimeout='300']
UPDATE "Users" SET "AccountBalance" = @p0, "AllowedSections" = @p1, "CreatedAt" = @p2, "Email" = @p3, "FirstName" = @p4, "IsActive" = @p5, "IsDeleted" = @p6, "LastName" = @p7, "PasswordHash" = @p8, "ProfileImageUrl" = @p9, "RefreshToken" = @p10, "RefreshTokenExpiry" = @p11, "Role" = @p12, "UpdatedAt" = @p13
WHERE "Id" = @p14;
2026-04-29 23:10:00.381 +05:30 [INF] Successful login for email: trader@tradingjournal.com
2026-04-29 23:10:00.382 +05:30 [INF] Executing OkObjectResult, writing value of type 'TradingJournal.Application.DTOs.Auth.AuthResponseDto'.
2026-04-29 23:10:00.382 +05:30 [INF] Executed action TradingJournal.API.Controllers.AuthController.Login (TradingJournal.API) in 344.5249ms
2026-04-29 23:10:00.382 +05:30 [INF] Executed endpoint 'TradingJournal.API.Controllers.AuthController.Login (TradingJournal.API)'
2026-04-29 23:10:00.382 +05:30 [INF] HTTP POST /api/auth/login responded 200 in 350.4010 ms
2026-04-29 23:10:00.382 +05:30 [INF] Request finished HTTP/1.1 POST http://localhost:5283/api/auth/login - 200 null application/json; charset=utf-8 354.2294ms
2026-04-29 23:10:00.445 +05:30 [INF] Request starting HTTP/1.1 OPTIONS http://localhost:5283/api/dashboard/summary - null null
2026-04-29 23:10:00.445 +05:30 [INF] CORS policy execution successful.
2026-04-29 23:10:00.445 +05:30 [INF] HTTP OPTIONS /api/dashboard/summary responded 204 in 0.1210 ms
2026-04-29 23:10:00.445 +05:30 [INF] Request finished HTTP/1.1 OPTIONS http://localhost:5283/api/dashboard/summary - 204 null null 0.3589ms
2026-04-29 23:10:00.449 +05:30 [INF] Request starting HTTP/1.1 GET http://localhost:5283/api/dashboard/summary - null null
2026-04-29 23:10:00.449 +05:30 [INF] CORS policy execution successful.
2026-04-29 23:10:00.449 +05:30 [INF] Executing endpoint 'TradingJournal.API.Controllers.DashboardController.GetSummary (TradingJournal.API)'
2026-04-29 23:10:00.449 +05:30 [INF] Route matched with {action = "GetSummary", controller = "Dashboard"}. Executing controller action with signature System.Threading.Tasks.Task`1[Microsoft.AspNetCore.Mvc.ActionResult`1[TradingJournal.Application.DTOs.Dashboard.DashboardSummaryDto]] GetSummary() on controller TradingJournal.API.Controllers.DashboardController (TradingJournal.API).
2026-04-29 23:10:00.450 +05:30 [INF] Fetching dashboard summary for user: "95870ccb-6248-4140-95c9-f85b1e77a34b"
2026-04-29 23:10:00.506 +05:30 [INF] Executed DbCommand (4ms) [Parameters=[@userId='?' (DbType = Guid)], CommandType='"Text"', CommandTimeout='300']
SELECT t."Id", t."CreatedAt", t."EntryPrice", t."ExitPrice", t."InstrumentId", t."IsDeleted", t."LotSize", t."Notes", t."ProfitLoss", t."Result", t."RiskPercentage", t."RiskRewardRatio", t."StopLoss", t."Tags", t."TakeProfit", t."TradeDate", t."TradeDurationMinutes", t."TradeType", t."TradingAccountId", t."UpdatedAt", t."UserId", i0."Id", i0."CreatedAt", i0."Description", i0."IsDeleted", i0."MaxLot", i0."Name", i0."Notes", i0."SafeLotSize", i0."Symbol", i0."UpdatedAt", i0."UserId", i0."VolatilityLevel"
FROM "Trades" AS t
INNER JOIN (
    SELECT i."Id", i."CreatedAt", i."Description", i."IsDeleted", i."MaxLot", i."Name", i."Notes", i."SafeLotSize", i."Symbol", i."UpdatedAt", i."UserId", i."VolatilityLevel"
    FROM "Instruments" AS i
    WHERE NOT (i."IsDeleted")
) AS i0 ON t."InstrumentId" = i0."Id"
WHERE NOT (t."IsDeleted") AND t."UserId" = @userId
ORDER BY t."TradeDate"
2026-04-29 23:10:00.615 +05:30 [INF] Executed DbCommand (5ms) [Parameters=[@userId='?' (DbType = Guid)], CommandType='"Text"', CommandTimeout='300']
SELECT t."Id", t."Balance", t."Broker", t."CreatedAt", t."Currency", t."DailyDrawdownLimitPct", t."Has5xLotRule", t."IsDefault", t."IsDeleted", t."IsPropFirm", t."MaxAllowedLotSize", t."MaxOverallLossPct", t."MaxRiskPerTradePctOfDailyLimit", t."Name", t."ProfitSplitPct", t."ProfitTargetPct", t."UpdatedAt", t."UseDynamicEquity", t."UserId"
FROM "TradingAccounts" AS t
WHERE NOT (t."IsDeleted") AND t."UserId" = @userId AND t."IsDefault" AND NOT (t."IsDeleted")
LIMIT 1
2026-04-29 23:10:00.692 +05:30 [INF] Executed DbCommand (2ms) [Parameters=[@userId='?' (DbType = Guid)], CommandType='"Text"', CommandTimeout='300']
SELECT a."Id", a."CreatedAt", a."DailyLossLimit", a."Email", a."EmailAlertEnabled", a."IsActive", a."IsDeleted", a."MaxDrawdownPercent", a."MaxTradesPerDay", a."UpdatedAt", a."UserId"
FROM "Alerts" AS a
WHERE a."UserId" = @userId
LIMIT 1
2026-04-29 23:10:00.756 +05:30 [INF] Executed DbCommand (2ms) [Parameters=[@userId='?' (DbType = Guid)], CommandType='"Text"', CommandTimeout='300']
SELECT i."Id", i."CreatedAt", i."Description", i."IsDeleted", i."MaxLot", i."Name", i."Notes", i."SafeLotSize", i."Symbol", i."UpdatedAt", i."UserId", i."VolatilityLevel"
FROM "Instruments" AS i
WHERE NOT (i."IsDeleted") AND i."UserId" = @userId
2026-04-29 23:10:00.765 +05:30 [INF] Executing OkObjectResult, writing value of type 'TradingJournal.Application.DTOs.Dashboard.DashboardSummaryDto'.
2026-04-29 23:10:00.766 +05:30 [INF] Executed action TradingJournal.API.Controllers.DashboardController.GetSummary (TradingJournal.API) in 316.7832ms
2026-04-29 23:10:00.766 +05:30 [INF] Executed endpoint 'TradingJournal.API.Controllers.DashboardController.GetSummary (TradingJournal.API)'
2026-04-29 23:10:00.766 +05:30 [INF] HTTP GET /api/dashboard/summary responded 200 in 317.6386 ms
2026-04-29 23:10:00.766 +05:30 [INF] Request finished HTTP/1.1 GET http://localhost:5283/api/dashboard/summary - 200 null application/json; charset=utf-8 317.8515ms
2026-04-29 23:10:21.727 +05:30 [INF] Request starting HTTP/1.1 OPTIONS http://localhost:5283/api/instruments - null null
2026-04-29 23:10:21.728 +05:30 [INF] CORS policy execution successful.
2026-04-29 23:10:21.728 +05:30 [INF] HTTP OPTIONS /api/instruments responded 204 in 0.1584 ms
2026-04-29 23:10:21.728 +05:30 [INF] Request finished HTTP/1.1 OPTIONS http://localhost:5283/api/instruments - 204 null null 0.6642ms
2026-04-29 23:10:21.730 +05:30 [INF] Request starting HTTP/1.1 GET http://localhost:5283/api/instruments - null null
2026-04-29 23:10:21.730 +05:30 [INF] CORS policy execution successful.
2026-04-29 23:10:21.731 +05:30 [INF] Executing endpoint 'TradingJournal.API.Controllers.InstrumentsController.GetAll (TradingJournal.API)'
2026-04-29 23:10:21.731 +05:30 [INF] Route matched with {action = "GetAll", controller = "Instruments"}. Executing controller action with signature System.Threading.Tasks.Task`1[Microsoft.AspNetCore.Mvc.ActionResult`1[System.Collections.Generic.List`1[TradingJournal.Application.DTOs.Instruments.InstrumentDto]]] GetAll() on controller TradingJournal.API.Controllers.InstrumentsController (TradingJournal.API).
2026-04-29 23:10:21.731 +05:30 [INF] Fetching all instruments for user: "95870ccb-6248-4140-95c9-f85b1e77a34b"
2026-04-29 23:10:21.782 +05:30 [INF] Executed DbCommand (2ms) [Parameters=[@userId='?' (DbType = Guid)], CommandType='"Text"', CommandTimeout='300']
SELECT i."Id", i."CreatedAt", i."Description", i."IsDeleted", i."MaxLot", i."Name", i."Notes", i."SafeLotSize", i."Symbol", i."UpdatedAt", i."UserId", i."VolatilityLevel"
FROM "Instruments" AS i
WHERE NOT (i."IsDeleted") AND i."UserId" = @userId
2026-04-29 23:10:21.832 +05:30 [INF] Executed DbCommand (3ms) [Parameters=[@userId='?' (DbType = Guid)], CommandType='"Text"', CommandTimeout='300']
SELECT t."Id", t."CreatedAt", t."EntryPrice", t."ExitPrice", t."InstrumentId", t."IsDeleted", t."LotSize", t."Notes", t."ProfitLoss", t."Result", t."RiskPercentage", t."RiskRewardRatio", t."StopLoss", t."Tags", t."TakeProfit", t."TradeDate", t."TradeDurationMinutes", t."TradeType", t."TradingAccountId", t."UpdatedAt", t."UserId", i0."Id", i0."CreatedAt", i0."Description", i0."IsDeleted", i0."MaxLot", i0."Name", i0."Notes", i0."SafeLotSize", i0."Symbol", i0."UpdatedAt", i0."UserId", i0."VolatilityLevel"
FROM "Trades" AS t
INNER JOIN (
    SELECT i."Id", i."CreatedAt", i."Description", i."IsDeleted", i."MaxLot", i."Name", i."Notes", i."SafeLotSize", i."Symbol", i."UpdatedAt", i."UserId", i."VolatilityLevel"
    FROM "Instruments" AS i
    WHERE NOT (i."IsDeleted")
) AS i0 ON t."InstrumentId" = i0."Id"
WHERE NOT (t."IsDeleted") AND t."UserId" = @userId
ORDER BY t."TradeDate"
2026-04-29 23:10:21.835 +05:30 [INF] Executing OkObjectResult, writing value of type 'System.Collections.Generic.List`1[[TradingJournal.Application.DTOs.Instruments.InstrumentDto, TradingJournal.Application, Version=1.0.0.0, Culture=neutral, PublicKeyToken=null]]'.
2026-04-29 23:10:21.835 +05:30 [INF] Executed action TradingJournal.API.Controllers.InstrumentsController.GetAll (TradingJournal.API) in 104.6396ms
2026-04-29 23:10:21.835 +05:30 [INF] Executed endpoint 'TradingJournal.API.Controllers.InstrumentsController.GetAll (TradingJournal.API)'
2026-04-29 23:10:21.836 +05:30 [INF] HTTP GET /api/instruments responded 200 in 105.4573 ms
2026-04-29 23:10:21.836 +05:30 [INF] Request finished HTTP/1.1 GET http://localhost:5283/api/instruments - 200 null application/json; charset=utf-8 105.6953ms
2026-04-29 23:11:21.635 +05:30 [INF] Request starting HTTP/1.1 OPTIONS http://localhost:5283/api/instruments - null null
2026-04-29 23:11:21.635 +05:30 [INF] CORS policy execution successful.
2026-04-29 23:11:21.635 +05:30 [INF] HTTP OPTIONS /api/instruments responded 204 in 0.2256 ms
2026-04-29 23:11:21.635 +05:30 [INF] Request finished HTTP/1.1 OPTIONS http://localhost:5283/api/instruments - 204 null null 0.6671ms
2026-04-29 23:11:21.636 +05:30 [INF] Request starting HTTP/1.1 OPTIONS http://localhost:5283/api/trades?page=1&pageSize=20 - null null
2026-04-29 23:11:21.636 +05:30 [INF] CORS policy execution successful.
2026-04-29 23:11:21.637 +05:30 [INF] HTTP OPTIONS /api/trades responded 204 in 0.1601 ms
2026-04-29 23:11:21.637 +05:30 [INF] Request finished HTTP/1.1 OPTIONS http://localhost:5283/api/trades?page=1&pageSize=20 - 204 null null 0.6078ms
2026-04-29 23:11:21.640 +05:30 [INF] Request starting HTTP/1.1 GET http://localhost:5283/api/instruments - null null
2026-04-29 23:11:21.640 +05:30 [INF] CORS policy execution successful.
2026-04-29 23:11:21.640 +05:30 [INF] Request starting HTTP/1.1 GET http://localhost:5283/api/trades?page=1&pageSize=20 - null null
2026-04-29 23:11:21.641 +05:30 [INF] CORS policy execution successful.
2026-04-29 23:11:21.641 +05:30 [INF] Executing endpoint 'TradingJournal.API.Controllers.InstrumentsController.GetAll (TradingJournal.API)'
2026-04-29 23:11:21.641 +05:30 [INF] Executing endpoint 'TradingJournal.API.Controllers.TradesController.GetAll (TradingJournal.API)'
2026-04-29 23:11:21.641 +05:30 [INF] Route matched with {action = "GetAll", controller = "Instruments"}. Executing controller action with signature System.Threading.Tasks.Task`1[Microsoft.AspNetCore.Mvc.ActionResult`1[System.Collections.Generic.List`1[TradingJournal.Application.DTOs.Instruments.InstrumentDto]]] GetAll() on controller TradingJournal.API.Controllers.InstrumentsController (TradingJournal.API).
2026-04-29 23:11:21.641 +05:30 [INF] Route matched with {action = "GetAll", controller = "Trades"}. Executing controller action with signature System.Threading.Tasks.Task`1[Microsoft.AspNetCore.Mvc.ActionResult`1[TradingJournal.Application.DTOs.Trades.PagedTradesDto]] GetAll(TradingJournal.Application.DTOs.Trades.TradeFilterDto) on controller TradingJournal.API.Controllers.TradesController (TradingJournal.API).
2026-04-29 23:11:21.642 +05:30 [INF] Fetching all instruments for user: "95870ccb-6248-4140-95c9-f85b1e77a34b"
2026-04-29 23:11:21.643 +05:30 [INF] Fetching trades for user: "95870ccb-6248-4140-95c9-f85b1e77a34b"
2026-04-29 23:11:21.713 +05:30 [INF] Executed DbCommand (4ms) [Parameters=[@userId='?' (DbType = Guid)], CommandType='"Text"', CommandTimeout='300']
SELECT count(*)::int
FROM "Trades" AS t
WHERE NOT (t."IsDeleted") AND t."UserId" = @userId
2026-04-29 23:11:21.718 +05:30 [INF] Executed DbCommand (3ms) [Parameters=[@userId='?' (DbType = Guid)], CommandType='"Text"', CommandTimeout='300']
SELECT i."Id", i."CreatedAt", i."Description", i."IsDeleted", i."MaxLot", i."Name", i."Notes", i."SafeLotSize", i."Symbol", i."UpdatedAt", i."UserId", i."VolatilityLevel"
FROM "Instruments" AS i
WHERE NOT (i."IsDeleted") AND i."UserId" = @userId
2026-04-29 23:11:21.799 +05:30 [INF] Executed DbCommand (7ms) [Parameters=[@userId='?' (DbType = Guid)], CommandType='"Text"', CommandTimeout='300']
SELECT t."Id", t."CreatedAt", t."EntryPrice", t."ExitPrice", t."InstrumentId", t."IsDeleted", t."LotSize", t."Notes", t."ProfitLoss", t."Result", t."RiskPercentage", t."RiskRewardRatio", t."StopLoss", t."Tags", t."TakeProfit", t."TradeDate", t."TradeDurationMinutes", t."TradeType", t."TradingAccountId", t."UpdatedAt", t."UserId", i0."Id", i0."CreatedAt", i0."Description", i0."IsDeleted", i0."MaxLot", i0."Name", i0."Notes", i0."SafeLotSize", i0."Symbol", i0."UpdatedAt", i0."UserId", i0."VolatilityLevel"
FROM "Trades" AS t
INNER JOIN (
    SELECT i."Id", i."CreatedAt", i."Description", i."IsDeleted", i."MaxLot", i."Name", i."Notes", i."SafeLotSize", i."Symbol", i."UpdatedAt", i."UserId", i."VolatilityLevel"
    FROM "Instruments" AS i
    WHERE NOT (i."IsDeleted")
) AS i0 ON t."InstrumentId" = i0."Id"
WHERE NOT (t."IsDeleted") AND t."UserId" = @userId
ORDER BY t."TradeDate"
2026-04-29 23:11:21.800 +05:30 [INF] Executed DbCommand (7ms) [Parameters=[@userId='?' (DbType = Guid), @p2='?' (DbType = Int32), @p='?' (DbType = Int32)], CommandType='"Text"', CommandTimeout='300']
SELECT t0."Id", t0."CreatedAt", t0."EntryPrice", t0."ExitPrice", t0."InstrumentId", t0."IsDeleted", t0."LotSize", t0."Notes", t0."ProfitLoss", t0."Result", t0."RiskPercentage", t0."RiskRewardRatio", t0."StopLoss", t0."Tags", t0."TakeProfit", t0."TradeDate", t0."TradeDurationMinutes", t0."TradeType", t0."TradingAccountId", t0."UpdatedAt", t0."UserId", i0."Id", i0."CreatedAt", i0."Description", i0."IsDeleted", i0."MaxLot", i0."Name", i0."Notes", i0."SafeLotSize", i0."Symbol", i0."UpdatedAt", i0."UserId", i0."VolatilityLevel"
FROM (
    SELECT t."Id", t."CreatedAt", t."EntryPrice", t."ExitPrice", t."InstrumentId", t."IsDeleted", t."LotSize", t."Notes", t."ProfitLoss", t."Result", t."RiskPercentage", t."RiskRewardRatio", t."StopLoss", t."Tags", t."TakeProfit", t."TradeDate", t."TradeDurationMinutes", t."TradeType", t."TradingAccountId", t."UpdatedAt", t."UserId"
    FROM "Trades" AS t
    WHERE NOT (t."IsDeleted") AND t."UserId" = @userId
    ORDER BY t."TradeDate" DESC
    LIMIT @p2 OFFSET @p
) AS t0
INNER JOIN (
    SELECT i."Id", i."CreatedAt", i."Description", i."IsDeleted", i."MaxLot", i."Name", i."Notes", i."SafeLotSize", i."Symbol", i."UpdatedAt", i."UserId", i."VolatilityLevel"
    FROM "Instruments" AS i
    WHERE NOT (i."IsDeleted")
) AS i0 ON t0."InstrumentId" = i0."Id"
ORDER BY t0."TradeDate" DESC
2026-04-29 23:11:21.800 +05:30 [INF] Executing OkObjectResult, writing value of type 'System.Collections.Generic.List`1[[TradingJournal.Application.DTOs.Instruments.InstrumentDto, TradingJournal.Application, Version=1.0.0.0, Culture=neutral, PublicKeyToken=null]]'.
2026-04-29 23:11:21.801 +05:30 [INF] Executed action TradingJournal.API.Controllers.InstrumentsController.GetAll (TradingJournal.API) in 159.4113ms
2026-04-29 23:11:21.801 +05:30 [INF] Executed endpoint 'TradingJournal.API.Controllers.InstrumentsController.GetAll (TradingJournal.API)'
2026-04-29 23:11:21.801 +05:30 [INF] HTTP GET /api/instruments responded 200 in 160.7539 ms
2026-04-29 23:11:21.801 +05:30 [INF] Request finished HTTP/1.1 GET http://localhost:5283/api/instruments - 200 null application/json; charset=utf-8 161.0927ms
2026-04-29 23:11:21.882 +05:30 [INF] Executed DbCommand (5ms) [Parameters=[@userId='?' (DbType = Guid)], CommandType='"Text"', CommandTimeout='300']
SELECT t."Id", t."Balance", t."Broker", t."CreatedAt", t."Currency", t."DailyDrawdownLimitPct", t."Has5xLotRule", t."IsDefault", t."IsDeleted", t."IsPropFirm", t."MaxAllowedLotSize", t."MaxOverallLossPct", t."MaxRiskPerTradePctOfDailyLimit", t."Name", t."ProfitSplitPct", t."ProfitTargetPct", t."UpdatedAt", t."UseDynamicEquity", t."UserId"
FROM "TradingAccounts" AS t
WHERE NOT (t."IsDeleted") AND t."UserId" = @userId AND NOT (t."IsDeleted")
ORDER BY t."IsDefault" DESC, t."CreatedAt" DESC
2026-04-29 23:11:21.889 +05:30 [INF] Executing OkObjectResult, writing value of type 'TradingJournal.Application.DTOs.Trades.PagedTradesDto'.
2026-04-29 23:11:21.896 +05:30 [INF] Executed action TradingJournal.API.Controllers.TradesController.GetAll (TradingJournal.API) in 254.2147ms
2026-04-29 23:11:21.896 +05:30 [INF] Executed endpoint 'TradingJournal.API.Controllers.TradesController.GetAll (TradingJournal.API)'
2026-04-29 23:11:21.896 +05:30 [INF] HTTP GET /api/trades responded 200 in 255.4015 ms
2026-04-29 23:11:21.896 +05:30 [INF] Request finished HTTP/1.1 GET http://localhost:5283/api/trades?page=1&pageSize=20 - 200 null application/json; charset=utf-8 255.802ms
2026-04-29 23:11:31.549 +05:30 [INF] Request starting HTTP/1.1 OPTIONS http://localhost:5283/api/accounts - null null
2026-04-29 23:11:31.549 +05:30 [INF] CORS policy execution successful.
2026-04-29 23:11:31.549 +05:30 [INF] HTTP OPTIONS /api/accounts responded 204 in 0.1050 ms
2026-04-29 23:11:31.549 +05:30 [INF] Request finished HTTP/1.1 OPTIONS http://localhost:5283/api/accounts - 204 null null 0.5031ms
2026-04-29 23:11:31.553 +05:30 [INF] Request starting HTTP/1.1 GET http://localhost:5283/api/accounts - null null
2026-04-29 23:11:31.554 +05:30 [INF] CORS policy execution successful.
2026-04-29 23:11:31.555 +05:30 [INF] Executing endpoint 'TradingJournal.API.Controllers.TradingAccountController.GetAccounts (TradingJournal.API)'
2026-04-29 23:11:31.555 +05:30 [INF] Route matched with {action = "GetAccounts", controller = "TradingAccount"}. Executing controller action with signature System.Threading.Tasks.Task`1[Microsoft.AspNetCore.Mvc.ActionResult`1[System.Collections.Generic.List`1[TradingJournal.Application.DTOs.Accounts.TradingAccountDto]]] GetAccounts(System.Nullable`1[System.Guid]) on controller TradingJournal.API.Controllers.TradingAccountController (TradingJournal.API).
2026-04-29 23:11:31.555 +05:30 [INF] Getting trading accounts for user "95870ccb-6248-4140-95c9-f85b1e77a34b"
2026-04-29 23:11:31.609 +05:30 [INF] Executed DbCommand (2ms) [Parameters=[@userId='?' (DbType = Guid)], CommandType='"Text"', CommandTimeout='300']
SELECT t."Id", t."Balance", t."Broker", t."CreatedAt", t."Currency", t."DailyDrawdownLimitPct", t."Has5xLotRule", t."IsDefault", t."IsDeleted", t."IsPropFirm", t."MaxAllowedLotSize", t."MaxOverallLossPct", t."MaxRiskPerTradePctOfDailyLimit", t."Name", t."ProfitSplitPct", t."ProfitTargetPct", t."UpdatedAt", t."UseDynamicEquity", t."UserId"
FROM "TradingAccounts" AS t
WHERE NOT (t."IsDeleted") AND t."UserId" = @userId AND NOT (t."IsDeleted")
ORDER BY t."IsDefault" DESC, t."CreatedAt" DESC
2026-04-29 23:11:31.610 +05:30 [INF] Executing OkObjectResult, writing value of type 'System.Collections.Generic.List`1[[TradingJournal.Application.DTOs.Accounts.TradingAccountDto, TradingJournal.Application, Version=1.0.0.0, Culture=neutral, PublicKeyToken=null]]'.
2026-04-29 23:11:31.617 +05:30 [INF] Executed action TradingJournal.API.Controllers.TradingAccountController.GetAccounts (TradingJournal.API) in 62.1178ms
2026-04-29 23:11:31.617 +05:30 [INF] Executed endpoint 'TradingJournal.API.Controllers.TradingAccountController.GetAccounts (TradingJournal.API)'
2026-04-29 23:11:31.617 +05:30 [INF] HTTP GET /api/accounts responded 200 in 63.4805 ms
2026-04-29 23:11:31.617 +05:30 [INF] Request finished HTTP/1.1 GET http://localhost:5283/api/accounts - 200 null application/json; charset=utf-8 63.8735ms
2026-04-29 23:11:37.272 +05:30 [INF] Request starting HTTP/1.1 OPTIONS http://localhost:5283/api/dashboard/summary - null null
2026-04-29 23:11:37.272 +05:30 [INF] CORS policy execution successful.
2026-04-29 23:11:37.272 +05:30 [INF] HTTP OPTIONS /api/dashboard/summary responded 204 in 0.1649 ms
2026-04-29 23:11:37.273 +05:30 [INF] Request finished HTTP/1.1 OPTIONS http://localhost:5283/api/dashboard/summary - 204 null null 0.5841ms
2026-04-29 23:11:37.277 +05:30 [INF] Request starting HTTP/1.1 GET http://localhost:5283/api/dashboard/summary - null null
2026-04-29 23:11:37.277 +05:30 [INF] CORS policy execution successful.
2026-04-29 23:11:37.278 +05:30 [INF] Executing endpoint 'TradingJournal.API.Controllers.DashboardController.GetSummary (TradingJournal.API)'
2026-04-29 23:11:37.278 +05:30 [INF] Route matched with {action = "GetSummary", controller = "Dashboard"}. Executing controller action with signature System.Threading.Tasks.Task`1[Microsoft.AspNetCore.Mvc.ActionResult`1[TradingJournal.Application.DTOs.Dashboard.DashboardSummaryDto]] GetSummary() on controller TradingJournal.API.Controllers.DashboardController (TradingJournal.API).
2026-04-29 23:11:37.279 +05:30 [INF] Fetching dashboard summary for user: "95870ccb-6248-4140-95c9-f85b1e77a34b"
2026-04-29 23:11:37.340 +05:30 [INF] Executed DbCommand (2ms) [Parameters=[@userId='?' (DbType = Guid)], CommandType='"Text"', CommandTimeout='300']
SELECT t."Id", t."CreatedAt", t."EntryPrice", t."ExitPrice", t."InstrumentId", t."IsDeleted", t."LotSize", t."Notes", t."ProfitLoss", t."Result", t."RiskPercentage", t."RiskRewardRatio", t."StopLoss", t."Tags", t."TakeProfit", t."TradeDate", t."TradeDurationMinutes", t."TradeType", t."TradingAccountId", t."UpdatedAt", t."UserId", i0."Id", i0."CreatedAt", i0."Description", i0."IsDeleted", i0."MaxLot", i0."Name", i0."Notes", i0."SafeLotSize", i0."Symbol", i0."UpdatedAt", i0."UserId", i0."VolatilityLevel"
FROM "Trades" AS t
INNER JOIN (
    SELECT i."Id", i."CreatedAt", i."Description", i."IsDeleted", i."MaxLot", i."Name", i."Notes", i."SafeLotSize", i."Symbol", i."UpdatedAt", i."UserId", i."VolatilityLevel"
    FROM "Instruments" AS i
    WHERE NOT (i."IsDeleted")
) AS i0 ON t."InstrumentId" = i0."Id"
WHERE NOT (t."IsDeleted") AND t."UserId" = @userId
ORDER BY t."TradeDate"
2026-04-29 23:11:37.417 +05:30 [INF] Executed DbCommand (3ms) [Parameters=[@userId='?' (DbType = Guid)], CommandType='"Text"', CommandTimeout='300']
SELECT t."Id", t."Balance", t."Broker", t."CreatedAt", t."Currency", t."DailyDrawdownLimitPct", t."Has5xLotRule", t."IsDefault", t."IsDeleted", t."IsPropFirm", t."MaxAllowedLotSize", t."MaxOverallLossPct", t."MaxRiskPerTradePctOfDailyLimit", t."Name", t."ProfitSplitPct", t."ProfitTargetPct", t."UpdatedAt", t."UseDynamicEquity", t."UserId"
FROM "TradingAccounts" AS t
WHERE NOT (t."IsDeleted") AND t."UserId" = @userId AND t."IsDefault" AND NOT (t."IsDeleted")
LIMIT 1
2026-04-29 23:11:37.490 +05:30 [INF] Executed DbCommand (1ms) [Parameters=[@userId='?' (DbType = Guid)], CommandType='"Text"', CommandTimeout='300']
SELECT a."Id", a."CreatedAt", a."DailyLossLimit", a."Email", a."EmailAlertEnabled", a."IsActive", a."IsDeleted", a."MaxDrawdownPercent", a."MaxTradesPerDay", a."UpdatedAt", a."UserId"
FROM "Alerts" AS a
WHERE a."UserId" = @userId
LIMIT 1
2026-04-29 23:11:37.563 +05:30 [INF] Executed DbCommand (2ms) [Parameters=[@userId='?' (DbType = Guid)], CommandType='"Text"', CommandTimeout='300']
SELECT i."Id", i."CreatedAt", i."Description", i."IsDeleted", i."MaxLot", i."Name", i."Notes", i."SafeLotSize", i."Symbol", i."UpdatedAt", i."UserId", i."VolatilityLevel"
FROM "Instruments" AS i
WHERE NOT (i."IsDeleted") AND i."UserId" = @userId
2026-04-29 23:11:37.564 +05:30 [INF] Executing OkObjectResult, writing value of type 'TradingJournal.Application.DTOs.Dashboard.DashboardSummaryDto'.
2026-04-29 23:11:37.565 +05:30 [INF] Executed action TradingJournal.API.Controllers.DashboardController.GetSummary (TradingJournal.API) in 286.1285ms
2026-04-29 23:11:37.565 +05:30 [INF] Executed endpoint 'TradingJournal.API.Controllers.DashboardController.GetSummary (TradingJournal.API)'
2026-04-29 23:11:37.565 +05:30 [INF] HTTP GET /api/dashboard/summary responded 200 in 287.7672 ms
2026-04-29 23:11:37.565 +05:30 [INF] Request finished HTTP/1.1 GET http://localhost:5283/api/dashboard/summary - 200 null application/json; charset=utf-8 288.1081ms
2026-04-29 23:33:44.588 +05:30 [WRN] Entity 'User' has a global query filter defined and is the required end of a relationship with the entity 'Alert'. This may lead to unexpected results when the required entity is filtered out. Either configure the navigation as optional, or define matching query filters for both entities in the navigation. See https://go.microsoft.com/fwlink/?linkid=2131316 for more information.
2026-04-29 23:36:29.421 +05:30 [WRN] Entity 'User' has a global query filter defined and is the required end of a relationship with the entity 'Alert'. This may lead to unexpected results when the required entity is filtered out. Either configure the navigation as optional, or define matching query filters for both entities in the navigation. See https://go.microsoft.com/fwlink/?linkid=2131316 for more information.
2026-04-29 23:36:30.076 +05:30 [INF] Executed DbCommand (45ms) [Parameters=[], CommandType='"Text"', CommandTimeout='300']
SELECT "MigrationId", "ProductVersion"
FROM "__EFMigrationsHistory"
ORDER BY "MigrationId";
2026-04-29 23:36:30.759 +05:30 [INF] Executed DbCommand (13ms) [Parameters=[], CommandType='"Text"', CommandTimeout='300']
SELECT 1
2026-04-29 23:36:31.018 +05:30 [INF] Executed DbCommand (26ms) [Parameters=[], CommandType='"Text"', CommandTimeout='300']
CREATE TABLE IF NOT EXISTS "__EFMigrationsHistory" (
    "MigrationId" character varying(150) NOT NULL,
    "ProductVersion" character varying(32) NOT NULL,
    CONSTRAINT "PK___EFMigrationsHistory" PRIMARY KEY ("MigrationId")
);
2026-04-29 23:36:31.052 +05:30 [INF] Executed DbCommand (2ms) [Parameters=[], CommandType='"Text"', CommandTimeout='300']
LOCK TABLE "__EFMigrationsHistory" IN ACCESS EXCLUSIVE MODE
2026-04-29 23:36:31.057 +05:30 [INF] Executed DbCommand (3ms) [Parameters=[], CommandType='"Text"', CommandTimeout='300']
SELECT "MigrationId", "ProductVersion"
FROM "__EFMigrationsHistory"
ORDER BY "MigrationId";
2026-04-29 23:36:31.070 +05:30 [INF] Applying migration '20260429180346_AddChatForumTables'.
2026-04-29 23:36:31.166 +05:30 [INF] Executed DbCommand (44ms) [Parameters=[], CommandType='"Text"', CommandTimeout='300']
CREATE TABLE "Announcements" (
    "Id" uuid NOT NULL,
    "Title" character varying(255) NOT NULL,
    "Content" text NOT NULL,
    "Priority" integer NOT NULL,
    "AdminId" uuid NOT NULL,
    "CreatedAt" timestamp with time zone NOT NULL,
    "UpdatedAt" timestamp with time zone NOT NULL,
    "IsDeleted" boolean NOT NULL,
    CONSTRAINT "PK_Announcements" PRIMARY KEY ("Id"),
    CONSTRAINT "FK_Announcements_Users_AdminId" FOREIGN KEY ("AdminId") REFERENCES "Users" ("Id") ON DELETE RESTRICT
);
2026-04-29 23:36:31.178 +05:30 [INF] Executed DbCommand (12ms) [Parameters=[], CommandType='"Text"', CommandTimeout='300']
CREATE TABLE "ForumMessages" (
    "Id" uuid NOT NULL,
    "Content" text NOT NULL,
    "AuthorId" uuid NOT NULL,
    "ChannelType" integer NOT NULL,
    "ParentMessageId" uuid,
    "SenderId" uuid,
    "ReceiverId" uuid,
    "IsRead" boolean NOT NULL,
    "IsEdited" boolean NOT NULL,
    "EditedAt" timestamp with time zone,
    "CreatedAt" timestamp with time zone NOT NULL,
    "UpdatedAt" timestamp with time zone NOT NULL,
    "IsDeleted" boolean NOT NULL,
    CONSTRAINT "PK_ForumMessages" PRIMARY KEY ("Id"),
    CONSTRAINT "FK_ForumMessages_ForumMessages_ParentMessageId" FOREIGN KEY ("ParentMessageId") REFERENCES "ForumMessages" ("Id") ON DELETE RESTRICT,
    CONSTRAINT "FK_ForumMessages_Users_AuthorId" FOREIGN KEY ("AuthorId") REFERENCES "Users" ("Id") ON DELETE RESTRICT
);
2026-04-29 23:36:31.183 +05:30 [INF] Executed DbCommand (4ms) [Parameters=[], CommandType='"Text"', CommandTimeout='300']
CREATE INDEX "IX_Announcements_AdminId" ON "Announcements" ("AdminId");
2026-04-29 23:36:31.189 +05:30 [INF] Executed DbCommand (5ms) [Parameters=[], CommandType='"Text"', CommandTimeout='300']
CREATE INDEX "IX_Announcements_CreatedAt" ON "Announcements" ("CreatedAt" DESC);
2026-04-29 23:36:31.193 +05:30 [INF] Executed DbCommand (4ms) [Parameters=[], CommandType='"Text"', CommandTimeout='300']
CREATE INDEX "IX_ForumMessages_AuthorId" ON "ForumMessages" ("AuthorId");
2026-04-29 23:36:31.198 +05:30 [INF] Executed DbCommand (5ms) [Parameters=[], CommandType='"Text"', CommandTimeout='300']
CREATE INDEX "IX_ForumMessages_ChannelType" ON "ForumMessages" ("ChannelType");
2026-04-29 23:36:31.204 +05:30 [INF] Executed DbCommand (5ms) [Parameters=[], CommandType='"Text"', CommandTimeout='300']
CREATE INDEX "IX_ForumMessages_CreatedAt" ON "ForumMessages" ("CreatedAt" DESC);
2026-04-29 23:36:31.209 +05:30 [INF] Executed DbCommand (5ms) [Parameters=[], CommandType='"Text"', CommandTimeout='300']
CREATE INDEX "IX_ForumMessages_ParentMessageId" ON "ForumMessages" ("ParentMessageId");
2026-04-29 23:36:31.213 +05:30 [INF] Executed DbCommand (4ms) [Parameters=[], CommandType='"Text"', CommandTimeout='300']
CREATE INDEX "IX_ForumMessages_ReceiverId" ON "ForumMessages" ("ReceiverId");
2026-04-29 23:36:31.218 +05:30 [INF] Executed DbCommand (5ms) [Parameters=[], CommandType='"Text"', CommandTimeout='300']
CREATE INDEX "IX_ForumMessages_SenderId" ON "ForumMessages" ("SenderId");
2026-04-29 23:36:31.220 +05:30 [INF] Executed DbCommand (2ms) [Parameters=[], CommandType='"Text"', CommandTimeout='300']
INSERT INTO "__EFMigrationsHistory" ("MigrationId", "ProductVersion")
VALUES ('20260429180346_AddChatForumTables', '10.0.7');
2026-04-29 23:36:31.888 +05:30 [INF] Executed DbCommand (2ms) [Parameters=[], CommandType='"Text"', CommandTimeout='300']
SELECT EXISTS (
    SELECT 1
    FROM "Users" AS u
    WHERE NOT (u."IsDeleted"))
2026-04-29 23:36:32.349 +05:30 [INF] User profile is available. Using 'C:\Users\coolm\AppData\Local\ASP.NET\DataProtection-Keys' as key repository and Windows DPAPI to encrypt keys at rest.
2026-04-29 23:36:32.635 +05:30 [INF] Now listening on: http://localhost:5283
2026-04-29 23:36:32.639 +05:30 [INF] Application started. Press Ctrl+C to shut down.
2026-04-29 23:36:32.639 +05:30 [INF] Hosting environment: Development
2026-04-29 23:36:32.639 +05:30 [INF] Content root path: D:\Mitesh\StockMarket\TradingJournalApp\TradingJournal.API
2026-04-29 23:40:55.040 +05:30 [WRN] Entity 'User' has a global query filter defined and is the required end of a relationship with the entity 'Alert'. This may lead to unexpected results when the required entity is filtered out. Either configure the navigation as optional, or define matching query filters for both entities in the navigation. See https://go.microsoft.com/fwlink/?linkid=2131316 for more information.
2026-04-29 23:40:55.887 +05:30 [INF] Executed DbCommand (30ms) [Parameters=[], CommandType='"Text"', CommandTimeout='300']
SELECT "MigrationId", "ProductVersion"
FROM "__EFMigrationsHistory"
ORDER BY "MigrationId";
2026-04-29 23:40:56.380 +05:30 [INF] Executed DbCommand (16ms) [Parameters=[], CommandType='"Text"', CommandTimeout='300']
SELECT 1
2026-04-29 23:40:56.583 +05:30 [INF] Executed DbCommand (22ms) [Parameters=[], CommandType='"Text"', CommandTimeout='300']
CREATE TABLE IF NOT EXISTS "__EFMigrationsHistory" (
    "MigrationId" character varying(150) NOT NULL,
    "ProductVersion" character varying(32) NOT NULL,
    CONSTRAINT "PK___EFMigrationsHistory" PRIMARY KEY ("MigrationId")
);
2026-04-29 23:40:56.610 +05:30 [INF] Executed DbCommand (2ms) [Parameters=[], CommandType='"Text"', CommandTimeout='300']
LOCK TABLE "__EFMigrationsHistory" IN ACCESS EXCLUSIVE MODE
2026-04-29 23:40:56.618 +05:30 [INF] Executed DbCommand (4ms) [Parameters=[], CommandType='"Text"', CommandTimeout='300']
SELECT "MigrationId", "ProductVersion"
FROM "__EFMigrationsHistory"
ORDER BY "MigrationId";
2026-04-29 23:40:56.625 +05:30 [INF] No migrations were applied. The database is already up to date.
2026-04-29 23:40:57.045 +05:30 [INF] Executed DbCommand (2ms) [Parameters=[], CommandType='"Text"', CommandTimeout='300']
SELECT EXISTS (
    SELECT 1
    FROM "Users" AS u
    WHERE NOT (u."IsDeleted"))
2026-04-29 23:40:57.201 +05:30 [INF] User profile is available. Using 'C:\Users\coolm\AppData\Local\ASP.NET\DataProtection-Keys' as key repository and Windows DPAPI to encrypt keys at rest.
2026-04-29 23:40:57.291 +05:30 [INF] Now listening on: http://localhost:5283
2026-04-29 23:40:57.293 +05:30 [INF] Application started. Press Ctrl+C to shut down.
2026-04-29 23:40:57.293 +05:30 [INF] Hosting environment: Development
2026-04-29 23:40:57.293 +05:30 [INF] Content root path: D:\Mitesh\StockMarket\TradingJournalApp\TradingJournal.API
2026-04-29 23:45:11.972 +05:30 [INF] Request starting HTTP/1.1 OPTIONS http://localhost:5283/api/auth/login - null null
2026-04-29 23:45:12.023 +05:30 [WRN] Failed to determine the https port for redirect.
2026-04-29 23:45:12.024 +05:30 [INF] CORS policy execution successful.
2026-04-29 23:45:12.032 +05:30 [INF] HTTP OPTIONS /api/auth/login responded 204 in 23.9722 ms
2026-04-29 23:45:12.047 +05:30 [INF] Request finished HTTP/1.1 OPTIONS http://localhost:5283/api/auth/login - 204 null null 76.7354ms
2026-04-29 23:45:12.051 +05:30 [INF] Request starting HTTP/1.1 POST http://localhost:5283/api/auth/login - application/json 59
2026-04-29 23:45:12.055 +05:30 [INF] CORS policy execution successful.
2026-04-29 23:45:12.132 +05:30 [INF] Executing endpoint 'TradingJournal.API.Controllers.AuthController.Login (TradingJournal.API)'
2026-04-29 23:45:12.159 +05:30 [INF] Route matched with {action = "Login", controller = "Auth"}. Executing controller action with signature System.Threading.Tasks.Task`1[Microsoft.AspNetCore.Mvc.ActionResult`1[TradingJournal.Application.DTOs.Auth.AuthResponseDto]] Login(TradingJournal.Application.DTOs.Auth.LoginDto) on controller TradingJournal.API.Controllers.AuthController (TradingJournal.API).
2026-04-29 23:45:12.229 +05:30 [INF] Login attempt for email: admin@tradingjournal.com
2026-04-29 23:45:12.428 +05:30 [INF] Executed DbCommand (15ms) [Parameters=[@email='?'], CommandType='"Text"', CommandTimeout='300']
SELECT u."Id", u."AccountBalance", u."AllowedSections", u."CreatedAt", u."Email", u."FirstName", u."IsActive", u."IsDeleted", u."LastName", u."PasswordHash", u."ProfileImageUrl", u."RefreshToken", u."RefreshTokenExpiry", u."Role", u."UpdatedAt"
FROM "Users" AS u
WHERE NOT (u."IsDeleted") AND u."Email" = @email
LIMIT 1
2026-04-29 23:45:13.089 +05:30 [INF] Executed DbCommand (18ms) [Parameters=[@p14='?' (DbType = Guid), @p0='?' (DbType = Decimal), @p1='?' (DbType = Object), @p2='?' (DbType = DateTime), @p3='?', @p4='?', @p5='?' (DbType = Boolean), @p6='?' (DbType = Boolean), @p7='?', @p8='?', @p9='?', @p10='?', @p11='?' (DbType = DateTime), @p12='?' (DbType = Int32), @p13='?' (DbType = DateTime)], CommandType='"Text"', CommandTimeout='300']
UPDATE "Users" SET "AccountBalance" = @p0, "AllowedSections" = @p1, "CreatedAt" = @p2, "Email" = @p3, "FirstName" = @p4, "IsActive" = @p5, "IsDeleted" = @p6, "LastName" = @p7, "PasswordHash" = @p8, "ProfileImageUrl" = @p9, "RefreshToken" = @p10, "RefreshTokenExpiry" = @p11, "Role" = @p12, "UpdatedAt" = @p13
WHERE "Id" = @p14;
2026-04-29 23:45:13.143 +05:30 [INF] Successful login for email: admin@tradingjournal.com
2026-04-29 23:45:13.148 +05:30 [INF] Executing OkObjectResult, writing value of type 'TradingJournal.Application.DTOs.Auth.AuthResponseDto'.
2026-04-29 23:45:13.181 +05:30 [INF] Executed action TradingJournal.API.Controllers.AuthController.Login (TradingJournal.API) in 1017.4043ms
2026-04-29 23:45:13.182 +05:30 [INF] Executed endpoint 'TradingJournal.API.Controllers.AuthController.Login (TradingJournal.API)'
2026-04-29 23:45:13.185 +05:30 [INF] HTTP POST /api/auth/login responded 200 in 1130.7742 ms
2026-04-29 23:45:13.192 +05:30 [INF] Request finished HTTP/1.1 POST http://localhost:5283/api/auth/login - 200 null application/json; charset=utf-8 1140.5876ms
2026-04-29 23:45:18.051 +05:30 [INF] Request starting HTTP/1.1 OPTIONS http://localhost:5283/api/dashboard/summary - null null
2026-04-29 23:45:18.054 +05:30 [INF] CORS policy execution successful.
2026-04-29 23:45:18.054 +05:30 [INF] HTTP OPTIONS /api/dashboard/summary responded 204 in 2.1831 ms
2026-04-29 23:45:18.055 +05:30 [INF] Request finished HTTP/1.1 OPTIONS http://localhost:5283/api/dashboard/summary - 204 null null 4.0181ms
2026-04-29 23:45:18.164 +05:30 [INF] Request starting HTTP/1.1 GET http://localhost:5283/api/dashboard/summary - null null
2026-04-29 23:45:18.176 +05:30 [INF] CORS policy execution successful.
2026-04-29 23:45:18.301 +05:30 [INF] Executing endpoint 'TradingJournal.API.Controllers.DashboardController.GetSummary (TradingJournal.API)'
2026-04-29 23:45:18.315 +05:30 [INF] Route matched with {action = "GetSummary", controller = "Dashboard"}. Executing controller action with signature System.Threading.Tasks.Task`1[Microsoft.AspNetCore.Mvc.ActionResult`1[TradingJournal.Application.DTOs.Dashboard.DashboardSummaryDto]] GetSummary() on controller TradingJournal.API.Controllers.DashboardController (TradingJournal.API).
2026-04-29 23:45:18.361 +05:30 [INF] Fetching dashboard summary for user: "0a478092-7251-4b11-a785-05efbf8ad1f6"
2026-04-29 23:45:18.648 +05:30 [INF] Request starting HTTP/1.1 GET http://localhost:5283/api/dashboard/summary - null null
2026-04-29 23:45:18.650 +05:30 [INF] CORS policy execution successful.
2026-04-29 23:45:18.660 +05:30 [INF] Executing endpoint 'TradingJournal.API.Controllers.DashboardController.GetSummary (TradingJournal.API)'
2026-04-29 23:45:18.660 +05:30 [INF] Route matched with {action = "GetSummary", controller = "Dashboard"}. Executing controller action with signature System.Threading.Tasks.Task`1[Microsoft.AspNetCore.Mvc.ActionResult`1[TradingJournal.Application.DTOs.Dashboard.DashboardSummaryDto]] GetSummary() on controller TradingJournal.API.Controllers.DashboardController (TradingJournal.API).
2026-04-29 23:45:18.662 +05:30 [INF] Fetching dashboard summary for user: "0a478092-7251-4b11-a785-05efbf8ad1f6"
2026-04-29 23:45:18.760 +05:30 [INF] Executed DbCommand (7ms) [Parameters=[@userId='?' (DbType = Guid)], CommandType='"Text"', CommandTimeout='300']
SELECT t."Id", t."CreatedAt", t."EntryPrice", t."ExitPrice", t."InstrumentId", t."IsDeleted", t."LotSize", t."Notes", t."ProfitLoss", t."Result", t."RiskPercentage", t."RiskRewardRatio", t."StopLoss", t."Tags", t."TakeProfit", t."TradeDate", t."TradeDurationMinutes", t."TradeType", t."TradingAccountId", t."UpdatedAt", t."UserId", i0."Id", i0."CreatedAt", i0."Description", i0."IsDeleted", i0."MaxLot", i0."Name", i0."Notes", i0."SafeLotSize", i0."Symbol", i0."UpdatedAt", i0."UserId", i0."VolatilityLevel"
FROM "Trades" AS t
INNER JOIN (
    SELECT i."Id", i."CreatedAt", i."Description", i."IsDeleted", i."MaxLot", i."Name", i."Notes", i."SafeLotSize", i."Symbol", i."UpdatedAt", i."UserId", i."VolatilityLevel"
    FROM "Instruments" AS i
    WHERE NOT (i."IsDeleted")
) AS i0 ON t."InstrumentId" = i0."Id"
WHERE NOT (t."IsDeleted") AND t."UserId" = @userId
ORDER BY t."TradeDate"
2026-04-29 23:45:18.767 +05:30 [INF] Executed DbCommand (6ms) [Parameters=[@userId='?' (DbType = Guid)], CommandType='"Text"', CommandTimeout='300']
SELECT t."Id", t."CreatedAt", t."EntryPrice", t."ExitPrice", t."InstrumentId", t."IsDeleted", t."LotSize", t."Notes", t."ProfitLoss", t."Result", t."RiskPercentage", t."RiskRewardRatio", t."StopLoss", t."Tags", t."TakeProfit", t."TradeDate", t."TradeDurationMinutes", t."TradeType", t."TradingAccountId", t."UpdatedAt", t."UserId", i0."Id", i0."CreatedAt", i0."Description", i0."IsDeleted", i0."MaxLot", i0."Name", i0."Notes", i0."SafeLotSize", i0."Symbol", i0."UpdatedAt", i0."UserId", i0."VolatilityLevel"
FROM "Trades" AS t
INNER JOIN (
    SELECT i."Id", i."CreatedAt", i."Description", i."IsDeleted", i."MaxLot", i."Name", i."Notes", i."SafeLotSize", i."Symbol", i."UpdatedAt", i."UserId", i."VolatilityLevel"
    FROM "Instruments" AS i
    WHERE NOT (i."IsDeleted")
) AS i0 ON t."InstrumentId" = i0."Id"
WHERE NOT (t."IsDeleted") AND t."UserId" = @userId
ORDER BY t."TradeDate"
2026-04-29 23:45:18.916 +05:30 [INF] Executed DbCommand (2ms) [Parameters=[@userId='?' (DbType = Guid)], CommandType='"Text"', CommandTimeout='300']
SELECT t."Id", t."Balance", t."Broker", t."CreatedAt", t."Currency", t."DailyDrawdownLimitPct", t."Has5xLotRule", t."IsDefault", t."IsDeleted", t."IsPropFirm", t."MaxAllowedLotSize", t."MaxOverallLossPct", t."MaxRiskPerTradePctOfDailyLimit", t."Name", t."ProfitSplitPct", t."ProfitTargetPct", t."UpdatedAt", t."UseDynamicEquity", t."UserId"
FROM "TradingAccounts" AS t
WHERE NOT (t."IsDeleted") AND t."UserId" = @userId AND t."IsDefault" AND NOT (t."IsDeleted")
LIMIT 1
2026-04-29 23:45:18.918 +05:30 [INF] Executed DbCommand (3ms) [Parameters=[@userId='?' (DbType = Guid)], CommandType='"Text"', CommandTimeout='300']
SELECT t."Id", t."Balance", t."Broker", t."CreatedAt", t."Currency", t."DailyDrawdownLimitPct", t."Has5xLotRule", t."IsDefault", t."IsDeleted", t."IsPropFirm", t."MaxAllowedLotSize", t."MaxOverallLossPct", t."MaxRiskPerTradePctOfDailyLimit", t."Name", t."ProfitSplitPct", t."ProfitTargetPct", t."UpdatedAt", t."UseDynamicEquity", t."UserId"
FROM "TradingAccounts" AS t
WHERE NOT (t."IsDeleted") AND t."UserId" = @userId AND t."IsDefault" AND NOT (t."IsDeleted")
LIMIT 1
2026-04-29 23:45:18.990 +05:30 [INF] Executed DbCommand (2ms) [Parameters=[@userId='?' (DbType = Guid)], CommandType='"Text"', CommandTimeout='300']
SELECT t."Id", t."Balance", t."Broker", t."CreatedAt", t."Currency", t."DailyDrawdownLimitPct", t."Has5xLotRule", t."IsDefault", t."IsDeleted", t."IsPropFirm", t."MaxAllowedLotSize", t."MaxOverallLossPct", t."MaxRiskPerTradePctOfDailyLimit", t."Name", t."ProfitSplitPct", t."ProfitTargetPct", t."UpdatedAt", t."UseDynamicEquity", t."UserId"
FROM "TradingAccounts" AS t
WHERE NOT (t."IsDeleted") AND t."UserId" = @userId AND NOT (t."IsDeleted")
ORDER BY t."CreatedAt" DESC
LIMIT 1
2026-04-29 23:45:18.996 +05:30 [INF] Executed DbCommand (4ms) [Parameters=[@userId='?' (DbType = Guid)], CommandType='"Text"', CommandTimeout='300']
SELECT t."Id", t."Balance", t."Broker", t."CreatedAt", t."Currency", t."DailyDrawdownLimitPct", t."Has5xLotRule", t."IsDefault", t."IsDeleted", t."IsPropFirm", t."MaxAllowedLotSize", t."MaxOverallLossPct", t."MaxRiskPerTradePctOfDailyLimit", t."Name", t."ProfitSplitPct", t."ProfitTargetPct", t."UpdatedAt", t."UseDynamicEquity", t."UserId"
FROM "TradingAccounts" AS t
WHERE NOT (t."IsDeleted") AND t."UserId" = @userId AND NOT (t."IsDeleted")
ORDER BY t."CreatedAt" DESC
LIMIT 1
2026-04-29 23:45:19.067 +05:30 [INF] Executed DbCommand (2ms) [Parameters=[@userId='?' (DbType = Guid)], CommandType='"Text"', CommandTimeout='300']
SELECT a."Id", a."CreatedAt", a."DailyLossLimit", a."Email", a."EmailAlertEnabled", a."IsActive", a."IsDeleted", a."MaxDrawdownPercent", a."MaxTradesPerDay", a."UpdatedAt", a."UserId"
FROM "Alerts" AS a
WHERE a."UserId" = @userId
LIMIT 1
2026-04-29 23:45:19.074 +05:30 [INF] Executed DbCommand (4ms) [Parameters=[@userId='?' (DbType = Guid)], CommandType='"Text"', CommandTimeout='300']
SELECT a."Id", a."CreatedAt", a."DailyLossLimit", a."Email", a."EmailAlertEnabled", a."IsActive", a."IsDeleted", a."MaxDrawdownPercent", a."MaxTradesPerDay", a."UpdatedAt", a."UserId"
FROM "Alerts" AS a
WHERE a."UserId" = @userId
LIMIT 1
2026-04-29 23:45:19.142 +05:30 [INF] Executed DbCommand (2ms) [Parameters=[@userId='?' (DbType = Guid)], CommandType='"Text"', CommandTimeout='300']
SELECT i."Id", i."CreatedAt", i."Description", i."IsDeleted", i."MaxLot", i."Name", i."Notes", i."SafeLotSize", i."Symbol", i."UpdatedAt", i."UserId", i."VolatilityLevel"
FROM "Instruments" AS i
WHERE NOT (i."IsDeleted") AND i."UserId" = @userId
2026-04-29 23:45:19.149 +05:30 [INF] Executed DbCommand (2ms) [Parameters=[@userId='?' (DbType = Guid)], CommandType='"Text"', CommandTimeout='300']
SELECT i."Id", i."CreatedAt", i."Description", i."IsDeleted", i."MaxLot", i."Name", i."Notes", i."SafeLotSize", i."Symbol", i."UpdatedAt", i."UserId", i."VolatilityLevel"
FROM "Instruments" AS i
WHERE NOT (i."IsDeleted") AND i."UserId" = @userId
2026-04-29 23:45:19.181 +05:30 [INF] Executing OkObjectResult, writing value of type 'TradingJournal.Application.DTOs.Dashboard.DashboardSummaryDto'.
2026-04-29 23:45:19.181 +05:30 [INF] Executing OkObjectResult, writing value of type 'TradingJournal.Application.DTOs.Dashboard.DashboardSummaryDto'.
2026-04-29 23:45:19.193 +05:30 [INF] Executed action TradingJournal.API.Controllers.DashboardController.GetSummary (TradingJournal.API) in 532.729ms
2026-04-29 23:45:19.194 +05:30 [INF] Executed endpoint 'TradingJournal.API.Controllers.DashboardController.GetSummary (TradingJournal.API)'
2026-04-29 23:45:19.194 +05:30 [INF] HTTP GET /api/dashboard/summary responded 200 in 545.1375 ms
2026-04-29 23:45:19.194 +05:30 [INF] Request finished HTTP/1.1 GET http://localhost:5283/api/dashboard/summary - 200 null application/json; charset=utf-8 545.7679ms
2026-04-29 23:45:19.196 +05:30 [INF] Executed action TradingJournal.API.Controllers.DashboardController.GetSummary (TradingJournal.API) in 880.2757ms
2026-04-29 23:45:19.196 +05:30 [INF] Executed endpoint 'TradingJournal.API.Controllers.DashboardController.GetSummary (TradingJournal.API)'
2026-04-29 23:45:19.196 +05:30 [INF] HTTP GET /api/dashboard/summary responded 200 in 1029.7781 ms
2026-04-29 23:45:19.197 +05:30 [INF] Request finished HTTP/1.1 GET http://localhost:5283/api/dashboard/summary - 499 null application/json; charset=utf-8 1032.7426ms
2026-04-29 23:45:32.933 +05:30 [INF] Request starting HTTP/1.1 OPTIONS http://localhost:5283/api/dashboard/summary - null null
2026-04-29 23:45:32.935 +05:30 [INF] CORS policy execution successful.
2026-04-29 23:45:32.936 +05:30 [INF] HTTP OPTIONS /api/dashboard/summary responded 204 in 1.4914 ms
2026-04-29 23:45:32.936 +05:30 [INF] Request finished HTTP/1.1 OPTIONS http://localhost:5283/api/dashboard/summary - 204 null null 3.0537ms
2026-04-29 23:45:32.971 +05:30 [INF] Request starting HTTP/1.1 GET http://localhost:5283/api/dashboard/summary - null null
2026-04-29 23:45:32.972 +05:30 [INF] CORS policy execution successful.
2026-04-29 23:45:32.995 +05:30 [INF] Executing endpoint 'TradingJournal.API.Controllers.DashboardController.GetSummary (TradingJournal.API)'
2026-04-29 23:45:32.995 +05:30 [INF] Route matched with {action = "GetSummary", controller = "Dashboard"}. Executing controller action with signature System.Threading.Tasks.Task`1[Microsoft.AspNetCore.Mvc.ActionResult`1[TradingJournal.Application.DTOs.Dashboard.DashboardSummaryDto]] GetSummary() on controller TradingJournal.API.Controllers.DashboardController (TradingJournal.API).
2026-04-29 23:45:33.064 +05:30 [INF] Fetching dashboard summary for user: "0a478092-7251-4b11-a785-05efbf8ad1f6"
2026-04-29 23:45:33.257 +05:30 [INF] Executed DbCommand (10ms) [Parameters=[@userId='?' (DbType = Guid)], CommandType='"Text"', CommandTimeout='300']
SELECT t."Id", t."CreatedAt", t."EntryPrice", t."ExitPrice", t."InstrumentId", t."IsDeleted", t."LotSize", t."Notes", t."ProfitLoss", t."Result", t."RiskPercentage", t."RiskRewardRatio", t."StopLoss", t."Tags", t."TakeProfit", t."TradeDate", t."TradeDurationMinutes", t."TradeType", t."TradingAccountId", t."UpdatedAt", t."UserId", i0."Id", i0."CreatedAt", i0."Description", i0."IsDeleted", i0."MaxLot", i0."Name", i0."Notes", i0."SafeLotSize", i0."Symbol", i0."UpdatedAt", i0."UserId", i0."VolatilityLevel"
FROM "Trades" AS t
INNER JOIN (
    SELECT i."Id", i."CreatedAt", i."Description", i."IsDeleted", i."MaxLot", i."Name", i."Notes", i."SafeLotSize", i."Symbol", i."UpdatedAt", i."UserId", i."VolatilityLevel"
    FROM "Instruments" AS i
    WHERE NOT (i."IsDeleted")
) AS i0 ON t."InstrumentId" = i0."Id"
WHERE NOT (t."IsDeleted") AND t."UserId" = @userId
ORDER BY t."TradeDate"
2026-04-29 23:45:33.453 +05:30 [INF] Executed DbCommand (6ms) [Parameters=[@userId='?' (DbType = Guid)], CommandType='"Text"', CommandTimeout='300']
SELECT t."Id", t."Balance", t."Broker", t."CreatedAt", t."Currency", t."DailyDrawdownLimitPct", t."Has5xLotRule", t."IsDefault", t."IsDeleted", t."IsPropFirm", t."MaxAllowedLotSize", t."MaxOverallLossPct", t."MaxRiskPerTradePctOfDailyLimit", t."Name", t."ProfitSplitPct", t."ProfitTargetPct", t."UpdatedAt", t."UseDynamicEquity", t."UserId"
FROM "TradingAccounts" AS t
WHERE NOT (t."IsDeleted") AND t."UserId" = @userId AND t."IsDefault" AND NOT (t."IsDeleted")
LIMIT 1
2026-04-29 23:45:33.693 +05:30 [INF] Executed DbCommand (6ms) [Parameters=[@userId='?' (DbType = Guid)], CommandType='"Text"', CommandTimeout='300']
SELECT t."Id", t."Balance", t."Broker", t."CreatedAt", t."Currency", t."DailyDrawdownLimitPct", t."Has5xLotRule", t."IsDefault", t."IsDeleted", t."IsPropFirm", t."MaxAllowedLotSize", t."MaxOverallLossPct", t."MaxRiskPerTradePctOfDailyLimit", t."Name", t."ProfitSplitPct", t."ProfitTargetPct", t."UpdatedAt", t."UseDynamicEquity", t."UserId"
FROM "TradingAccounts" AS t
WHERE NOT (t."IsDeleted") AND t."UserId" = @userId AND NOT (t."IsDeleted")
ORDER BY t."CreatedAt" DESC
LIMIT 1
2026-04-29 23:45:33.814 +05:30 [INF] Executed DbCommand (3ms) [Parameters=[@userId='?' (DbType = Guid)], CommandType='"Text"', CommandTimeout='300']
SELECT a."Id", a."CreatedAt", a."DailyLossLimit", a."Email", a."EmailAlertEnabled", a."IsActive", a."IsDeleted", a."MaxDrawdownPercent", a."MaxTradesPerDay", a."UpdatedAt", a."UserId"
FROM "Alerts" AS a
WHERE a."UserId" = @userId
LIMIT 1
2026-04-29 23:45:33.963 +05:30 [INF] Executed DbCommand (5ms) [Parameters=[@userId='?' (DbType = Guid)], CommandType='"Text"', CommandTimeout='300']
SELECT i."Id", i."CreatedAt", i."Description", i."IsDeleted", i."MaxLot", i."Name", i."Notes", i."SafeLotSize", i."Symbol", i."UpdatedAt", i."UserId", i."VolatilityLevel"
FROM "Instruments" AS i
WHERE NOT (i."IsDeleted") AND i."UserId" = @userId
2026-04-29 23:45:33.967 +05:30 [INF] Executing OkObjectResult, writing value of type 'TradingJournal.Application.DTOs.Dashboard.DashboardSummaryDto'.
2026-04-29 23:45:33.970 +05:30 [INF] Executed action TradingJournal.API.Controllers.DashboardController.GetSummary (TradingJournal.API) in 972.3876ms
2026-04-29 23:45:33.971 +05:30 [INF] Executed endpoint 'TradingJournal.API.Controllers.DashboardController.GetSummary (TradingJournal.API)'
2026-04-29 23:45:33.971 +05:30 [INF] HTTP GET /api/dashboard/summary responded 200 in 999.1513 ms
2026-04-29 23:45:33.972 +05:30 [INF] Request finished HTTP/1.1 GET http://localhost:5283/api/dashboard/summary - 200 null application/json; charset=utf-8 1000.1679ms
2026-04-29 23:45:38.558 +05:30 [INF] Request starting HTTP/1.1 OPTIONS http://localhost:5283/hubs/chat/negotiate?access_token=eyJhbGciOiJIUzI1NiIsInR5cCI6IkpXVCJ9.eyJzdWIiOiIwYTQ3ODA5Mi03MjUxLTRiMTEtYTc4NS0wNWVmYmY4YWQxZjYiLCJlbWFpbCI6ImFkbWluQHRyYWRpbmdqb3VybmFsLmNvbSIsImh0dHA6Ly9zY2hlbWFzLm1pY3Jvc29mdC5jb20vd3MvMjAwOC8wNi9pZGVudGl0eS9jbGFpbXMvcm9sZSI6IkFkbWluIiwiZmlyc3ROYW1lIjoiQWRtaW4iLCJsYXN0TmFtZSI6IlVzZXIiLCJqdGkiOiI4OGUwZDkzZS0wMWVmLTRhMWQtYTNiOS0yMjgyN2NmMzg0NDciLCJleHAiOjE3Nzc0OTAxMTMsImlzcyI6IlRyYWRpbmdKb3VybmFsQVBJIiwiYXVkIjoiVHJhZGluZ0pvdXJuYWxDbGllbnQifQ.Xlp-_wdEJRbhzHmYWWmhGZNSUiQ7hezlwaipWmFw0Jk&negotiateVersion=1 - null null
2026-04-29 23:45:38.559 +05:30 [INF] CORS policy execution successful.
2026-04-29 23:45:38.559 +05:30 [INF] HTTP OPTIONS /hubs/chat/negotiate responded 204 in 0.2925 ms
2026-04-29 23:45:38.560 +05:30 [INF] Request finished HTTP/1.1 OPTIONS http://localhost:5283/hubs/chat/negotiate?access_token=eyJhbGciOiJIUzI1NiIsInR5cCI6IkpXVCJ9.eyJzdWIiOiIwYTQ3ODA5Mi03MjUxLTRiMTEtYTc4NS0wNWVmYmY4YWQxZjYiLCJlbWFpbCI6ImFkbWluQHRyYWRpbmdqb3VybmFsLmNvbSIsImh0dHA6Ly9zY2hlbWFzLm1pY3Jvc29mdC5jb20vd3MvMjAwOC8wNi9pZGVudGl0eS9jbGFpbXMvcm9sZSI6IkFkbWluIiwiZmlyc3ROYW1lIjoiQWRtaW4iLCJsYXN0TmFtZSI6IlVzZXIiLCJqdGkiOiI4OGUwZDkzZS0wMWVmLTRhMWQtYTNiOS0yMjgyN2NmMzg0NDciLCJleHAiOjE3Nzc0OTAxMTMsImlzcyI6IlRyYWRpbmdKb3VybmFsQVBJIiwiYXVkIjoiVHJhZGluZ0pvdXJuYWxDbGllbnQifQ.Xlp-_wdEJRbhzHmYWWmhGZNSUiQ7hezlwaipWmFw0Jk&negotiateVersion=1 - 204 null null 1.3275ms
2026-04-29 23:45:38.564 +05:30 [INF] Request starting HTTP/1.1 POST http://localhost:5283/hubs/chat/negotiate?access_token=eyJhbGciOiJIUzI1NiIsInR5cCI6IkpXVCJ9.eyJzdWIiOiIwYTQ3ODA5Mi03MjUxLTRiMTEtYTc4NS0wNWVmYmY4YWQxZjYiLCJlbWFpbCI6ImFkbWluQHRyYWRpbmdqb3VybmFsLmNvbSIsImh0dHA6Ly9zY2hlbWFzLm1pY3Jvc29mdC5jb20vd3MvMjAwOC8wNi9pZGVudGl0eS9jbGFpbXMvcm9sZSI6IkFkbWluIiwiZmlyc3ROYW1lIjoiQWRtaW4iLCJsYXN0TmFtZSI6IlVzZXIiLCJqdGkiOiI4OGUwZDkzZS0wMWVmLTRhMWQtYTNiOS0yMjgyN2NmMzg0NDciLCJleHAiOjE3Nzc0OTAxMTMsImlzcyI6IlRyYWRpbmdKb3VybmFsQVBJIiwiYXVkIjoiVHJhZGluZ0pvdXJuYWxDbGllbnQifQ.Xlp-_wdEJRbhzHmYWWmhGZNSUiQ7hezlwaipWmFw0Jk&negotiateVersion=1 - null 0
2026-04-29 23:45:38.565 +05:30 [INF] CORS policy execution successful.
2026-04-29 23:45:38.568 +05:30 [INF] Request starting HTTP/1.1 OPTIONS http://localhost:5283/api/forum/public?page=1&pageSize=50 - null null
2026-04-29 23:45:38.568 +05:30 [INF] CORS policy execution successful.
2026-04-29 23:45:38.569 +05:30 [INF] HTTP OPTIONS /api/forum/public responded 204 in 0.6352 ms
2026-04-29 23:45:38.569 +05:30 [INF] Request finished HTTP/1.1 OPTIONS http://localhost:5283/api/forum/public?page=1&pageSize=50 - 204 null null 1.3823ms
2026-04-29 23:45:38.573 +05:30 [INF] Request starting HTTP/1.1 GET http://localhost:5283/api/forum/public?page=1&pageSize=50 - null null
2026-04-29 23:45:38.575 +05:30 [INF] Executing endpoint '/hubs/chat/negotiate'
2026-04-29 23:45:38.575 +05:30 [INF] CORS policy execution successful.
2026-04-29 23:45:38.576 +05:30 [INF] Executing endpoint 'TradingJournal.API.Controllers.ForumController.GetPublicMessages (TradingJournal.API)'
2026-04-29 23:45:38.581 +05:30 [INF] Executed endpoint '/hubs/chat/negotiate'
2026-04-29 23:45:38.582 +05:30 [INF] HTTP POST /hubs/chat/negotiate responded 200 in 16.8973 ms
2026-04-29 23:45:38.582 +05:30 [INF] Request finished HTTP/1.1 POST http://localhost:5283/hubs/chat/negotiate?access_token=eyJhbGciOiJIUzI1NiIsInR5cCI6IkpXVCJ9.eyJzdWIiOiIwYTQ3ODA5Mi03MjUxLTRiMTEtYTc4NS0wNWVmYmY4YWQxZjYiLCJlbWFpbCI6ImFkbWluQHRyYWRpbmdqb3VybmFsLmNvbSIsImh0dHA6Ly9zY2hlbWFzLm1pY3Jvc29mdC5jb20vd3MvMjAwOC8wNi9pZGVudGl0eS9jbGFpbXMvcm9sZSI6IkFkbWluIiwiZmlyc3ROYW1lIjoiQWRtaW4iLCJsYXN0TmFtZSI6IlVzZXIiLCJqdGkiOiI4OGUwZDkzZS0wMWVmLTRhMWQtYTNiOS0yMjgyN2NmMzg0NDciLCJleHAiOjE3Nzc0OTAxMTMsImlzcyI6IlRyYWRpbmdKb3VybmFsQVBJIiwiYXVkIjoiVHJhZGluZ0pvdXJuYWxDbGllbnQifQ.Xlp-_wdEJRbhzHmYWWmhGZNSUiQ7hezlwaipWmFw0Jk&negotiateVersion=1 - 200 316 application/json 17.639ms
2026-04-29 23:45:38.593 +05:30 [INF] Route matched with {action = "GetPublicMessages", controller = "Forum"}. Executing controller action with signature System.Threading.Tasks.Task`1[Microsoft.AspNetCore.Mvc.IActionResult] GetPublicMessages(Int32, Int32) on controller TradingJournal.API.Controllers.ForumController (TradingJournal.API).
2026-04-29 23:45:38.617 +05:30 [INF] Request starting HTTP/1.1 GET http://localhost:5283/hubs/chat?access_token=eyJhbGciOiJIUzI1NiIsInR5cCI6IkpXVCJ9.eyJzdWIiOiIwYTQ3ODA5Mi03MjUxLTRiMTEtYTc4NS0wNWVmYmY4YWQxZjYiLCJlbWFpbCI6ImFkbWluQHRyYWRpbmdqb3VybmFsLmNvbSIsImh0dHA6Ly9zY2hlbWFzLm1pY3Jvc29mdC5jb20vd3MvMjAwOC8wNi9pZGVudGl0eS9jbGFpbXMvcm9sZSI6IkFkbWluIiwiZmlyc3ROYW1lIjoiQWRtaW4iLCJsYXN0TmFtZSI6IlVzZXIiLCJqdGkiOiI4OGUwZDkzZS0wMWVmLTRhMWQtYTNiOS0yMjgyN2NmMzg0NDciLCJleHAiOjE3Nzc0OTAxMTMsImlzcyI6IlRyYWRpbmdKb3VybmFsQVBJIiwiYXVkIjoiVHJhZGluZ0pvdXJuYWxDbGllbnQifQ.Xlp-_wdEJRbhzHmYWWmhGZNSUiQ7hezlwaipWmFw0Jk&id=LVhMg-8aZY3BZbD8Y2kEVw - null null
2026-04-29 23:45:38.618 +05:30 [INF] CORS policy execution successful.
2026-04-29 23:45:38.619 +05:30 [INF] Executing endpoint '/hubs/chat'
2026-04-29 23:45:38.873 +05:30 [INF] Executed DbCommand (12ms) [Parameters=[@p1='?' (DbType = Int32), @p='?' (DbType = Int32)], CommandType='"Text"', CommandTimeout='300']
SELECT f0."Id", f0."AuthorId", f0."ChannelType", f0."Content", f0."CreatedAt", f0."EditedAt", f0."IsDeleted", f0."IsEdited", f0."IsRead", f0."ParentMessageId", f0."ReceiverId", f0."SenderId", f0."UpdatedAt", u0."Id", u0."AccountBalance", u0."AllowedSections", u0."CreatedAt", u0."Email", u0."FirstName", u0."IsActive", u0."IsDeleted", u0."LastName", u0."PasswordHash", u0."ProfileImageUrl", u0."RefreshToken", u0."RefreshTokenExpiry", u0."Role", u0."UpdatedAt", f2."Id", f2."AuthorId", f2."ChannelType", f2."Content", f2."CreatedAt", f2."EditedAt", f2."IsDeleted", f2."IsEdited", f2."IsRead", f2."ParentMessageId", f2."ReceiverId", f2."SenderId", f2."UpdatedAt"
FROM (
    SELECT f."Id", f."AuthorId", f."ChannelType", f."Content", f."CreatedAt", f."EditedAt", f."IsDeleted", f."IsEdited", f."IsRead", f."ParentMessageId", f."ReceiverId", f."SenderId", f."UpdatedAt"
    FROM "ForumMessages" AS f
    WHERE NOT (f."IsDeleted") AND f."ChannelType" = 1 AND f."ParentMessageId" IS NULL
    ORDER BY f."CreatedAt" DESC
    LIMIT @p1 OFFSET @p
) AS f0
INNER JOIN (
    SELECT u."Id", u."AccountBalance", u."AllowedSections", u."CreatedAt", u."Email", u."FirstName", u."IsActive", u."IsDeleted", u."LastName", u."PasswordHash", u."ProfileImageUrl", u."RefreshToken", u."RefreshTokenExpiry", u."Role", u."UpdatedAt"
    FROM "Users" AS u
    WHERE NOT (u."IsDeleted")
) AS u0 ON f0."AuthorId" = u0."Id"
LEFT JOIN (
    SELECT f1."Id", f1."AuthorId", f1."ChannelType", f1."Content", f1."CreatedAt", f1."EditedAt", f1."IsDeleted", f1."IsEdited", f1."IsRead", f1."ParentMessageId", f1."ReceiverId", f1."SenderId", f1."UpdatedAt"
    FROM "ForumMessages" AS f1
    WHERE NOT (f1."IsDeleted")
) AS f2 ON f0."Id" = f2."ParentMessageId"
ORDER BY f0."CreatedAt" DESC, f0."Id", u0."Id"
2026-04-29 23:45:39.025 +05:30 [INF] Executed DbCommand (4ms) [Parameters=[], CommandType='"Text"', CommandTimeout='300']
SELECT count(*)::int
FROM "ForumMessages" AS f
WHERE NOT (f."IsDeleted") AND f."ChannelType" = 1 AND f."ParentMessageId" IS NULL
2026-04-29 23:45:39.041 +05:30 [INF] Executing OkObjectResult, writing value of type '<>f__AnonymousType2`2[[System.Collections.Generic.List`1[[TradingJournal.Application.DTOs.Forum.ForumMessageDto, TradingJournal.Application, Version=1.0.0.0, Culture=neutral, PublicKeyToken=null]], System.Private.CoreLib, Version=10.0.0.0, Culture=neutral, PublicKeyToken=7cec85d7bea7798e],[System.Int32, System.Private.CoreLib, Version=10.0.0.0, Culture=neutral, PublicKeyToken=7cec85d7bea7798e]]'.
2026-04-29 23:45:39.096 +05:30 [INF] Executed action TradingJournal.API.Controllers.ForumController.GetPublicMessages (TradingJournal.API) in 502.3897ms
2026-04-29 23:45:39.096 +05:30 [INF] Executed endpoint 'TradingJournal.API.Controllers.ForumController.GetPublicMessages (TradingJournal.API)'
2026-04-29 23:45:39.096 +05:30 [INF] HTTP GET /api/forum/public responded 200 in 521.3002 ms
2026-04-29 23:45:39.096 +05:30 [INF] Request finished HTTP/1.1 GET http://localhost:5283/api/forum/public?page=1&pageSize=50 - 200 null application/json; charset=utf-8 523.3009ms
2026-04-29 23:45:41.927 +05:30 [INF] Executed endpoint '/hubs/chat'
2026-04-29 23:45:41.927 +05:30 [INF] HTTP GET /hubs/chat responded 101 in 3309.4723 ms
2026-04-29 23:45:41.927 +05:30 [INF] Request finished HTTP/1.1 GET http://localhost:5283/hubs/chat?access_token=eyJhbGciOiJIUzI1NiIsInR5cCI6IkpXVCJ9.eyJzdWIiOiIwYTQ3ODA5Mi03MjUxLTRiMTEtYTc4NS0wNWVmYmY4YWQxZjYiLCJlbWFpbCI6ImFkbWluQHRyYWRpbmdqb3VybmFsLmNvbSIsImh0dHA6Ly9zY2hlbWFzLm1pY3Jvc29mdC5jb20vd3MvMjAwOC8wNi9pZGVudGl0eS9jbGFpbXMvcm9sZSI6IkFkbWluIiwiZmlyc3ROYW1lIjoiQWRtaW4iLCJsYXN0TmFtZSI6IlVzZXIiLCJqdGkiOiI4OGUwZDkzZS0wMWVmLTRhMWQtYTNiOS0yMjgyN2NmMzg0NDciLCJleHAiOjE3Nzc0OTAxMTMsImlzcyI6IlRyYWRpbmdKb3VybmFsQVBJIiwiYXVkIjoiVHJhZGluZ0pvdXJuYWxDbGllbnQifQ.Xlp-_wdEJRbhzHmYWWmhGZNSUiQ7hezlwaipWmFw0Jk&id=LVhMg-8aZY3BZbD8Y2kEVw - 101 null null 3310.2371ms
2026-04-29 23:45:43.570 +05:30 [INF] Request starting HTTP/1.1 OPTIONS http://localhost:5283/hubs/chat/negotiate?access_token=eyJhbGciOiJIUzI1NiIsInR5cCI6IkpXVCJ9.eyJzdWIiOiIwYTQ3ODA5Mi03MjUxLTRiMTEtYTc4NS0wNWVmYmY4YWQxZjYiLCJlbWFpbCI6ImFkbWluQHRyYWRpbmdqb3VybmFsLmNvbSIsImh0dHA6Ly9zY2hlbWFzLm1pY3Jvc29mdC5jb20vd3MvMjAwOC8wNi9pZGVudGl0eS9jbGFpbXMvcm9sZSI6IkFkbWluIiwiZmlyc3ROYW1lIjoiQWRtaW4iLCJsYXN0TmFtZSI6IlVzZXIiLCJqdGkiOiI4OGUwZDkzZS0wMWVmLTRhMWQtYTNiOS0yMjgyN2NmMzg0NDciLCJleHAiOjE3Nzc0OTAxMTMsImlzcyI6IlRyYWRpbmdKb3VybmFsQVBJIiwiYXVkIjoiVHJhZGluZ0pvdXJuYWxDbGllbnQifQ.Xlp-_wdEJRbhzHmYWWmhGZNSUiQ7hezlwaipWmFw0Jk&negotiateVersion=1 - null null
2026-04-29 23:45:43.571 +05:30 [INF] CORS policy execution successful.
2026-04-29 23:45:43.572 +05:30 [INF] HTTP OPTIONS /hubs/chat/negotiate responded 204 in 0.7205 ms
2026-04-29 23:45:43.572 +05:30 [INF] Request finished HTTP/1.1 OPTIONS http://localhost:5283/hubs/chat/negotiate?access_token=eyJhbGciOiJIUzI1NiIsInR5cCI6IkpXVCJ9.eyJzdWIiOiIwYTQ3ODA5Mi03MjUxLTRiMTEtYTc4NS0wNWVmYmY4YWQxZjYiLCJlbWFpbCI6ImFkbWluQHRyYWRpbmdqb3VybmFsLmNvbSIsImh0dHA6Ly9zY2hlbWFzLm1pY3Jvc29mdC5jb20vd3MvMjAwOC8wNi9pZGVudGl0eS9jbGFpbXMvcm9sZSI6IkFkbWluIiwiZmlyc3ROYW1lIjoiQWRtaW4iLCJsYXN0TmFtZSI6IlVzZXIiLCJqdGkiOiI4OGUwZDkzZS0wMWVmLTRhMWQtYTNiOS0yMjgyN2NmMzg0NDciLCJleHAiOjE3Nzc0OTAxMTMsImlzcyI6IlRyYWRpbmdKb3VybmFsQVBJIiwiYXVkIjoiVHJhZGluZ0pvdXJuYWxDbGllbnQifQ.Xlp-_wdEJRbhzHmYWWmhGZNSUiQ7hezlwaipWmFw0Jk&negotiateVersion=1 - 204 null null 2.0853ms
2026-04-29 23:45:43.579 +05:30 [INF] Request starting HTTP/1.1 POST http://localhost:5283/hubs/chat/negotiate?access_token=eyJhbGciOiJIUzI1NiIsInR5cCI6IkpXVCJ9.eyJzdWIiOiIwYTQ3ODA5Mi03MjUxLTRiMTEtYTc4NS0wNWVmYmY4YWQxZjYiLCJlbWFpbCI6ImFkbWluQHRyYWRpbmdqb3VybmFsLmNvbSIsImh0dHA6Ly9zY2hlbWFzLm1pY3Jvc29mdC5jb20vd3MvMjAwOC8wNi9pZGVudGl0eS9jbGFpbXMvcm9sZSI6IkFkbWluIiwiZmlyc3ROYW1lIjoiQWRtaW4iLCJsYXN0TmFtZSI6IlVzZXIiLCJqdGkiOiI4OGUwZDkzZS0wMWVmLTRhMWQtYTNiOS0yMjgyN2NmMzg0NDciLCJleHAiOjE3Nzc0OTAxMTMsImlzcyI6IlRyYWRpbmdKb3VybmFsQVBJIiwiYXVkIjoiVHJhZGluZ0pvdXJuYWxDbGllbnQifQ.Xlp-_wdEJRbhzHmYWWmhGZNSUiQ7hezlwaipWmFw0Jk&negotiateVersion=1 - null 0
2026-04-29 23:45:43.579 +05:30 [INF] CORS policy execution successful.
2026-04-29 23:45:43.581 +05:30 [INF] Executing endpoint '/hubs/chat/negotiate'
2026-04-29 23:45:43.582 +05:30 [INF] Executed endpoint '/hubs/chat/negotiate'
2026-04-29 23:45:43.583 +05:30 [INF] HTTP POST /hubs/chat/negotiate responded 200 in 3.4571 ms
2026-04-29 23:45:43.583 +05:30 [INF] Request finished HTTP/1.1 POST http://localhost:5283/hubs/chat/negotiate?access_token=eyJhbGciOiJIUzI1NiIsInR5cCI6IkpXVCJ9.eyJzdWIiOiIwYTQ3ODA5Mi03MjUxLTRiMTEtYTc4NS0wNWVmYmY4YWQxZjYiLCJlbWFpbCI6ImFkbWluQHRyYWRpbmdqb3VybmFsLmNvbSIsImh0dHA6Ly9zY2hlbWFzLm1pY3Jvc29mdC5jb20vd3MvMjAwOC8wNi9pZGVudGl0eS9jbGFpbXMvcm9sZSI6IkFkbWluIiwiZmlyc3ROYW1lIjoiQWRtaW4iLCJsYXN0TmFtZSI6IlVzZXIiLCJqdGkiOiI4OGUwZDkzZS0wMWVmLTRhMWQtYTNiOS0yMjgyN2NmMzg0NDciLCJleHAiOjE3Nzc0OTAxMTMsImlzcyI6IlRyYWRpbmdKb3VybmFsQVBJIiwiYXVkIjoiVHJhZGluZ0pvdXJuYWxDbGllbnQifQ.Xlp-_wdEJRbhzHmYWWmhGZNSUiQ7hezlwaipWmFw0Jk&negotiateVersion=1 - 200 316 application/json 4.3195ms
2026-04-29 23:45:43.601 +05:30 [INF] Request starting HTTP/1.1 OPTIONS http://localhost:5283/api/forum/public?page=1&pageSize=50 - null null
2026-04-29 23:45:43.603 +05:30 [INF] CORS policy execution successful.
2026-04-29 23:45:43.605 +05:30 [INF] HTTP OPTIONS /api/forum/public responded 204 in 2.3122 ms
2026-04-29 23:45:43.606 +05:30 [INF] Request finished HTTP/1.1 OPTIONS http://localhost:5283/api/forum/public?page=1&pageSize=50 - 204 null null 4.6554ms
2026-04-29 23:45:43.611 +05:30 [INF] Request starting HTTP/1.1 GET http://localhost:5283/api/forum/public?page=1&pageSize=50 - null null
2026-04-29 23:45:43.612 +05:30 [INF] CORS policy execution successful.
2026-04-29 23:45:43.614 +05:30 [INF] Executing endpoint 'TradingJournal.API.Controllers.ForumController.GetPublicMessages (TradingJournal.API)'
2026-04-29 23:45:43.615 +05:30 [INF] Route matched with {action = "GetPublicMessages", controller = "Forum"}. Executing controller action with signature System.Threading.Tasks.Task`1[Microsoft.AspNetCore.Mvc.IActionResult] GetPublicMessages(Int32, Int32) on controller TradingJournal.API.Controllers.ForumController (TradingJournal.API).
2026-04-29 23:45:43.793 +05:30 [INF] Executed DbCommand (12ms) [Parameters=[@p1='?' (DbType = Int32), @p='?' (DbType = Int32)], CommandType='"Text"', CommandTimeout='300']
SELECT f0."Id", f0."AuthorId", f0."ChannelType", f0."Content", f0."CreatedAt", f0."EditedAt", f0."IsDeleted", f0."IsEdited", f0."IsRead", f0."ParentMessageId", f0."ReceiverId", f0."SenderId", f0."UpdatedAt", u0."Id", u0."AccountBalance", u0."AllowedSections", u0."CreatedAt", u0."Email", u0."FirstName", u0."IsActive", u0."IsDeleted", u0."LastName", u0."PasswordHash", u0."ProfileImageUrl", u0."RefreshToken", u0."RefreshTokenExpiry", u0."Role", u0."UpdatedAt", f2."Id", f2."AuthorId", f2."ChannelType", f2."Content", f2."CreatedAt", f2."EditedAt", f2."IsDeleted", f2."IsEdited", f2."IsRead", f2."ParentMessageId", f2."ReceiverId", f2."SenderId", f2."UpdatedAt"
FROM (
    SELECT f."Id", f."AuthorId", f."ChannelType", f."Content", f."CreatedAt", f."EditedAt", f."IsDeleted", f."IsEdited", f."IsRead", f."ParentMessageId", f."ReceiverId", f."SenderId", f."UpdatedAt"
    FROM "ForumMessages" AS f
    WHERE NOT (f."IsDeleted") AND f."ChannelType" = 1 AND f."ParentMessageId" IS NULL
    ORDER BY f."CreatedAt" DESC
    LIMIT @p1 OFFSET @p
) AS f0
INNER JOIN (
    SELECT u."Id", u."AccountBalance", u."AllowedSections", u."CreatedAt", u."Email", u."FirstName", u."IsActive", u."IsDeleted", u."LastName", u."PasswordHash", u."ProfileImageUrl", u."RefreshToken", u."RefreshTokenExpiry", u."Role", u."UpdatedAt"
    FROM "Users" AS u
    WHERE NOT (u."IsDeleted")
) AS u0 ON f0."AuthorId" = u0."Id"
LEFT JOIN (
    SELECT f1."Id", f1."AuthorId", f1."ChannelType", f1."Content", f1."CreatedAt", f1."EditedAt", f1."IsDeleted", f1."IsEdited", f1."IsRead", f1."ParentMessageId", f1."ReceiverId", f1."SenderId", f1."UpdatedAt"
    FROM "ForumMessages" AS f1
    WHERE NOT (f1."IsDeleted")
) AS f2 ON f0."Id" = f2."ParentMessageId"
ORDER BY f0."CreatedAt" DESC, f0."Id", u0."Id"
2026-04-29 23:45:43.962 +05:30 [INF] Executed DbCommand (20ms) [Parameters=[], CommandType='"Text"', CommandTimeout='300']
SELECT count(*)::int
FROM "ForumMessages" AS f
WHERE NOT (f."IsDeleted") AND f."ChannelType" = 1 AND f."ParentMessageId" IS NULL
2026-04-29 23:45:43.991 +05:30 [INF] Executing OkObjectResult, writing value of type '<>f__AnonymousType2`2[[System.Collections.Generic.List`1[[TradingJournal.Application.DTOs.Forum.ForumMessageDto, TradingJournal.Application, Version=1.0.0.0, Culture=neutral, PublicKeyToken=null]], System.Private.CoreLib, Version=10.0.0.0, Culture=neutral, PublicKeyToken=7cec85d7bea7798e],[System.Int32, System.Private.CoreLib, Version=10.0.0.0, Culture=neutral, PublicKeyToken=7cec85d7bea7798e]]'.
2026-04-29 23:45:43.997 +05:30 [INF] Executed action TradingJournal.API.Controllers.ForumController.GetPublicMessages (TradingJournal.API) in 380.9789ms
2026-04-29 23:45:43.997 +05:30 [INF] Executed endpoint 'TradingJournal.API.Controllers.ForumController.GetPublicMessages (TradingJournal.API)'
2026-04-29 23:45:43.997 +05:30 [INF] HTTP GET /api/forum/public responded 200 in 385.3018 ms
2026-04-29 23:45:43.997 +05:30 [INF] Request finished HTTP/1.1 GET http://localhost:5283/api/forum/public?page=1&pageSize=50 - 200 null application/json; charset=utf-8 385.9415ms
2026-04-29 23:45:44.128 +05:30 [INF] Request starting HTTP/1.1 GET http://localhost:5283/hubs/chat?access_token=eyJhbGciOiJIUzI1NiIsInR5cCI6IkpXVCJ9.eyJzdWIiOiIwYTQ3ODA5Mi03MjUxLTRiMTEtYTc4NS0wNWVmYmY4YWQxZjYiLCJlbWFpbCI6ImFkbWluQHRyYWRpbmdqb3VybmFsLmNvbSIsImh0dHA6Ly9zY2hlbWFzLm1pY3Jvc29mdC5jb20vd3MvMjAwOC8wNi9pZGVudGl0eS9jbGFpbXMvcm9sZSI6IkFkbWluIiwiZmlyc3ROYW1lIjoiQWRtaW4iLCJsYXN0TmFtZSI6IlVzZXIiLCJqdGkiOiI4OGUwZDkzZS0wMWVmLTRhMWQtYTNiOS0yMjgyN2NmMzg0NDciLCJleHAiOjE3Nzc0OTAxMTMsImlzcyI6IlRyYWRpbmdKb3VybmFsQVBJIiwiYXVkIjoiVHJhZGluZ0pvdXJuYWxDbGllbnQifQ.Xlp-_wdEJRbhzHmYWWmhGZNSUiQ7hezlwaipWmFw0Jk&id=Ywyw3RaVSJTebo-0b6KCMw - null null
2026-04-29 23:45:44.128 +05:30 [INF] CORS policy execution successful.
2026-04-29 23:45:44.129 +05:30 [INF] Executing endpoint '/hubs/chat'
2026-04-29 23:46:42.309 +05:30 [INF] Executed endpoint '/hubs/chat'
2026-04-29 23:46:42.309 +05:30 [INF] HTTP GET /hubs/chat responded 101 in 58180.9128 ms
2026-04-29 23:46:42.310 +05:30 [INF] Request finished HTTP/1.1 GET http://localhost:5283/hubs/chat?access_token=eyJhbGciOiJIUzI1NiIsInR5cCI6IkpXVCJ9.eyJzdWIiOiIwYTQ3ODA5Mi03MjUxLTRiMTEtYTc4NS0wNWVmYmY4YWQxZjYiLCJlbWFpbCI6ImFkbWluQHRyYWRpbmdqb3VybmFsLmNvbSIsImh0dHA6Ly9zY2hlbWFzLm1pY3Jvc29mdC5jb20vd3MvMjAwOC8wNi9pZGVudGl0eS9jbGFpbXMvcm9sZSI6IkFkbWluIiwiZmlyc3ROYW1lIjoiQWRtaW4iLCJsYXN0TmFtZSI6IlVzZXIiLCJqdGkiOiI4OGUwZDkzZS0wMWVmLTRhMWQtYTNiOS0yMjgyN2NmMzg0NDciLCJleHAiOjE3Nzc0OTAxMTMsImlzcyI6IlRyYWRpbmdKb3VybmFsQVBJIiwiYXVkIjoiVHJhZGluZ0pvdXJuYWxDbGllbnQifQ.Xlp-_wdEJRbhzHmYWWmhGZNSUiQ7hezlwaipWmFw0Jk&id=Ywyw3RaVSJTebo-0b6KCMw - 101 null null 58181.3758ms
2026-04-29 23:46:44.163 +05:30 [INF] Request starting HTTP/1.1 OPTIONS http://localhost:5283/hubs/chat/negotiate?access_token=eyJhbGciOiJIUzI1NiIsInR5cCI6IkpXVCJ9.eyJzdWIiOiIwYTQ3ODA5Mi03MjUxLTRiMTEtYTc4NS0wNWVmYmY4YWQxZjYiLCJlbWFpbCI6ImFkbWluQHRyYWRpbmdqb3VybmFsLmNvbSIsImh0dHA6Ly9zY2hlbWFzLm1pY3Jvc29mdC5jb20vd3MvMjAwOC8wNi9pZGVudGl0eS9jbGFpbXMvcm9sZSI6IkFkbWluIiwiZmlyc3ROYW1lIjoiQWRtaW4iLCJsYXN0TmFtZSI6IlVzZXIiLCJqdGkiOiI4OGUwZDkzZS0wMWVmLTRhMWQtYTNiOS0yMjgyN2NmMzg0NDciLCJleHAiOjE3Nzc0OTAxMTMsImlzcyI6IlRyYWRpbmdKb3VybmFsQVBJIiwiYXVkIjoiVHJhZGluZ0pvdXJuYWxDbGllbnQifQ.Xlp-_wdEJRbhzHmYWWmhGZNSUiQ7hezlwaipWmFw0Jk&negotiateVersion=1 - null null
2026-04-29 23:46:44.163 +05:30 [INF] CORS policy execution successful.
2026-04-29 23:46:44.163 +05:30 [INF] HTTP OPTIONS /hubs/chat/negotiate responded 204 in 0.1732 ms
2026-04-29 23:46:44.163 +05:30 [INF] Request finished HTTP/1.1 OPTIONS http://localhost:5283/hubs/chat/negotiate?access_token=eyJhbGciOiJIUzI1NiIsInR5cCI6IkpXVCJ9.eyJzdWIiOiIwYTQ3ODA5Mi03MjUxLTRiMTEtYTc4NS0wNWVmYmY4YWQxZjYiLCJlbWFpbCI6ImFkbWluQHRyYWRpbmdqb3VybmFsLmNvbSIsImh0dHA6Ly9zY2hlbWFzLm1pY3Jvc29mdC5jb20vd3MvMjAwOC8wNi9pZGVudGl0eS9jbGFpbXMvcm9sZSI6IkFkbWluIiwiZmlyc3ROYW1lIjoiQWRtaW4iLCJsYXN0TmFtZSI6IlVzZXIiLCJqdGkiOiI4OGUwZDkzZS0wMWVmLTRhMWQtYTNiOS0yMjgyN2NmMzg0NDciLCJleHAiOjE3Nzc0OTAxMTMsImlzcyI6IlRyYWRpbmdKb3VybmFsQVBJIiwiYXVkIjoiVHJhZGluZ0pvdXJuYWxDbGllbnQifQ.Xlp-_wdEJRbhzHmYWWmhGZNSUiQ7hezlwaipWmFw0Jk&negotiateVersion=1 - 204 null null 0.535ms
2026-04-29 23:46:44.165 +05:30 [INF] Request starting HTTP/1.1 POST http://localhost:5283/hubs/chat/negotiate?access_token=eyJhbGciOiJIUzI1NiIsInR5cCI6IkpXVCJ9.eyJzdWIiOiIwYTQ3ODA5Mi03MjUxLTRiMTEtYTc4NS0wNWVmYmY4YWQxZjYiLCJlbWFpbCI6ImFkbWluQHRyYWRpbmdqb3VybmFsLmNvbSIsImh0dHA6Ly9zY2hlbWFzLm1pY3Jvc29mdC5jb20vd3MvMjAwOC8wNi9pZGVudGl0eS9jbGFpbXMvcm9sZSI6IkFkbWluIiwiZmlyc3ROYW1lIjoiQWRtaW4iLCJsYXN0TmFtZSI6IlVzZXIiLCJqdGkiOiI4OGUwZDkzZS0wMWVmLTRhMWQtYTNiOS0yMjgyN2NmMzg0NDciLCJleHAiOjE3Nzc0OTAxMTMsImlzcyI6IlRyYWRpbmdKb3VybmFsQVBJIiwiYXVkIjoiVHJhZGluZ0pvdXJuYWxDbGllbnQifQ.Xlp-_wdEJRbhzHmYWWmhGZNSUiQ7hezlwaipWmFw0Jk&negotiateVersion=1 - null 0
2026-04-29 23:46:44.166 +05:30 [INF] CORS policy execution successful.
2026-04-29 23:46:44.166 +05:30 [INF] Executing endpoint '/hubs/chat/negotiate'
2026-04-29 23:46:44.167 +05:30 [INF] Executed endpoint '/hubs/chat/negotiate'
2026-04-29 23:46:44.167 +05:30 [INF] HTTP POST /hubs/chat/negotiate responded 200 in 1.0851 ms
2026-04-29 23:46:44.167 +05:30 [INF] Request finished HTTP/1.1 POST http://localhost:5283/hubs/chat/negotiate?access_token=eyJhbGciOiJIUzI1NiIsInR5cCI6IkpXVCJ9.eyJzdWIiOiIwYTQ3ODA5Mi03MjUxLTRiMTEtYTc4NS0wNWVmYmY4YWQxZjYiLCJlbWFpbCI6ImFkbWluQHRyYWRpbmdqb3VybmFsLmNvbSIsImh0dHA6Ly9zY2hlbWFzLm1pY3Jvc29mdC5jb20vd3MvMjAwOC8wNi9pZGVudGl0eS9jbGFpbXMvcm9sZSI6IkFkbWluIiwiZmlyc3ROYW1lIjoiQWRtaW4iLCJsYXN0TmFtZSI6IlVzZXIiLCJqdGkiOiI4OGUwZDkzZS0wMWVmLTRhMWQtYTNiOS0yMjgyN2NmMzg0NDciLCJleHAiOjE3Nzc0OTAxMTMsImlzcyI6IlRyYWRpbmdKb3VybmFsQVBJIiwiYXVkIjoiVHJhZGluZ0pvdXJuYWxDbGllbnQifQ.Xlp-_wdEJRbhzHmYWWmhGZNSUiQ7hezlwaipWmFw0Jk&negotiateVersion=1 - 200 316 application/json 1.361ms
2026-04-29 23:46:44.181 +05:30 [INF] Request starting HTTP/1.1 OPTIONS http://localhost:5283/api/forum/public?page=1&pageSize=50 - null null
2026-04-29 23:46:44.181 +05:30 [INF] CORS policy execution successful.
2026-04-29 23:46:44.181 +05:30 [INF] HTTP OPTIONS /api/forum/public responded 204 in 0.1428 ms
2026-04-29 23:46:44.182 +05:30 [INF] Request finished HTTP/1.1 OPTIONS http://localhost:5283/api/forum/public?page=1&pageSize=50 - 204 null null 0.4065ms
2026-04-29 23:46:44.185 +05:30 [INF] Request starting HTTP/1.1 GET http://localhost:5283/api/forum/public?page=1&pageSize=50 - null null
2026-04-29 23:46:44.186 +05:30 [INF] CORS policy execution successful.
2026-04-29 23:46:44.186 +05:30 [INF] Executing endpoint 'TradingJournal.API.Controllers.ForumController.GetPublicMessages (TradingJournal.API)'
2026-04-29 23:46:44.186 +05:30 [INF] Route matched with {action = "GetPublicMessages", controller = "Forum"}. Executing controller action with signature System.Threading.Tasks.Task`1[Microsoft.AspNetCore.Mvc.IActionResult] GetPublicMessages(Int32, Int32) on controller TradingJournal.API.Controllers.ForumController (TradingJournal.API).
2026-04-29 23:46:44.242 +05:30 [INF] Executed DbCommand (4ms) [Parameters=[@p1='?' (DbType = Int32), @p='?' (DbType = Int32)], CommandType='"Text"', CommandTimeout='300']
SELECT f0."Id", f0."AuthorId", f0."ChannelType", f0."Content", f0."CreatedAt", f0."EditedAt", f0."IsDeleted", f0."IsEdited", f0."IsRead", f0."ParentMessageId", f0."ReceiverId", f0."SenderId", f0."UpdatedAt", u0."Id", u0."AccountBalance", u0."AllowedSections", u0."CreatedAt", u0."Email", u0."FirstName", u0."IsActive", u0."IsDeleted", u0."LastName", u0."PasswordHash", u0."ProfileImageUrl", u0."RefreshToken", u0."RefreshTokenExpiry", u0."Role", u0."UpdatedAt", f2."Id", f2."AuthorId", f2."ChannelType", f2."Content", f2."CreatedAt", f2."EditedAt", f2."IsDeleted", f2."IsEdited", f2."IsRead", f2."ParentMessageId", f2."ReceiverId", f2."SenderId", f2."UpdatedAt"
FROM (
    SELECT f."Id", f."AuthorId", f."ChannelType", f."Content", f."CreatedAt", f."EditedAt", f."IsDeleted", f."IsEdited", f."IsRead", f."ParentMessageId", f."ReceiverId", f."SenderId", f."UpdatedAt"
    FROM "ForumMessages" AS f
    WHERE NOT (f."IsDeleted") AND f."ChannelType" = 1 AND f."ParentMessageId" IS NULL
    ORDER BY f."CreatedAt" DESC
    LIMIT @p1 OFFSET @p
) AS f0
INNER JOIN (
    SELECT u."Id", u."AccountBalance", u."AllowedSections", u."CreatedAt", u."Email", u."FirstName", u."IsActive", u."IsDeleted", u."LastName", u."PasswordHash", u."ProfileImageUrl", u."RefreshToken", u."RefreshTokenExpiry", u."Role", u."UpdatedAt"
    FROM "Users" AS u
    WHERE NOT (u."IsDeleted")
) AS u0 ON f0."AuthorId" = u0."Id"
LEFT JOIN (
    SELECT f1."Id", f1."AuthorId", f1."ChannelType", f1."Content", f1."CreatedAt", f1."EditedAt", f1."IsDeleted", f1."IsEdited", f1."IsRead", f1."ParentMessageId", f1."ReceiverId", f1."SenderId", f1."UpdatedAt"
    FROM "ForumMessages" AS f1
    WHERE NOT (f1."IsDeleted")
) AS f2 ON f0."Id" = f2."ParentMessageId"
ORDER BY f0."CreatedAt" DESC, f0."Id", u0."Id"
2026-04-29 23:46:44.304 +05:30 [INF] Executed DbCommand (4ms) [Parameters=[], CommandType='"Text"', CommandTimeout='300']
SELECT count(*)::int
FROM "ForumMessages" AS f
WHERE NOT (f."IsDeleted") AND f."ChannelType" = 1 AND f."ParentMessageId" IS NULL
2026-04-29 23:46:44.305 +05:30 [INF] Executing OkObjectResult, writing value of type '<>f__AnonymousType2`2[[System.Collections.Generic.List`1[[TradingJournal.Application.DTOs.Forum.ForumMessageDto, TradingJournal.Application, Version=1.0.0.0, Culture=neutral, PublicKeyToken=null]], System.Private.CoreLib, Version=10.0.0.0, Culture=neutral, PublicKeyToken=7cec85d7bea7798e],[System.Int32, System.Private.CoreLib, Version=10.0.0.0, Culture=neutral, PublicKeyToken=7cec85d7bea7798e]]'.
2026-04-29 23:46:44.305 +05:30 [INF] Executed action TradingJournal.API.Controllers.ForumController.GetPublicMessages (TradingJournal.API) in 119.0656ms
2026-04-29 23:46:44.305 +05:30 [INF] Executed endpoint 'TradingJournal.API.Controllers.ForumController.GetPublicMessages (TradingJournal.API)'
2026-04-29 23:46:44.306 +05:30 [INF] HTTP GET /api/forum/public responded 200 in 120.1552 ms
2026-04-29 23:46:44.306 +05:30 [INF] Request finished HTTP/1.1 GET http://localhost:5283/api/forum/public?page=1&pageSize=50 - 200 null application/json; charset=utf-8 120.5407ms
2026-04-29 23:46:44.606 +05:30 [INF] Request starting HTTP/1.1 GET http://localhost:5283/hubs/chat?access_token=eyJhbGciOiJIUzI1NiIsInR5cCI6IkpXVCJ9.eyJzdWIiOiIwYTQ3ODA5Mi03MjUxLTRiMTEtYTc4NS0wNWVmYmY4YWQxZjYiLCJlbWFpbCI6ImFkbWluQHRyYWRpbmdqb3VybmFsLmNvbSIsImh0dHA6Ly9zY2hlbWFzLm1pY3Jvc29mdC5jb20vd3MvMjAwOC8wNi9pZGVudGl0eS9jbGFpbXMvcm9sZSI6IkFkbWluIiwiZmlyc3ROYW1lIjoiQWRtaW4iLCJsYXN0TmFtZSI6IlVzZXIiLCJqdGkiOiI4OGUwZDkzZS0wMWVmLTRhMWQtYTNiOS0yMjgyN2NmMzg0NDciLCJleHAiOjE3Nzc0OTAxMTMsImlzcyI6IlRyYWRpbmdKb3VybmFsQVBJIiwiYXVkIjoiVHJhZGluZ0pvdXJuYWxDbGllbnQifQ.Xlp-_wdEJRbhzHmYWWmhGZNSUiQ7hezlwaipWmFw0Jk&id=pvvTBKYw3KI469_dPHQZtw - null null
2026-04-29 23:46:44.606 +05:30 [INF] CORS policy execution successful.
2026-04-29 23:46:44.607 +05:30 [INF] Executing endpoint '/hubs/chat'
2026-04-29 23:46:49.292 +05:30 [INF] Executed endpoint '/hubs/chat'
2026-04-29 23:46:49.293 +05:30 [INF] HTTP GET /hubs/chat responded 101 in 4686.7509 ms
2026-04-29 23:46:49.293 +05:30 [INF] Request finished HTTP/1.1 GET http://localhost:5283/hubs/chat?access_token=eyJhbGciOiJIUzI1NiIsInR5cCI6IkpXVCJ9.eyJzdWIiOiIwYTQ3ODA5Mi03MjUxLTRiMTEtYTc4NS0wNWVmYmY4YWQxZjYiLCJlbWFpbCI6ImFkbWluQHRyYWRpbmdqb3VybmFsLmNvbSIsImh0dHA6Ly9zY2hlbWFzLm1pY3Jvc29mdC5jb20vd3MvMjAwOC8wNi9pZGVudGl0eS9jbGFpbXMvcm9sZSI6IkFkbWluIiwiZmlyc3ROYW1lIjoiQWRtaW4iLCJsYXN0TmFtZSI6IlVzZXIiLCJqdGkiOiI4OGUwZDkzZS0wMWVmLTRhMWQtYTNiOS0yMjgyN2NmMzg0NDciLCJleHAiOjE3Nzc0OTAxMTMsImlzcyI6IlRyYWRpbmdKb3VybmFsQVBJIiwiYXVkIjoiVHJhZGluZ0pvdXJuYWxDbGllbnQifQ.Xlp-_wdEJRbhzHmYWWmhGZNSUiQ7hezlwaipWmFw0Jk&id=pvvTBKYw3KI469_dPHQZtw - 101 null null 4687.4991ms
2026-04-29 23:46:50.136 +05:30 [INF] Request starting HTTP/1.1 OPTIONS http://localhost:5283/hubs/chat/negotiate?access_token=eyJhbGciOiJIUzI1NiIsInR5cCI6IkpXVCJ9.eyJzdWIiOiIwYTQ3ODA5Mi03MjUxLTRiMTEtYTc4NS0wNWVmYmY4YWQxZjYiLCJlbWFpbCI6ImFkbWluQHRyYWRpbmdqb3VybmFsLmNvbSIsImh0dHA6Ly9zY2hlbWFzLm1pY3Jvc29mdC5jb20vd3MvMjAwOC8wNi9pZGVudGl0eS9jbGFpbXMvcm9sZSI6IkFkbWluIiwiZmlyc3ROYW1lIjoiQWRtaW4iLCJsYXN0TmFtZSI6IlVzZXIiLCJqdGkiOiI4OGUwZDkzZS0wMWVmLTRhMWQtYTNiOS0yMjgyN2NmMzg0NDciLCJleHAiOjE3Nzc0OTAxMTMsImlzcyI6IlRyYWRpbmdKb3VybmFsQVBJIiwiYXVkIjoiVHJhZGluZ0pvdXJuYWxDbGllbnQifQ.Xlp-_wdEJRbhzHmYWWmhGZNSUiQ7hezlwaipWmFw0Jk&negotiateVersion=1 - null null
2026-04-29 23:46:50.136 +05:30 [INF] CORS policy execution successful.
2026-04-29 23:46:50.136 +05:30 [INF] HTTP OPTIONS /hubs/chat/negotiate responded 204 in 0.1121 ms
2026-04-29 23:46:50.136 +05:30 [INF] Request finished HTTP/1.1 OPTIONS http://localhost:5283/hubs/chat/negotiate?access_token=eyJhbGciOiJIUzI1NiIsInR5cCI6IkpXVCJ9.eyJzdWIiOiIwYTQ3ODA5Mi03MjUxLTRiMTEtYTc4NS0wNWVmYmY4YWQxZjYiLCJlbWFpbCI6ImFkbWluQHRyYWRpbmdqb3VybmFsLmNvbSIsImh0dHA6Ly9zY2hlbWFzLm1pY3Jvc29mdC5jb20vd3MvMjAwOC8wNi9pZGVudGl0eS9jbGFpbXMvcm9sZSI6IkFkbWluIiwiZmlyc3ROYW1lIjoiQWRtaW4iLCJsYXN0TmFtZSI6IlVzZXIiLCJqdGkiOiI4OGUwZDkzZS0wMWVmLTRhMWQtYTNiOS0yMjgyN2NmMzg0NDciLCJleHAiOjE3Nzc0OTAxMTMsImlzcyI6IlRyYWRpbmdKb3VybmFsQVBJIiwiYXVkIjoiVHJhZGluZ0pvdXJuYWxDbGllbnQifQ.Xlp-_wdEJRbhzHmYWWmhGZNSUiQ7hezlwaipWmFw0Jk&negotiateVersion=1 - 204 null null 0.3197ms
2026-04-29 23:46:50.139 +05:30 [INF] Request starting HTTP/1.1 POST http://localhost:5283/hubs/chat/negotiate?access_token=eyJhbGciOiJIUzI1NiIsInR5cCI6IkpXVCJ9.eyJzdWIiOiIwYTQ3ODA5Mi03MjUxLTRiMTEtYTc4NS0wNWVmYmY4YWQxZjYiLCJlbWFpbCI6ImFkbWluQHRyYWRpbmdqb3VybmFsLmNvbSIsImh0dHA6Ly9zY2hlbWFzLm1pY3Jvc29mdC5jb20vd3MvMjAwOC8wNi9pZGVudGl0eS9jbGFpbXMvcm9sZSI6IkFkbWluIiwiZmlyc3ROYW1lIjoiQWRtaW4iLCJsYXN0TmFtZSI6IlVzZXIiLCJqdGkiOiI4OGUwZDkzZS0wMWVmLTRhMWQtYTNiOS0yMjgyN2NmMzg0NDciLCJleHAiOjE3Nzc0OTAxMTMsImlzcyI6IlRyYWRpbmdKb3VybmFsQVBJIiwiYXVkIjoiVHJhZGluZ0pvdXJuYWxDbGllbnQifQ.Xlp-_wdEJRbhzHmYWWmhGZNSUiQ7hezlwaipWmFw0Jk&negotiateVersion=1 - null 0
2026-04-29 23:46:50.139 +05:30 [INF] CORS policy execution successful.
2026-04-29 23:46:50.139 +05:30 [INF] Executing endpoint '/hubs/chat/negotiate'
2026-04-29 23:46:50.139 +05:30 [INF] Executed endpoint '/hubs/chat/negotiate'
2026-04-29 23:46:50.139 +05:30 [INF] HTTP POST /hubs/chat/negotiate responded 200 in 0.4479 ms
2026-04-29 23:46:50.139 +05:30 [INF] Request finished HTTP/1.1 POST http://localhost:5283/hubs/chat/negotiate?access_token=eyJhbGciOiJIUzI1NiIsInR5cCI6IkpXVCJ9.eyJzdWIiOiIwYTQ3ODA5Mi03MjUxLTRiMTEtYTc4NS0wNWVmYmY4YWQxZjYiLCJlbWFpbCI6ImFkbWluQHRyYWRpbmdqb3VybmFsLmNvbSIsImh0dHA6Ly9zY2hlbWFzLm1pY3Jvc29mdC5jb20vd3MvMjAwOC8wNi9pZGVudGl0eS9jbGFpbXMvcm9sZSI6IkFkbWluIiwiZmlyc3ROYW1lIjoiQWRtaW4iLCJsYXN0TmFtZSI6IlVzZXIiLCJqdGkiOiI4OGUwZDkzZS0wMWVmLTRhMWQtYTNiOS0yMjgyN2NmMzg0NDciLCJleHAiOjE3Nzc0OTAxMTMsImlzcyI6IlRyYWRpbmdKb3VybmFsQVBJIiwiYXVkIjoiVHJhZGluZ0pvdXJuYWxDbGllbnQifQ.Xlp-_wdEJRbhzHmYWWmhGZNSUiQ7hezlwaipWmFw0Jk&negotiateVersion=1 - 200 316 application/json 0.583ms
2026-04-29 23:46:50.197 +05:30 [INF] Request starting HTTP/1.1 OPTIONS http://localhost:5283/api/forum/public?page=1&pageSize=50 - null null
2026-04-29 23:46:50.197 +05:30 [INF] CORS policy execution successful.
2026-04-29 23:46:50.197 +05:30 [INF] HTTP OPTIONS /api/forum/public responded 204 in 0.1626 ms
2026-04-29 23:46:50.198 +05:30 [INF] Request finished HTTP/1.1 OPTIONS http://localhost:5283/api/forum/public?page=1&pageSize=50 - 204 null null 0.4131ms
2026-04-29 23:46:50.201 +05:30 [INF] Request starting HTTP/1.1 GET http://localhost:5283/api/forum/public?page=1&pageSize=50 - null null
2026-04-29 23:46:50.202 +05:30 [INF] CORS policy execution successful.
2026-04-29 23:46:50.202 +05:30 [INF] Executing endpoint 'TradingJournal.API.Controllers.ForumController.GetPublicMessages (TradingJournal.API)'
2026-04-29 23:46:50.202 +05:30 [INF] Route matched with {action = "GetPublicMessages", controller = "Forum"}. Executing controller action with signature System.Threading.Tasks.Task`1[Microsoft.AspNetCore.Mvc.IActionResult] GetPublicMessages(Int32, Int32) on controller TradingJournal.API.Controllers.ForumController (TradingJournal.API).
2026-04-29 23:46:50.256 +05:30 [INF] Executed DbCommand (4ms) [Parameters=[@p1='?' (DbType = Int32), @p='?' (DbType = Int32)], CommandType='"Text"', CommandTimeout='300']
SELECT f0."Id", f0."AuthorId", f0."ChannelType", f0."Content", f0."CreatedAt", f0."EditedAt", f0."IsDeleted", f0."IsEdited", f0."IsRead", f0."ParentMessageId", f0."ReceiverId", f0."SenderId", f0."UpdatedAt", u0."Id", u0."AccountBalance", u0."AllowedSections", u0."CreatedAt", u0."Email", u0."FirstName", u0."IsActive", u0."IsDeleted", u0."LastName", u0."PasswordHash", u0."ProfileImageUrl", u0."RefreshToken", u0."RefreshTokenExpiry", u0."Role", u0."UpdatedAt", f2."Id", f2."AuthorId", f2."ChannelType", f2."Content", f2."CreatedAt", f2."EditedAt", f2."IsDeleted", f2."IsEdited", f2."IsRead", f2."ParentMessageId", f2."ReceiverId", f2."SenderId", f2."UpdatedAt"
FROM (
    SELECT f."Id", f."AuthorId", f."ChannelType", f."Content", f."CreatedAt", f."EditedAt", f."IsDeleted", f."IsEdited", f."IsRead", f."ParentMessageId", f."ReceiverId", f."SenderId", f."UpdatedAt"
    FROM "ForumMessages" AS f
    WHERE NOT (f."IsDeleted") AND f."ChannelType" = 1 AND f."ParentMessageId" IS NULL
    ORDER BY f."CreatedAt" DESC
    LIMIT @p1 OFFSET @p
) AS f0
INNER JOIN (
    SELECT u."Id", u."AccountBalance", u."AllowedSections", u."CreatedAt", u."Email", u."FirstName", u."IsActive", u."IsDeleted", u."LastName", u."PasswordHash", u."ProfileImageUrl", u."RefreshToken", u."RefreshTokenExpiry", u."Role", u."UpdatedAt"
    FROM "Users" AS u
    WHERE NOT (u."IsDeleted")
) AS u0 ON f0."AuthorId" = u0."Id"
LEFT JOIN (
    SELECT f1."Id", f1."AuthorId", f1."ChannelType", f1."Content", f1."CreatedAt", f1."EditedAt", f1."IsDeleted", f1."IsEdited", f1."IsRead", f1."ParentMessageId", f1."ReceiverId", f1."SenderId", f1."UpdatedAt"
    FROM "ForumMessages" AS f1
    WHERE NOT (f1."IsDeleted")
) AS f2 ON f0."Id" = f2."ParentMessageId"
ORDER BY f0."CreatedAt" DESC, f0."Id", u0."Id"
2026-04-29 23:46:50.310 +05:30 [INF] Executed DbCommand (3ms) [Parameters=[], CommandType='"Text"', CommandTimeout='300']
SELECT count(*)::int
FROM "ForumMessages" AS f
WHERE NOT (f."IsDeleted") AND f."ChannelType" = 1 AND f."ParentMessageId" IS NULL
2026-04-29 23:46:50.311 +05:30 [INF] Executing OkObjectResult, writing value of type '<>f__AnonymousType2`2[[System.Collections.Generic.List`1[[TradingJournal.Application.DTOs.Forum.ForumMessageDto, TradingJournal.Application, Version=1.0.0.0, Culture=neutral, PublicKeyToken=null]], System.Private.CoreLib, Version=10.0.0.0, Culture=neutral, PublicKeyToken=7cec85d7bea7798e],[System.Int32, System.Private.CoreLib, Version=10.0.0.0, Culture=neutral, PublicKeyToken=7cec85d7bea7798e]]'.
2026-04-29 23:46:50.311 +05:30 [INF] Executed action TradingJournal.API.Controllers.ForumController.GetPublicMessages (TradingJournal.API) in 108.5884ms
2026-04-29 23:46:50.311 +05:30 [INF] Executed endpoint 'TradingJournal.API.Controllers.ForumController.GetPublicMessages (TradingJournal.API)'
2026-04-29 23:46:50.311 +05:30 [INF] HTTP GET /api/forum/public responded 200 in 109.3316 ms
2026-04-29 23:46:50.311 +05:30 [INF] Request finished HTTP/1.1 GET http://localhost:5283/api/forum/public?page=1&pageSize=50 - 200 null application/json; charset=utf-8 110.0817ms
2026-04-29 23:46:50.350 +05:30 [INF] Request starting HTTP/1.1 GET http://localhost:5283/hubs/chat?access_token=eyJhbGciOiJIUzI1NiIsInR5cCI6IkpXVCJ9.eyJzdWIiOiIwYTQ3ODA5Mi03MjUxLTRiMTEtYTc4NS0wNWVmYmY4YWQxZjYiLCJlbWFpbCI6ImFkbWluQHRyYWRpbmdqb3VybmFsLmNvbSIsImh0dHA6Ly9zY2hlbWFzLm1pY3Jvc29mdC5jb20vd3MvMjAwOC8wNi9pZGVudGl0eS9jbGFpbXMvcm9sZSI6IkFkbWluIiwiZmlyc3ROYW1lIjoiQWRtaW4iLCJsYXN0TmFtZSI6IlVzZXIiLCJqdGkiOiI4OGUwZDkzZS0wMWVmLTRhMWQtYTNiOS0yMjgyN2NmMzg0NDciLCJleHAiOjE3Nzc0OTAxMTMsImlzcyI6IlRyYWRpbmdKb3VybmFsQVBJIiwiYXVkIjoiVHJhZGluZ0pvdXJuYWxDbGllbnQifQ.Xlp-_wdEJRbhzHmYWWmhGZNSUiQ7hezlwaipWmFw0Jk&id=90Roqg_10AxCkWBHfJZoFw - null null
2026-04-29 23:46:50.350 +05:30 [INF] CORS policy execution successful.
2026-04-29 23:46:50.350 +05:30 [INF] Executing endpoint '/hubs/chat'
2026-04-29 23:46:53.536 +05:30 [INF] Executed endpoint '/hubs/chat'
2026-04-29 23:46:53.537 +05:30 [INF] HTTP GET /hubs/chat responded 101 in 3186.8353 ms
2026-04-29 23:46:53.537 +05:30 [INF] Request finished HTTP/1.1 GET http://localhost:5283/hubs/chat?access_token=eyJhbGciOiJIUzI1NiIsInR5cCI6IkpXVCJ9.eyJzdWIiOiIwYTQ3ODA5Mi03MjUxLTRiMTEtYTc4NS0wNWVmYmY4YWQxZjYiLCJlbWFpbCI6ImFkbWluQHRyYWRpbmdqb3VybmFsLmNvbSIsImh0dHA6Ly9zY2hlbWFzLm1pY3Jvc29mdC5jb20vd3MvMjAwOC8wNi9pZGVudGl0eS9jbGFpbXMvcm9sZSI6IkFkbWluIiwiZmlyc3ROYW1lIjoiQWRtaW4iLCJsYXN0TmFtZSI6IlVzZXIiLCJqdGkiOiI4OGUwZDkzZS0wMWVmLTRhMWQtYTNiOS0yMjgyN2NmMzg0NDciLCJleHAiOjE3Nzc0OTAxMTMsImlzcyI6IlRyYWRpbmdKb3VybmFsQVBJIiwiYXVkIjoiVHJhZGluZ0pvdXJuYWxDbGllbnQifQ.Xlp-_wdEJRbhzHmYWWmhGZNSUiQ7hezlwaipWmFw0Jk&id=90Roqg_10AxCkWBHfJZoFw - 101 null null 3187.345ms
2026-04-29 23:46:53.926 +05:30 [INF] Request starting HTTP/1.1 OPTIONS http://localhost:5283/hubs/chat/negotiate?access_token=eyJhbGciOiJIUzI1NiIsInR5cCI6IkpXVCJ9.eyJzdWIiOiIwYTQ3ODA5Mi03MjUxLTRiMTEtYTc4NS0wNWVmYmY4YWQxZjYiLCJlbWFpbCI6ImFkbWluQHRyYWRpbmdqb3VybmFsLmNvbSIsImh0dHA6Ly9zY2hlbWFzLm1pY3Jvc29mdC5jb20vd3MvMjAwOC8wNi9pZGVudGl0eS9jbGFpbXMvcm9sZSI6IkFkbWluIiwiZmlyc3ROYW1lIjoiQWRtaW4iLCJsYXN0TmFtZSI6IlVzZXIiLCJqdGkiOiI4OGUwZDkzZS0wMWVmLTRhMWQtYTNiOS0yMjgyN2NmMzg0NDciLCJleHAiOjE3Nzc0OTAxMTMsImlzcyI6IlRyYWRpbmdKb3VybmFsQVBJIiwiYXVkIjoiVHJhZGluZ0pvdXJuYWxDbGllbnQifQ.Xlp-_wdEJRbhzHmYWWmhGZNSUiQ7hezlwaipWmFw0Jk&negotiateVersion=1 - null null
2026-04-29 23:46:53.927 +05:30 [INF] CORS policy execution successful.
2026-04-29 23:46:53.927 +05:30 [INF] HTTP OPTIONS /hubs/chat/negotiate responded 204 in 0.2793 ms
2026-04-29 23:46:53.927 +05:30 [INF] Request finished HTTP/1.1 OPTIONS http://localhost:5283/hubs/chat/negotiate?access_token=eyJhbGciOiJIUzI1NiIsInR5cCI6IkpXVCJ9.eyJzdWIiOiIwYTQ3ODA5Mi03MjUxLTRiMTEtYTc4NS0wNWVmYmY4YWQxZjYiLCJlbWFpbCI6ImFkbWluQHRyYWRpbmdqb3VybmFsLmNvbSIsImh0dHA6Ly9zY2hlbWFzLm1pY3Jvc29mdC5jb20vd3MvMjAwOC8wNi9pZGVudGl0eS9jbGFpbXMvcm9sZSI6IkFkbWluIiwiZmlyc3ROYW1lIjoiQWRtaW4iLCJsYXN0TmFtZSI6IlVzZXIiLCJqdGkiOiI4OGUwZDkzZS0wMWVmLTRhMWQtYTNiOS0yMjgyN2NmMzg0NDciLCJleHAiOjE3Nzc0OTAxMTMsImlzcyI6IlRyYWRpbmdKb3VybmFsQVBJIiwiYXVkIjoiVHJhZGluZ0pvdXJuYWxDbGllbnQifQ.Xlp-_wdEJRbhzHmYWWmhGZNSUiQ7hezlwaipWmFw0Jk&negotiateVersion=1 - 204 null null 0.5709ms
2026-04-29 23:46:53.929 +05:30 [INF] Request starting HTTP/1.1 POST http://localhost:5283/hubs/chat/negotiate?access_token=eyJhbGciOiJIUzI1NiIsInR5cCI6IkpXVCJ9.eyJzdWIiOiIwYTQ3ODA5Mi03MjUxLTRiMTEtYTc4NS0wNWVmYmY4YWQxZjYiLCJlbWFpbCI6ImFkbWluQHRyYWRpbmdqb3VybmFsLmNvbSIsImh0dHA6Ly9zY2hlbWFzLm1pY3Jvc29mdC5jb20vd3MvMjAwOC8wNi9pZGVudGl0eS9jbGFpbXMvcm9sZSI6IkFkbWluIiwiZmlyc3ROYW1lIjoiQWRtaW4iLCJsYXN0TmFtZSI6IlVzZXIiLCJqdGkiOiI4OGUwZDkzZS0wMWVmLTRhMWQtYTNiOS0yMjgyN2NmMzg0NDciLCJleHAiOjE3Nzc0OTAxMTMsImlzcyI6IlRyYWRpbmdKb3VybmFsQVBJIiwiYXVkIjoiVHJhZGluZ0pvdXJuYWxDbGllbnQifQ.Xlp-_wdEJRbhzHmYWWmhGZNSUiQ7hezlwaipWmFw0Jk&negotiateVersion=1 - null 0
2026-04-29 23:46:53.929 +05:30 [INF] CORS policy execution successful.
2026-04-29 23:46:53.929 +05:30 [INF] Request starting HTTP/1.1 GET http://localhost:5283/api/forum/public?page=1&pageSize=50 - null null
2026-04-29 23:46:53.929 +05:30 [INF] CORS policy execution successful.
2026-04-29 23:46:53.929 +05:30 [INF] Executing endpoint '/hubs/chat/negotiate'
2026-04-29 23:46:53.930 +05:30 [INF] Executing endpoint 'TradingJournal.API.Controllers.ForumController.GetPublicMessages (TradingJournal.API)'
2026-04-29 23:46:53.930 +05:30 [INF] Executed endpoint '/hubs/chat/negotiate'
2026-04-29 23:46:53.930 +05:30 [INF] Route matched with {action = "GetPublicMessages", controller = "Forum"}. Executing controller action with signature System.Threading.Tasks.Task`1[Microsoft.AspNetCore.Mvc.IActionResult] GetPublicMessages(Int32, Int32) on controller TradingJournal.API.Controllers.ForumController (TradingJournal.API).
2026-04-29 23:46:53.930 +05:30 [INF] HTTP POST /hubs/chat/negotiate responded 200 in 0.8866 ms
2026-04-29 23:46:53.930 +05:30 [INF] Request finished HTTP/1.1 POST http://localhost:5283/hubs/chat/negotiate?access_token=eyJhbGciOiJIUzI1NiIsInR5cCI6IkpXVCJ9.eyJzdWIiOiIwYTQ3ODA5Mi03MjUxLTRiMTEtYTc4NS0wNWVmYmY4YWQxZjYiLCJlbWFpbCI6ImFkbWluQHRyYWRpbmdqb3VybmFsLmNvbSIsImh0dHA6Ly9zY2hlbWFzLm1pY3Jvc29mdC5jb20vd3MvMjAwOC8wNi9pZGVudGl0eS9jbGFpbXMvcm9sZSI6IkFkbWluIiwiZmlyc3ROYW1lIjoiQWRtaW4iLCJsYXN0TmFtZSI6IlVzZXIiLCJqdGkiOiI4OGUwZDkzZS0wMWVmLTRhMWQtYTNiOS0yMjgyN2NmMzg0NDciLCJleHAiOjE3Nzc0OTAxMTMsImlzcyI6IlRyYWRpbmdKb3VybmFsQVBJIiwiYXVkIjoiVHJhZGluZ0pvdXJuYWxDbGllbnQifQ.Xlp-_wdEJRbhzHmYWWmhGZNSUiQ7hezlwaipWmFw0Jk&negotiateVersion=1 - 200 316 application/json 1.189ms
2026-04-29 23:46:53.996 +05:30 [INF] Executed DbCommand (4ms) [Parameters=[@p1='?' (DbType = Int32), @p='?' (DbType = Int32)], CommandType='"Text"', CommandTimeout='300']
SELECT f0."Id", f0."AuthorId", f0."ChannelType", f0."Content", f0."CreatedAt", f0."EditedAt", f0."IsDeleted", f0."IsEdited", f0."IsRead", f0."ParentMessageId", f0."ReceiverId", f0."SenderId", f0."UpdatedAt", u0."Id", u0."AccountBalance", u0."AllowedSections", u0."CreatedAt", u0."Email", u0."FirstName", u0."IsActive", u0."IsDeleted", u0."LastName", u0."PasswordHash", u0."ProfileImageUrl", u0."RefreshToken", u0."RefreshTokenExpiry", u0."Role", u0."UpdatedAt", f2."Id", f2."AuthorId", f2."ChannelType", f2."Content", f2."CreatedAt", f2."EditedAt", f2."IsDeleted", f2."IsEdited", f2."IsRead", f2."ParentMessageId", f2."ReceiverId", f2."SenderId", f2."UpdatedAt"
FROM (
    SELECT f."Id", f."AuthorId", f."ChannelType", f."Content", f."CreatedAt", f."EditedAt", f."IsDeleted", f."IsEdited", f."IsRead", f."ParentMessageId", f."ReceiverId", f."SenderId", f."UpdatedAt"
    FROM "ForumMessages" AS f
    WHERE NOT (f."IsDeleted") AND f."ChannelType" = 1 AND f."ParentMessageId" IS NULL
    ORDER BY f."CreatedAt" DESC
    LIMIT @p1 OFFSET @p
) AS f0
INNER JOIN (
    SELECT u."Id", u."AccountBalance", u."AllowedSections", u."CreatedAt", u."Email", u."FirstName", u."IsActive", u."IsDeleted", u."LastName", u."PasswordHash", u."ProfileImageUrl", u."RefreshToken", u."RefreshTokenExpiry", u."Role", u."UpdatedAt"
    FROM "Users" AS u
    WHERE NOT (u."IsDeleted")
) AS u0 ON f0."AuthorId" = u0."Id"
LEFT JOIN (
    SELECT f1."Id", f1."AuthorId", f1."ChannelType", f1."Content", f1."CreatedAt", f1."EditedAt", f1."IsDeleted", f1."IsEdited", f1."IsRead", f1."ParentMessageId", f1."ReceiverId", f1."SenderId", f1."UpdatedAt"
    FROM "ForumMessages" AS f1
    WHERE NOT (f1."IsDeleted")
) AS f2 ON f0."Id" = f2."ParentMessageId"
ORDER BY f0."CreatedAt" DESC, f0."Id", u0."Id"
2026-04-29 23:46:54.040 +05:30 [INF] Request starting HTTP/1.1 GET http://localhost:5283/hubs/chat?access_token=eyJhbGciOiJIUzI1NiIsInR5cCI6IkpXVCJ9.eyJzdWIiOiIwYTQ3ODA5Mi03MjUxLTRiMTEtYTc4NS0wNWVmYmY4YWQxZjYiLCJlbWFpbCI6ImFkbWluQHRyYWRpbmdqb3VybmFsLmNvbSIsImh0dHA6Ly9zY2hlbWFzLm1pY3Jvc29mdC5jb20vd3MvMjAwOC8wNi9pZGVudGl0eS9jbGFpbXMvcm9sZSI6IkFkbWluIiwiZmlyc3ROYW1lIjoiQWRtaW4iLCJsYXN0TmFtZSI6IlVzZXIiLCJqdGkiOiI4OGUwZDkzZS0wMWVmLTRhMWQtYTNiOS0yMjgyN2NmMzg0NDciLCJleHAiOjE3Nzc0OTAxMTMsImlzcyI6IlRyYWRpbmdKb3VybmFsQVBJIiwiYXVkIjoiVHJhZGluZ0pvdXJuYWxDbGllbnQifQ.Xlp-_wdEJRbhzHmYWWmhGZNSUiQ7hezlwaipWmFw0Jk&id=bDd0qkNLK6705VsJ-zUcuw - null null
2026-04-29 23:46:54.041 +05:30 [INF] CORS policy execution successful.
2026-04-29 23:46:54.041 +05:30 [INF] Executing endpoint '/hubs/chat'
2026-04-29 23:46:54.081 +05:30 [INF] Executed DbCommand (2ms) [Parameters=[], CommandType='"Text"', CommandTimeout='300']
SELECT count(*)::int
FROM "ForumMessages" AS f
WHERE NOT (f."IsDeleted") AND f."ChannelType" = 1 AND f."ParentMessageId" IS NULL
2026-04-29 23:46:54.082 +05:30 [INF] Executing OkObjectResult, writing value of type '<>f__AnonymousType2`2[[System.Collections.Generic.List`1[[TradingJournal.Application.DTOs.Forum.ForumMessageDto, TradingJournal.Application, Version=1.0.0.0, Culture=neutral, PublicKeyToken=null]], System.Private.CoreLib, Version=10.0.0.0, Culture=neutral, PublicKeyToken=7cec85d7bea7798e],[System.Int32, System.Private.CoreLib, Version=10.0.0.0, Culture=neutral, PublicKeyToken=7cec85d7bea7798e]]'.
2026-04-29 23:46:54.082 +05:30 [INF] Executed action TradingJournal.API.Controllers.ForumController.GetPublicMessages (TradingJournal.API) in 152.1526ms
2026-04-29 23:46:54.082 +05:30 [INF] Executed endpoint 'TradingJournal.API.Controllers.ForumController.GetPublicMessages (TradingJournal.API)'
2026-04-29 23:46:54.082 +05:30 [INF] HTTP GET /api/forum/public responded 200 in 152.8157 ms
2026-04-29 23:46:54.082 +05:30 [INF] Request finished HTTP/1.1 GET http://localhost:5283/api/forum/public?page=1&pageSize=50 - 200 null application/json; charset=utf-8 153.0846ms
2026-04-29 23:46:56.097 +05:30 [INF] Executed endpoint '/hubs/chat'
2026-04-29 23:46:56.098 +05:30 [INF] HTTP GET /hubs/chat responded 101 in 2057.1711 ms
2026-04-29 23:46:56.098 +05:30 [INF] Request finished HTTP/1.1 GET http://localhost:5283/hubs/chat?access_token=eyJhbGciOiJIUzI1NiIsInR5cCI6IkpXVCJ9.eyJzdWIiOiIwYTQ3ODA5Mi03MjUxLTRiMTEtYTc4NS0wNWVmYmY4YWQxZjYiLCJlbWFpbCI6ImFkbWluQHRyYWRpbmdqb3VybmFsLmNvbSIsImh0dHA6Ly9zY2hlbWFzLm1pY3Jvc29mdC5jb20vd3MvMjAwOC8wNi9pZGVudGl0eS9jbGFpbXMvcm9sZSI6IkFkbWluIiwiZmlyc3ROYW1lIjoiQWRtaW4iLCJsYXN0TmFtZSI6IlVzZXIiLCJqdGkiOiI4OGUwZDkzZS0wMWVmLTRhMWQtYTNiOS0yMjgyN2NmMzg0NDciLCJleHAiOjE3Nzc0OTAxMTMsImlzcyI6IlRyYWRpbmdKb3VybmFsQVBJIiwiYXVkIjoiVHJhZGluZ0pvdXJuYWxDbGllbnQifQ.Xlp-_wdEJRbhzHmYWWmhGZNSUiQ7hezlwaipWmFw0Jk&id=bDd0qkNLK6705VsJ-zUcuw - 101 null null 2057.8044ms
2026-04-29 23:46:56.558 +05:30 [INF] Request starting HTTP/1.1 OPTIONS http://localhost:5283/hubs/chat/negotiate?access_token=eyJhbGciOiJIUzI1NiIsInR5cCI6IkpXVCJ9.eyJzdWIiOiIwYTQ3ODA5Mi03MjUxLTRiMTEtYTc4NS0wNWVmYmY4YWQxZjYiLCJlbWFpbCI6ImFkbWluQHRyYWRpbmdqb3VybmFsLmNvbSIsImh0dHA6Ly9zY2hlbWFzLm1pY3Jvc29mdC5jb20vd3MvMjAwOC8wNi9pZGVudGl0eS9jbGFpbXMvcm9sZSI6IkFkbWluIiwiZmlyc3ROYW1lIjoiQWRtaW4iLCJsYXN0TmFtZSI6IlVzZXIiLCJqdGkiOiI4OGUwZDkzZS0wMWVmLTRhMWQtYTNiOS0yMjgyN2NmMzg0NDciLCJleHAiOjE3Nzc0OTAxMTMsImlzcyI6IlRyYWRpbmdKb3VybmFsQVBJIiwiYXVkIjoiVHJhZGluZ0pvdXJuYWxDbGllbnQifQ.Xlp-_wdEJRbhzHmYWWmhGZNSUiQ7hezlwaipWmFw0Jk&negotiateVersion=1 - null null
2026-04-29 23:46:56.558 +05:30 [INF] CORS policy execution successful.
2026-04-29 23:46:56.558 +05:30 [INF] HTTP OPTIONS /hubs/chat/negotiate responded 204 in 0.2780 ms
2026-04-29 23:46:56.559 +05:30 [INF] Request finished HTTP/1.1 OPTIONS http://localhost:5283/hubs/chat/negotiate?access_token=eyJhbGciOiJIUzI1NiIsInR5cCI6IkpXVCJ9.eyJzdWIiOiIwYTQ3ODA5Mi03MjUxLTRiMTEtYTc4NS0wNWVmYmY4YWQxZjYiLCJlbWFpbCI6ImFkbWluQHRyYWRpbmdqb3VybmFsLmNvbSIsImh0dHA6Ly9zY2hlbWFzLm1pY3Jvc29mdC5jb20vd3MvMjAwOC8wNi9pZGVudGl0eS9jbGFpbXMvcm9sZSI6IkFkbWluIiwiZmlyc3ROYW1lIjoiQWRtaW4iLCJsYXN0TmFtZSI6IlVzZXIiLCJqdGkiOiI4OGUwZDkzZS0wMWVmLTRhMWQtYTNiOS0yMjgyN2NmMzg0NDciLCJleHAiOjE3Nzc0OTAxMTMsImlzcyI6IlRyYWRpbmdKb3VybmFsQVBJIiwiYXVkIjoiVHJhZGluZ0pvdXJuYWxDbGllbnQifQ.Xlp-_wdEJRbhzHmYWWmhGZNSUiQ7hezlwaipWmFw0Jk&negotiateVersion=1 - 204 null null 1.2302ms
2026-04-29 23:46:56.565 +05:30 [INF] Request starting HTTP/1.1 POST http://localhost:5283/hubs/chat/negotiate?access_token=eyJhbGciOiJIUzI1NiIsInR5cCI6IkpXVCJ9.eyJzdWIiOiIwYTQ3ODA5Mi03MjUxLTRiMTEtYTc4NS0wNWVmYmY4YWQxZjYiLCJlbWFpbCI6ImFkbWluQHRyYWRpbmdqb3VybmFsLmNvbSIsImh0dHA6Ly9zY2hlbWFzLm1pY3Jvc29mdC5jb20vd3MvMjAwOC8wNi9pZGVudGl0eS9jbGFpbXMvcm9sZSI6IkFkbWluIiwiZmlyc3ROYW1lIjoiQWRtaW4iLCJsYXN0TmFtZSI6IlVzZXIiLCJqdGkiOiI4OGUwZDkzZS0wMWVmLTRhMWQtYTNiOS0yMjgyN2NmMzg0NDciLCJleHAiOjE3Nzc0OTAxMTMsImlzcyI6IlRyYWRpbmdKb3VybmFsQVBJIiwiYXVkIjoiVHJhZGluZ0pvdXJuYWxDbGllbnQifQ.Xlp-_wdEJRbhzHmYWWmhGZNSUiQ7hezlwaipWmFw0Jk&negotiateVersion=1 - null 0
2026-04-29 23:46:56.565 +05:30 [INF] Request starting HTTP/1.1 OPTIONS http://localhost:5283/api/forum/public?page=1&pageSize=50 - null null
2026-04-29 23:46:56.565 +05:30 [INF] CORS policy execution successful.
2026-04-29 23:46:56.565 +05:30 [INF] CORS policy execution successful.
2026-04-29 23:46:56.565 +05:30 [INF] HTTP OPTIONS /api/forum/public responded 204 in 0.1487 ms
2026-04-29 23:46:56.565 +05:30 [INF] Request finished HTTP/1.1 OPTIONS http://localhost:5283/api/forum/public?page=1&pageSize=50 - 204 null null 0.4599ms
2026-04-29 23:46:56.565 +05:30 [INF] Executing endpoint '/hubs/chat/negotiate'
2026-04-29 23:46:56.566 +05:30 [INF] Executed endpoint '/hubs/chat/negotiate'
2026-04-29 23:46:56.566 +05:30 [INF] HTTP POST /hubs/chat/negotiate responded 200 in 1.0108 ms
2026-04-29 23:46:56.566 +05:30 [INF] Request finished HTTP/1.1 POST http://localhost:5283/hubs/chat/negotiate?access_token=eyJhbGciOiJIUzI1NiIsInR5cCI6IkpXVCJ9.eyJzdWIiOiIwYTQ3ODA5Mi03MjUxLTRiMTEtYTc4NS0wNWVmYmY4YWQxZjYiLCJlbWFpbCI6ImFkbWluQHRyYWRpbmdqb3VybmFsLmNvbSIsImh0dHA6Ly9zY2hlbWFzLm1pY3Jvc29mdC5jb20vd3MvMjAwOC8wNi9pZGVudGl0eS9jbGFpbXMvcm9sZSI6IkFkbWluIiwiZmlyc3ROYW1lIjoiQWRtaW4iLCJsYXN0TmFtZSI6IlVzZXIiLCJqdGkiOiI4OGUwZDkzZS0wMWVmLTRhMWQtYTNiOS0yMjgyN2NmMzg0NDciLCJleHAiOjE3Nzc0OTAxMTMsImlzcyI6IlRyYWRpbmdKb3VybmFsQVBJIiwiYXVkIjoiVHJhZGluZ0pvdXJuYWxDbGllbnQifQ.Xlp-_wdEJRbhzHmYWWmhGZNSUiQ7hezlwaipWmFw0Jk&negotiateVersion=1 - 200 316 application/json 1.4022ms
2026-04-29 23:46:56.571 +05:30 [INF] Request starting HTTP/1.1 GET http://localhost:5283/api/forum/public?page=1&pageSize=50 - null null
2026-04-29 23:46:56.572 +05:30 [INF] CORS policy execution successful.
2026-04-29 23:46:56.573 +05:30 [INF] Executing endpoint 'TradingJournal.API.Controllers.ForumController.GetPublicMessages (TradingJournal.API)'
2026-04-29 23:46:56.573 +05:30 [INF] Route matched with {action = "GetPublicMessages", controller = "Forum"}. Executing controller action with signature System.Threading.Tasks.Task`1[Microsoft.AspNetCore.Mvc.IActionResult] GetPublicMessages(Int32, Int32) on controller TradingJournal.API.Controllers.ForumController (TradingJournal.API).
2026-04-29 23:46:56.706 +05:30 [INF] Executed DbCommand (7ms) [Parameters=[@p1='?' (DbType = Int32), @p='?' (DbType = Int32)], CommandType='"Text"', CommandTimeout='300']
SELECT f0."Id", f0."AuthorId", f0."ChannelType", f0."Content", f0."CreatedAt", f0."EditedAt", f0."IsDeleted", f0."IsEdited", f0."IsRead", f0."ParentMessageId", f0."ReceiverId", f0."SenderId", f0."UpdatedAt", u0."Id", u0."AccountBalance", u0."AllowedSections", u0."CreatedAt", u0."Email", u0."FirstName", u0."IsActive", u0."IsDeleted", u0."LastName", u0."PasswordHash", u0."ProfileImageUrl", u0."RefreshToken", u0."RefreshTokenExpiry", u0."Role", u0."UpdatedAt", f2."Id", f2."AuthorId", f2."ChannelType", f2."Content", f2."CreatedAt", f2."EditedAt", f2."IsDeleted", f2."IsEdited", f2."IsRead", f2."ParentMessageId", f2."ReceiverId", f2."SenderId", f2."UpdatedAt"
FROM (
    SELECT f."Id", f."AuthorId", f."ChannelType", f."Content", f."CreatedAt", f."EditedAt", f."IsDeleted", f."IsEdited", f."IsRead", f."ParentMessageId", f."ReceiverId", f."SenderId", f."UpdatedAt"
    FROM "ForumMessages" AS f
    WHERE NOT (f."IsDeleted") AND f."ChannelType" = 1 AND f."ParentMessageId" IS NULL
    ORDER BY f."CreatedAt" DESC
    LIMIT @p1 OFFSET @p
) AS f0
INNER JOIN (
    SELECT u."Id", u."AccountBalance", u."AllowedSections", u."CreatedAt", u."Email", u."FirstName", u."IsActive", u."IsDeleted", u."LastName", u."PasswordHash", u."ProfileImageUrl", u."RefreshToken", u."RefreshTokenExpiry", u."Role", u."UpdatedAt"
    FROM "Users" AS u
    WHERE NOT (u."IsDeleted")
) AS u0 ON f0."AuthorId" = u0."Id"
LEFT JOIN (
    SELECT f1."Id", f1."AuthorId", f1."ChannelType", f1."Content", f1."CreatedAt", f1."EditedAt", f1."IsDeleted", f1."IsEdited", f1."IsRead", f1."ParentMessageId", f1."ReceiverId", f1."SenderId", f1."UpdatedAt"
    FROM "ForumMessages" AS f1
    WHERE NOT (f1."IsDeleted")
) AS f2 ON f0."Id" = f2."ParentMessageId"
ORDER BY f0."CreatedAt" DESC, f0."Id", u0."Id"
2026-04-29 23:46:56.743 +05:30 [INF] Request starting HTTP/1.1 GET http://localhost:5283/hubs/chat?access_token=eyJhbGciOiJIUzI1NiIsInR5cCI6IkpXVCJ9.eyJzdWIiOiIwYTQ3ODA5Mi03MjUxLTRiMTEtYTc4NS0wNWVmYmY4YWQxZjYiLCJlbWFpbCI6ImFkbWluQHRyYWRpbmdqb3VybmFsLmNvbSIsImh0dHA6Ly9zY2hlbWFzLm1pY3Jvc29mdC5jb20vd3MvMjAwOC8wNi9pZGVudGl0eS9jbGFpbXMvcm9sZSI6IkFkbWluIiwiZmlyc3ROYW1lIjoiQWRtaW4iLCJsYXN0TmFtZSI6IlVzZXIiLCJqdGkiOiI4OGUwZDkzZS0wMWVmLTRhMWQtYTNiOS0yMjgyN2NmMzg0NDciLCJleHAiOjE3Nzc0OTAxMTMsImlzcyI6IlRyYWRpbmdKb3VybmFsQVBJIiwiYXVkIjoiVHJhZGluZ0pvdXJuYWxDbGllbnQifQ.Xlp-_wdEJRbhzHmYWWmhGZNSUiQ7hezlwaipWmFw0Jk&id=uMlX0i3t4zww434WhpJU9g - null null
2026-04-29 23:46:56.744 +05:30 [INF] CORS policy execution successful.
2026-04-29 23:46:56.745 +05:30 [INF] Executing endpoint '/hubs/chat'
2026-04-29 23:46:56.823 +05:30 [INF] Executed DbCommand (4ms) [Parameters=[], CommandType='"Text"', CommandTimeout='300']
SELECT count(*)::int
FROM "ForumMessages" AS f
WHERE NOT (f."IsDeleted") AND f."ChannelType" = 1 AND f."ParentMessageId" IS NULL
2026-04-29 23:46:56.824 +05:30 [INF] Executing OkObjectResult, writing value of type '<>f__AnonymousType2`2[[System.Collections.Generic.List`1[[TradingJournal.Application.DTOs.Forum.ForumMessageDto, TradingJournal.Application, Version=1.0.0.0, Culture=neutral, PublicKeyToken=null]], System.Private.CoreLib, Version=10.0.0.0, Culture=neutral, PublicKeyToken=7cec85d7bea7798e],[System.Int32, System.Private.CoreLib, Version=10.0.0.0, Culture=neutral, PublicKeyToken=7cec85d7bea7798e]]'.
2026-04-29 23:46:56.824 +05:30 [INF] Executed action TradingJournal.API.Controllers.ForumController.GetPublicMessages (TradingJournal.API) in 250.3089ms
2026-04-29 23:46:56.824 +05:30 [INF] Executed endpoint 'TradingJournal.API.Controllers.ForumController.GetPublicMessages (TradingJournal.API)'
2026-04-29 23:46:56.824 +05:30 [INF] HTTP GET /api/forum/public responded 200 in 252.1710 ms
2026-04-29 23:46:56.824 +05:30 [INF] Request finished HTTP/1.1 GET http://localhost:5283/api/forum/public?page=1&pageSize=50 - 200 null application/json; charset=utf-8 252.9934ms
2026-04-29 23:47:00.996 +05:30 [INF] Executed endpoint '/hubs/chat'
2026-04-29 23:47:00.996 +05:30 [INF] HTTP GET /hubs/chat responded 101 in 4252.8152 ms
2026-04-29 23:47:00.996 +05:30 [INF] Request finished HTTP/1.1 GET http://localhost:5283/hubs/chat?access_token=eyJhbGciOiJIUzI1NiIsInR5cCI6IkpXVCJ9.eyJzdWIiOiIwYTQ3ODA5Mi03MjUxLTRiMTEtYTc4NS0wNWVmYmY4YWQxZjYiLCJlbWFpbCI6ImFkbWluQHRyYWRpbmdqb3VybmFsLmNvbSIsImh0dHA6Ly9zY2hlbWFzLm1pY3Jvc29mdC5jb20vd3MvMjAwOC8wNi9pZGVudGl0eS9jbGFpbXMvcm9sZSI6IkFkbWluIiwiZmlyc3ROYW1lIjoiQWRtaW4iLCJsYXN0TmFtZSI6IlVzZXIiLCJqdGkiOiI4OGUwZDkzZS0wMWVmLTRhMWQtYTNiOS0yMjgyN2NmMzg0NDciLCJleHAiOjE3Nzc0OTAxMTMsImlzcyI6IlRyYWRpbmdKb3VybmFsQVBJIiwiYXVkIjoiVHJhZGluZ0pvdXJuYWxDbGllbnQifQ.Xlp-_wdEJRbhzHmYWWmhGZNSUiQ7hezlwaipWmFw0Jk&id=uMlX0i3t4zww434WhpJU9g - 101 null null 4253.2514ms
2026-04-29 23:47:01.446 +05:30 [INF] Request starting HTTP/1.1 OPTIONS http://localhost:5283/hubs/chat/negotiate?access_token=eyJhbGciOiJIUzI1NiIsInR5cCI6IkpXVCJ9.eyJzdWIiOiIwYTQ3ODA5Mi03MjUxLTRiMTEtYTc4NS0wNWVmYmY4YWQxZjYiLCJlbWFpbCI6ImFkbWluQHRyYWRpbmdqb3VybmFsLmNvbSIsImh0dHA6Ly9zY2hlbWFzLm1pY3Jvc29mdC5jb20vd3MvMjAwOC8wNi9pZGVudGl0eS9jbGFpbXMvcm9sZSI6IkFkbWluIiwiZmlyc3ROYW1lIjoiQWRtaW4iLCJsYXN0TmFtZSI6IlVzZXIiLCJqdGkiOiI4OGUwZDkzZS0wMWVmLTRhMWQtYTNiOS0yMjgyN2NmMzg0NDciLCJleHAiOjE3Nzc0OTAxMTMsImlzcyI6IlRyYWRpbmdKb3VybmFsQVBJIiwiYXVkIjoiVHJhZGluZ0pvdXJuYWxDbGllbnQifQ.Xlp-_wdEJRbhzHmYWWmhGZNSUiQ7hezlwaipWmFw0Jk&negotiateVersion=1 - null null
2026-04-29 23:47:01.446 +05:30 [INF] CORS policy execution successful.
2026-04-29 23:47:01.446 +05:30 [INF] HTTP OPTIONS /hubs/chat/negotiate responded 204 in 0.1978 ms
2026-04-29 23:47:01.446 +05:30 [INF] Request finished HTTP/1.1 OPTIONS http://localhost:5283/hubs/chat/negotiate?access_token=eyJhbGciOiJIUzI1NiIsInR5cCI6IkpXVCJ9.eyJzdWIiOiIwYTQ3ODA5Mi03MjUxLTRiMTEtYTc4NS0wNWVmYmY4YWQxZjYiLCJlbWFpbCI6ImFkbWluQHRyYWRpbmdqb3VybmFsLmNvbSIsImh0dHA6Ly9zY2hlbWFzLm1pY3Jvc29mdC5jb20vd3MvMjAwOC8wNi9pZGVudGl0eS9jbGFpbXMvcm9sZSI6IkFkbWluIiwiZmlyc3ROYW1lIjoiQWRtaW4iLCJsYXN0TmFtZSI6IlVzZXIiLCJqdGkiOiI4OGUwZDkzZS0wMWVmLTRhMWQtYTNiOS0yMjgyN2NmMzg0NDciLCJleHAiOjE3Nzc0OTAxMTMsImlzcyI6IlRyYWRpbmdKb3VybmFsQVBJIiwiYXVkIjoiVHJhZGluZ0pvdXJuYWxDbGllbnQifQ.Xlp-_wdEJRbhzHmYWWmhGZNSUiQ7hezlwaipWmFw0Jk&negotiateVersion=1 - 204 null null 0.5439ms
2026-04-29 23:47:01.455 +05:30 [INF] Request starting HTTP/1.1 POST http://localhost:5283/hubs/chat/negotiate?access_token=eyJhbGciOiJIUzI1NiIsInR5cCI6IkpXVCJ9.eyJzdWIiOiIwYTQ3ODA5Mi03MjUxLTRiMTEtYTc4NS0wNWVmYmY4YWQxZjYiLCJlbWFpbCI6ImFkbWluQHRyYWRpbmdqb3VybmFsLmNvbSIsImh0dHA6Ly9zY2hlbWFzLm1pY3Jvc29mdC5jb20vd3MvMjAwOC8wNi9pZGVudGl0eS9jbGFpbXMvcm9sZSI6IkFkbWluIiwiZmlyc3ROYW1lIjoiQWRtaW4iLCJsYXN0TmFtZSI6IlVzZXIiLCJqdGkiOiI4OGUwZDkzZS0wMWVmLTRhMWQtYTNiOS0yMjgyN2NmMzg0NDciLCJleHAiOjE3Nzc0OTAxMTMsImlzcyI6IlRyYWRpbmdKb3VybmFsQVBJIiwiYXVkIjoiVHJhZGluZ0pvdXJuYWxDbGllbnQifQ.Xlp-_wdEJRbhzHmYWWmhGZNSUiQ7hezlwaipWmFw0Jk&negotiateVersion=1 - null 0
2026-04-29 23:47:01.455 +05:30 [INF] CORS policy execution successful.
2026-04-29 23:47:01.456 +05:30 [INF] Request starting HTTP/1.1 GET http://localhost:5283/api/forum/public?page=1&pageSize=50 - null null
2026-04-29 23:47:01.456 +05:30 [INF] Executing endpoint '/hubs/chat/negotiate'
2026-04-29 23:47:01.456 +05:30 [INF] CORS policy execution successful.
2026-04-29 23:47:01.457 +05:30 [INF] Executed endpoint '/hubs/chat/negotiate'
2026-04-29 23:47:01.457 +05:30 [INF] HTTP POST /hubs/chat/negotiate responded 200 in 1.3181 ms
2026-04-29 23:47:01.457 +05:30 [INF] Executing endpoint 'TradingJournal.API.Controllers.ForumController.GetPublicMessages (TradingJournal.API)'
2026-04-29 23:47:01.457 +05:30 [INF] Request finished HTTP/1.1 POST http://localhost:5283/hubs/chat/negotiate?access_token=eyJhbGciOiJIUzI1NiIsInR5cCI6IkpXVCJ9.eyJzdWIiOiIwYTQ3ODA5Mi03MjUxLTRiMTEtYTc4NS0wNWVmYmY4YWQxZjYiLCJlbWFpbCI6ImFkbWluQHRyYWRpbmdqb3VybmFsLmNvbSIsImh0dHA6Ly9zY2hlbWFzLm1pY3Jvc29mdC5jb20vd3MvMjAwOC8wNi9pZGVudGl0eS9jbGFpbXMvcm9sZSI6IkFkbWluIiwiZmlyc3ROYW1lIjoiQWRtaW4iLCJsYXN0TmFtZSI6IlVzZXIiLCJqdGkiOiI4OGUwZDkzZS0wMWVmLTRhMWQtYTNiOS0yMjgyN2NmMzg0NDciLCJleHAiOjE3Nzc0OTAxMTMsImlzcyI6IlRyYWRpbmdKb3VybmFsQVBJIiwiYXVkIjoiVHJhZGluZ0pvdXJuYWxDbGllbnQifQ.Xlp-_wdEJRbhzHmYWWmhGZNSUiQ7hezlwaipWmFw0Jk&negotiateVersion=1 - 200 316 application/json 2.1607ms
2026-04-29 23:47:01.457 +05:30 [INF] Route matched with {action = "GetPublicMessages", controller = "Forum"}. Executing controller action with signature System.Threading.Tasks.Task`1[Microsoft.AspNetCore.Mvc.IActionResult] GetPublicMessages(Int32, Int32) on controller TradingJournal.API.Controllers.ForumController (TradingJournal.API).
2026-04-29 23:47:01.587 +05:30 [INF] Executed DbCommand (11ms) [Parameters=[@p1='?' (DbType = Int32), @p='?' (DbType = Int32)], CommandType='"Text"', CommandTimeout='300']
SELECT f0."Id", f0."AuthorId", f0."ChannelType", f0."Content", f0."CreatedAt", f0."EditedAt", f0."IsDeleted", f0."IsEdited", f0."IsRead", f0."ParentMessageId", f0."ReceiverId", f0."SenderId", f0."UpdatedAt", u0."Id", u0."AccountBalance", u0."AllowedSections", u0."CreatedAt", u0."Email", u0."FirstName", u0."IsActive", u0."IsDeleted", u0."LastName", u0."PasswordHash", u0."ProfileImageUrl", u0."RefreshToken", u0."RefreshTokenExpiry", u0."Role", u0."UpdatedAt", f2."Id", f2."AuthorId", f2."ChannelType", f2."Content", f2."CreatedAt", f2."EditedAt", f2."IsDeleted", f2."IsEdited", f2."IsRead", f2."ParentMessageId", f2."ReceiverId", f2."SenderId", f2."UpdatedAt"
FROM (
    SELECT f."Id", f."AuthorId", f."ChannelType", f."Content", f."CreatedAt", f."EditedAt", f."IsDeleted", f."IsEdited", f."IsRead", f."ParentMessageId", f."ReceiverId", f."SenderId", f."UpdatedAt"
    FROM "ForumMessages" AS f
    WHERE NOT (f."IsDeleted") AND f."ChannelType" = 1 AND f."ParentMessageId" IS NULL
    ORDER BY f."CreatedAt" DESC
    LIMIT @p1 OFFSET @p
) AS f0
INNER JOIN (
    SELECT u."Id", u."AccountBalance", u."AllowedSections", u."CreatedAt", u."Email", u."FirstName", u."IsActive", u."IsDeleted", u."LastName", u."PasswordHash", u."ProfileImageUrl", u."RefreshToken", u."RefreshTokenExpiry", u."Role", u."UpdatedAt"
    FROM "Users" AS u
    WHERE NOT (u."IsDeleted")
) AS u0 ON f0."AuthorId" = u0."Id"
LEFT JOIN (
    SELECT f1."Id", f1."AuthorId", f1."ChannelType", f1."Content", f1."CreatedAt", f1."EditedAt", f1."IsDeleted", f1."IsEdited", f1."IsRead", f1."ParentMessageId", f1."ReceiverId", f1."SenderId", f1."UpdatedAt"
    FROM "ForumMessages" AS f1
    WHERE NOT (f1."IsDeleted")
) AS f2 ON f0."Id" = f2."ParentMessageId"
ORDER BY f0."CreatedAt" DESC, f0."Id", u0."Id"
2026-04-29 23:47:01.638 +05:30 [INF] Request starting HTTP/1.1 GET http://localhost:5283/hubs/chat?access_token=eyJhbGciOiJIUzI1NiIsInR5cCI6IkpXVCJ9.eyJzdWIiOiIwYTQ3ODA5Mi03MjUxLTRiMTEtYTc4NS0wNWVmYmY4YWQxZjYiLCJlbWFpbCI6ImFkbWluQHRyYWRpbmdqb3VybmFsLmNvbSIsImh0dHA6Ly9zY2hlbWFzLm1pY3Jvc29mdC5jb20vd3MvMjAwOC8wNi9pZGVudGl0eS9jbGFpbXMvcm9sZSI6IkFkbWluIiwiZmlyc3ROYW1lIjoiQWRtaW4iLCJsYXN0TmFtZSI6IlVzZXIiLCJqdGkiOiI4OGUwZDkzZS0wMWVmLTRhMWQtYTNiOS0yMjgyN2NmMzg0NDciLCJleHAiOjE3Nzc0OTAxMTMsImlzcyI6IlRyYWRpbmdKb3VybmFsQVBJIiwiYXVkIjoiVHJhZGluZ0pvdXJuYWxDbGllbnQifQ.Xlp-_wdEJRbhzHmYWWmhGZNSUiQ7hezlwaipWmFw0Jk&id=7Ff-h-TycHs3_De3o9nlDg - null null
2026-04-29 23:47:01.639 +05:30 [INF] CORS policy execution successful.
2026-04-29 23:47:01.639 +05:30 [INF] Executing endpoint '/hubs/chat'
2026-04-29 23:47:01.728 +05:30 [INF] Executed DbCommand (10ms) [Parameters=[], CommandType='"Text"', CommandTimeout='300']
SELECT count(*)::int
FROM "ForumMessages" AS f
WHERE NOT (f."IsDeleted") AND f."ChannelType" = 1 AND f."ParentMessageId" IS NULL
2026-04-29 23:47:01.730 +05:30 [INF] Executing OkObjectResult, writing value of type '<>f__AnonymousType2`2[[System.Collections.Generic.List`1[[TradingJournal.Application.DTOs.Forum.ForumMessageDto, TradingJournal.Application, Version=1.0.0.0, Culture=neutral, PublicKeyToken=null]], System.Private.CoreLib, Version=10.0.0.0, Culture=neutral, PublicKeyToken=7cec85d7bea7798e],[System.Int32, System.Private.CoreLib, Version=10.0.0.0, Culture=neutral, PublicKeyToken=7cec85d7bea7798e]]'.
2026-04-29 23:47:01.731 +05:30 [INF] Executed action TradingJournal.API.Controllers.ForumController.GetPublicMessages (TradingJournal.API) in 273.3571ms
2026-04-29 23:47:01.731 +05:30 [INF] Executed endpoint 'TradingJournal.API.Controllers.ForumController.GetPublicMessages (TradingJournal.API)'
2026-04-29 23:47:01.732 +05:30 [INF] HTTP GET /api/forum/public responded 200 in 274.8311 ms
2026-04-29 23:47:01.732 +05:30 [INF] Request finished HTTP/1.1 GET http://localhost:5283/api/forum/public?page=1&pageSize=50 - 200 null application/json; charset=utf-8 275.6379ms
2026-04-29 23:47:43.338 +05:30 [INF] Executed endpoint '/hubs/chat'
2026-04-29 23:47:43.338 +05:30 [INF] HTTP GET /hubs/chat responded 101 in 41699.2650 ms
2026-04-29 23:47:43.338 +05:30 [INF] Request finished HTTP/1.1 GET http://localhost:5283/hubs/chat?access_token=eyJhbGciOiJIUzI1NiIsInR5cCI6IkpXVCJ9.eyJzdWIiOiIwYTQ3ODA5Mi03MjUxLTRiMTEtYTc4NS0wNWVmYmY4YWQxZjYiLCJlbWFpbCI6ImFkbWluQHRyYWRpbmdqb3VybmFsLmNvbSIsImh0dHA6Ly9zY2hlbWFzLm1pY3Jvc29mdC5jb20vd3MvMjAwOC8wNi9pZGVudGl0eS9jbGFpbXMvcm9sZSI6IkFkbWluIiwiZmlyc3ROYW1lIjoiQWRtaW4iLCJsYXN0TmFtZSI6IlVzZXIiLCJqdGkiOiI4OGUwZDkzZS0wMWVmLTRhMWQtYTNiOS0yMjgyN2NmMzg0NDciLCJleHAiOjE3Nzc0OTAxMTMsImlzcyI6IlRyYWRpbmdKb3VybmFsQVBJIiwiYXVkIjoiVHJhZGluZ0pvdXJuYWxDbGllbnQifQ.Xlp-_wdEJRbhzHmYWWmhGZNSUiQ7hezlwaipWmFw0Jk&id=7Ff-h-TycHs3_De3o9nlDg - 101 null null 41699.8788ms
2026-04-29 23:47:44.431 +05:30 [INF] Request starting HTTP/1.1 OPTIONS http://localhost:5283/hubs/chat/negotiate?access_token=eyJhbGciOiJIUzI1NiIsInR5cCI6IkpXVCJ9.eyJzdWIiOiIwYTQ3ODA5Mi03MjUxLTRiMTEtYTc4NS0wNWVmYmY4YWQxZjYiLCJlbWFpbCI6ImFkbWluQHRyYWRpbmdqb3VybmFsLmNvbSIsImh0dHA6Ly9zY2hlbWFzLm1pY3Jvc29mdC5jb20vd3MvMjAwOC8wNi9pZGVudGl0eS9jbGFpbXMvcm9sZSI6IkFkbWluIiwiZmlyc3ROYW1lIjoiQWRtaW4iLCJsYXN0TmFtZSI6IlVzZXIiLCJqdGkiOiI4OGUwZDkzZS0wMWVmLTRhMWQtYTNiOS0yMjgyN2NmMzg0NDciLCJleHAiOjE3Nzc0OTAxMTMsImlzcyI6IlRyYWRpbmdKb3VybmFsQVBJIiwiYXVkIjoiVHJhZGluZ0pvdXJuYWxDbGllbnQifQ.Xlp-_wdEJRbhzHmYWWmhGZNSUiQ7hezlwaipWmFw0Jk&negotiateVersion=1 - null null
2026-04-29 23:47:44.432 +05:30 [INF] CORS policy execution successful.
2026-04-29 23:47:44.432 +05:30 [INF] HTTP OPTIONS /hubs/chat/negotiate responded 204 in 0.1221 ms
2026-04-29 23:47:44.432 +05:30 [INF] Request finished HTTP/1.1 OPTIONS http://localhost:5283/hubs/chat/negotiate?access_token=eyJhbGciOiJIUzI1NiIsInR5cCI6IkpXVCJ9.eyJzdWIiOiIwYTQ3ODA5Mi03MjUxLTRiMTEtYTc4NS0wNWVmYmY4YWQxZjYiLCJlbWFpbCI6ImFkbWluQHRyYWRpbmdqb3VybmFsLmNvbSIsImh0dHA6Ly9zY2hlbWFzLm1pY3Jvc29mdC5jb20vd3MvMjAwOC8wNi9pZGVudGl0eS9jbGFpbXMvcm9sZSI6IkFkbWluIiwiZmlyc3ROYW1lIjoiQWRtaW4iLCJsYXN0TmFtZSI6IlVzZXIiLCJqdGkiOiI4OGUwZDkzZS0wMWVmLTRhMWQtYTNiOS0yMjgyN2NmMzg0NDciLCJleHAiOjE3Nzc0OTAxMTMsImlzcyI6IlRyYWRpbmdKb3VybmFsQVBJIiwiYXVkIjoiVHJhZGluZ0pvdXJuYWxDbGllbnQifQ.Xlp-_wdEJRbhzHmYWWmhGZNSUiQ7hezlwaipWmFw0Jk&negotiateVersion=1 - 204 null null 0.493ms
2026-04-29 23:47:44.437 +05:30 [INF] Request starting HTTP/1.1 POST http://localhost:5283/hubs/chat/negotiate?access_token=eyJhbGciOiJIUzI1NiIsInR5cCI6IkpXVCJ9.eyJzdWIiOiIwYTQ3ODA5Mi03MjUxLTRiMTEtYTc4NS0wNWVmYmY4YWQxZjYiLCJlbWFpbCI6ImFkbWluQHRyYWRpbmdqb3VybmFsLmNvbSIsImh0dHA6Ly9zY2hlbWFzLm1pY3Jvc29mdC5jb20vd3MvMjAwOC8wNi9pZGVudGl0eS9jbGFpbXMvcm9sZSI6IkFkbWluIiwiZmlyc3ROYW1lIjoiQWRtaW4iLCJsYXN0TmFtZSI6IlVzZXIiLCJqdGkiOiI4OGUwZDkzZS0wMWVmLTRhMWQtYTNiOS0yMjgyN2NmMzg0NDciLCJleHAiOjE3Nzc0OTAxMTMsImlzcyI6IlRyYWRpbmdKb3VybmFsQVBJIiwiYXVkIjoiVHJhZGluZ0pvdXJuYWxDbGllbnQifQ.Xlp-_wdEJRbhzHmYWWmhGZNSUiQ7hezlwaipWmFw0Jk&negotiateVersion=1 - null 0
2026-04-29 23:47:44.437 +05:30 [INF] CORS policy execution successful.
2026-04-29 23:47:44.437 +05:30 [INF] Executing endpoint '/hubs/chat/negotiate'
2026-04-29 23:47:44.438 +05:30 [INF] Executed endpoint '/hubs/chat/negotiate'
2026-04-29 23:47:44.438 +05:30 [INF] HTTP POST /hubs/chat/negotiate responded 200 in 0.9481 ms
2026-04-29 23:47:44.438 +05:30 [INF] Request finished HTTP/1.1 POST http://localhost:5283/hubs/chat/negotiate?access_token=eyJhbGciOiJIUzI1NiIsInR5cCI6IkpXVCJ9.eyJzdWIiOiIwYTQ3ODA5Mi03MjUxLTRiMTEtYTc4NS0wNWVmYmY4YWQxZjYiLCJlbWFpbCI6ImFkbWluQHRyYWRpbmdqb3VybmFsLmNvbSIsImh0dHA6Ly9zY2hlbWFzLm1pY3Jvc29mdC5jb20vd3MvMjAwOC8wNi9pZGVudGl0eS9jbGFpbXMvcm9sZSI6IkFkbWluIiwiZmlyc3ROYW1lIjoiQWRtaW4iLCJsYXN0TmFtZSI6IlVzZXIiLCJqdGkiOiI4OGUwZDkzZS0wMWVmLTRhMWQtYTNiOS0yMjgyN2NmMzg0NDciLCJleHAiOjE3Nzc0OTAxMTMsImlzcyI6IlRyYWRpbmdKb3VybmFsQVBJIiwiYXVkIjoiVHJhZGluZ0pvdXJuYWxDbGllbnQifQ.Xlp-_wdEJRbhzHmYWWmhGZNSUiQ7hezlwaipWmFw0Jk&negotiateVersion=1 - 200 316 application/json 1.2757ms
2026-04-29 23:47:44.446 +05:30 [INF] Request starting HTTP/1.1 OPTIONS http://localhost:5283/api/forum/public?page=1&pageSize=50 - null null
2026-04-29 23:47:44.446 +05:30 [INF] CORS policy execution successful.
2026-04-29 23:47:44.446 +05:30 [INF] HTTP OPTIONS /api/forum/public responded 204 in 0.1284 ms
2026-04-29 23:47:44.446 +05:30 [INF] Request finished HTTP/1.1 OPTIONS http://localhost:5283/api/forum/public?page=1&pageSize=50 - 204 null null 0.3798ms
2026-04-29 23:47:44.449 +05:30 [INF] Request starting HTTP/1.1 GET http://localhost:5283/api/forum/public?page=1&pageSize=50 - null null
2026-04-29 23:47:44.449 +05:30 [INF] CORS policy execution successful.
2026-04-29 23:47:44.450 +05:30 [INF] Executing endpoint 'TradingJournal.API.Controllers.ForumController.GetPublicMessages (TradingJournal.API)'
2026-04-29 23:47:44.451 +05:30 [INF] Route matched with {action = "GetPublicMessages", controller = "Forum"}. Executing controller action with signature System.Threading.Tasks.Task`1[Microsoft.AspNetCore.Mvc.IActionResult] GetPublicMessages(Int32, Int32) on controller TradingJournal.API.Controllers.ForumController (TradingJournal.API).
2026-04-29 23:47:44.555 +05:30 [INF] Executed DbCommand (7ms) [Parameters=[@p1='?' (DbType = Int32), @p='?' (DbType = Int32)], CommandType='"Text"', CommandTimeout='300']
SELECT f0."Id", f0."AuthorId", f0."ChannelType", f0."Content", f0."CreatedAt", f0."EditedAt", f0."IsDeleted", f0."IsEdited", f0."IsRead", f0."ParentMessageId", f0."ReceiverId", f0."SenderId", f0."UpdatedAt", u0."Id", u0."AccountBalance", u0."AllowedSections", u0."CreatedAt", u0."Email", u0."FirstName", u0."IsActive", u0."IsDeleted", u0."LastName", u0."PasswordHash", u0."ProfileImageUrl", u0."RefreshToken", u0."RefreshTokenExpiry", u0."Role", u0."UpdatedAt", f2."Id", f2."AuthorId", f2."ChannelType", f2."Content", f2."CreatedAt", f2."EditedAt", f2."IsDeleted", f2."IsEdited", f2."IsRead", f2."ParentMessageId", f2."ReceiverId", f2."SenderId", f2."UpdatedAt"
FROM (
    SELECT f."Id", f."AuthorId", f."ChannelType", f."Content", f."CreatedAt", f."EditedAt", f."IsDeleted", f."IsEdited", f."IsRead", f."ParentMessageId", f."ReceiverId", f."SenderId", f."UpdatedAt"
    FROM "ForumMessages" AS f
    WHERE NOT (f."IsDeleted") AND f."ChannelType" = 1 AND f."ParentMessageId" IS NULL
    ORDER BY f."CreatedAt" DESC
    LIMIT @p1 OFFSET @p
) AS f0
INNER JOIN (
    SELECT u."Id", u."AccountBalance", u."AllowedSections", u."CreatedAt", u."Email", u."FirstName", u."IsActive", u."IsDeleted", u."LastName", u."PasswordHash", u."ProfileImageUrl", u."RefreshToken", u."RefreshTokenExpiry", u."Role", u."UpdatedAt"
    FROM "Users" AS u
    WHERE NOT (u."IsDeleted")
) AS u0 ON f0."AuthorId" = u0."Id"
LEFT JOIN (
    SELECT f1."Id", f1."AuthorId", f1."ChannelType", f1."Content", f1."CreatedAt", f1."EditedAt", f1."IsDeleted", f1."IsEdited", f1."IsRead", f1."ParentMessageId", f1."ReceiverId", f1."SenderId", f1."UpdatedAt"
    FROM "ForumMessages" AS f1
    WHERE NOT (f1."IsDeleted")
) AS f2 ON f0."Id" = f2."ParentMessageId"
ORDER BY f0."CreatedAt" DESC, f0."Id", u0."Id"
2026-04-29 23:47:44.638 +05:30 [INF] Executed DbCommand (3ms) [Parameters=[], CommandType='"Text"', CommandTimeout='300']
SELECT count(*)::int
FROM "ForumMessages" AS f
WHERE NOT (f."IsDeleted") AND f."ChannelType" = 1 AND f."ParentMessageId" IS NULL
2026-04-29 23:47:44.640 +05:30 [INF] Executing OkObjectResult, writing value of type '<>f__AnonymousType2`2[[System.Collections.Generic.List`1[[TradingJournal.Application.DTOs.Forum.ForumMessageDto, TradingJournal.Application, Version=1.0.0.0, Culture=neutral, PublicKeyToken=null]], System.Private.CoreLib, Version=10.0.0.0, Culture=neutral, PublicKeyToken=7cec85d7bea7798e],[System.Int32, System.Private.CoreLib, Version=10.0.0.0, Culture=neutral, PublicKeyToken=7cec85d7bea7798e]]'.
2026-04-29 23:47:44.640 +05:30 [INF] Executed action TradingJournal.API.Controllers.ForumController.GetPublicMessages (TradingJournal.API) in 188.6785ms
2026-04-29 23:47:44.640 +05:30 [INF] Executed endpoint 'TradingJournal.API.Controllers.ForumController.GetPublicMessages (TradingJournal.API)'
2026-04-29 23:47:44.640 +05:30 [INF] HTTP GET /api/forum/public responded 200 in 191.2191 ms
2026-04-29 23:47:44.640 +05:30 [INF] Request finished HTTP/1.1 GET http://localhost:5283/api/forum/public?page=1&pageSize=50 - 200 null application/json; charset=utf-8 191.6937ms
2026-04-29 23:47:44.802 +05:30 [INF] Request starting HTTP/1.1 GET http://localhost:5283/hubs/chat?access_token=eyJhbGciOiJIUzI1NiIsInR5cCI6IkpXVCJ9.eyJzdWIiOiIwYTQ3ODA5Mi03MjUxLTRiMTEtYTc4NS0wNWVmYmY4YWQxZjYiLCJlbWFpbCI6ImFkbWluQHRyYWRpbmdqb3VybmFsLmNvbSIsImh0dHA6Ly9zY2hlbWFzLm1pY3Jvc29mdC5jb20vd3MvMjAwOC8wNi9pZGVudGl0eS9jbGFpbXMvcm9sZSI6IkFkbWluIiwiZmlyc3ROYW1lIjoiQWRtaW4iLCJsYXN0TmFtZSI6IlVzZXIiLCJqdGkiOiI4OGUwZDkzZS0wMWVmLTRhMWQtYTNiOS0yMjgyN2NmMzg0NDciLCJleHAiOjE3Nzc0OTAxMTMsImlzcyI6IlRyYWRpbmdKb3VybmFsQVBJIiwiYXVkIjoiVHJhZGluZ0pvdXJuYWxDbGllbnQifQ.Xlp-_wdEJRbhzHmYWWmhGZNSUiQ7hezlwaipWmFw0Jk&id=_dmWkFXfn5JfycFPeFjysQ - null null
2026-04-29 23:47:44.803 +05:30 [INF] CORS policy execution successful.
2026-04-29 23:47:44.804 +05:30 [INF] Executing endpoint '/hubs/chat'
2026-04-29 23:47:45.283 +05:30 [INF] Executed endpoint '/hubs/chat'
2026-04-29 23:47:45.283 +05:30 [INF] HTTP GET /hubs/chat responded 101 in 480.4127 ms
2026-04-29 23:47:45.283 +05:30 [INF] Request finished HTTP/1.1 GET http://localhost:5283/hubs/chat?access_token=eyJhbGciOiJIUzI1NiIsInR5cCI6IkpXVCJ9.eyJzdWIiOiIwYTQ3ODA5Mi03MjUxLTRiMTEtYTc4NS0wNWVmYmY4YWQxZjYiLCJlbWFpbCI6ImFkbWluQHRyYWRpbmdqb3VybmFsLmNvbSIsImh0dHA6Ly9zY2hlbWFzLm1pY3Jvc29mdC5jb20vd3MvMjAwOC8wNi9pZGVudGl0eS9jbGFpbXMvcm9sZSI6IkFkbWluIiwiZmlyc3ROYW1lIjoiQWRtaW4iLCJsYXN0TmFtZSI6IlVzZXIiLCJqdGkiOiI4OGUwZDkzZS0wMWVmLTRhMWQtYTNiOS0yMjgyN2NmMzg0NDciLCJleHAiOjE3Nzc0OTAxMTMsImlzcyI6IlRyYWRpbmdKb3VybmFsQVBJIiwiYXVkIjoiVHJhZGluZ0pvdXJuYWxDbGllbnQifQ.Xlp-_wdEJRbhzHmYWWmhGZNSUiQ7hezlwaipWmFw0Jk&id=_dmWkFXfn5JfycFPeFjysQ - 101 null null 480.8153ms
2026-04-29 23:47:46.076 +05:30 [INF] Request starting HTTP/1.1 OPTIONS http://localhost:5283/hubs/chat/negotiate?access_token=eyJhbGciOiJIUzI1NiIsInR5cCI6IkpXVCJ9.eyJzdWIiOiIwYTQ3ODA5Mi03MjUxLTRiMTEtYTc4NS0wNWVmYmY4YWQxZjYiLCJlbWFpbCI6ImFkbWluQHRyYWRpbmdqb3VybmFsLmNvbSIsImh0dHA6Ly9zY2hlbWFzLm1pY3Jvc29mdC5jb20vd3MvMjAwOC8wNi9pZGVudGl0eS9jbGFpbXMvcm9sZSI6IkFkbWluIiwiZmlyc3ROYW1lIjoiQWRtaW4iLCJsYXN0TmFtZSI6IlVzZXIiLCJqdGkiOiI4OGUwZDkzZS0wMWVmLTRhMWQtYTNiOS0yMjgyN2NmMzg0NDciLCJleHAiOjE3Nzc0OTAxMTMsImlzcyI6IlRyYWRpbmdKb3VybmFsQVBJIiwiYXVkIjoiVHJhZGluZ0pvdXJuYWxDbGllbnQifQ.Xlp-_wdEJRbhzHmYWWmhGZNSUiQ7hezlwaipWmFw0Jk&negotiateVersion=1 - null null
2026-04-29 23:47:46.076 +05:30 [INF] CORS policy execution successful.
2026-04-29 23:47:46.076 +05:30 [INF] HTTP OPTIONS /hubs/chat/negotiate responded 204 in 0.1595 ms
2026-04-29 23:47:46.076 +05:30 [INF] Request finished HTTP/1.1 OPTIONS http://localhost:5283/hubs/chat/negotiate?access_token=eyJhbGciOiJIUzI1NiIsInR5cCI6IkpXVCJ9.eyJzdWIiOiIwYTQ3ODA5Mi03MjUxLTRiMTEtYTc4NS0wNWVmYmY4YWQxZjYiLCJlbWFpbCI6ImFkbWluQHRyYWRpbmdqb3VybmFsLmNvbSIsImh0dHA6Ly9zY2hlbWFzLm1pY3Jvc29mdC5jb20vd3MvMjAwOC8wNi9pZGVudGl0eS9jbGFpbXMvcm9sZSI6IkFkbWluIiwiZmlyc3ROYW1lIjoiQWRtaW4iLCJsYXN0TmFtZSI6IlVzZXIiLCJqdGkiOiI4OGUwZDkzZS0wMWVmLTRhMWQtYTNiOS0yMjgyN2NmMzg0NDciLCJleHAiOjE3Nzc0OTAxMTMsImlzcyI6IlRyYWRpbmdKb3VybmFsQVBJIiwiYXVkIjoiVHJhZGluZ0pvdXJuYWxDbGllbnQifQ.Xlp-_wdEJRbhzHmYWWmhGZNSUiQ7hezlwaipWmFw0Jk&negotiateVersion=1 - 204 null null 0.4318ms
2026-04-29 23:47:46.079 +05:30 [INF] Request starting HTTP/1.1 POST http://localhost:5283/hubs/chat/negotiate?access_token=eyJhbGciOiJIUzI1NiIsInR5cCI6IkpXVCJ9.eyJzdWIiOiIwYTQ3ODA5Mi03MjUxLTRiMTEtYTc4NS0wNWVmYmY4YWQxZjYiLCJlbWFpbCI6ImFkbWluQHRyYWRpbmdqb3VybmFsLmNvbSIsImh0dHA6Ly9zY2hlbWFzLm1pY3Jvc29mdC5jb20vd3MvMjAwOC8wNi9pZGVudGl0eS9jbGFpbXMvcm9sZSI6IkFkbWluIiwiZmlyc3ROYW1lIjoiQWRtaW4iLCJsYXN0TmFtZSI6IlVzZXIiLCJqdGkiOiI4OGUwZDkzZS0wMWVmLTRhMWQtYTNiOS0yMjgyN2NmMzg0NDciLCJleHAiOjE3Nzc0OTAxMTMsImlzcyI6IlRyYWRpbmdKb3VybmFsQVBJIiwiYXVkIjoiVHJhZGluZ0pvdXJuYWxDbGllbnQifQ.Xlp-_wdEJRbhzHmYWWmhGZNSUiQ7hezlwaipWmFw0Jk&negotiateVersion=1 - null 0
2026-04-29 23:47:46.079 +05:30 [INF] CORS policy execution successful.
2026-04-29 23:47:46.080 +05:30 [INF] Executing endpoint '/hubs/chat/negotiate'
2026-04-29 23:47:46.080 +05:30 [INF] Executed endpoint '/hubs/chat/negotiate'
2026-04-29 23:47:46.080 +05:30 [INF] HTTP POST /hubs/chat/negotiate responded 200 in 1.0238 ms
2026-04-29 23:47:46.080 +05:30 [INF] Request finished HTTP/1.1 POST http://localhost:5283/hubs/chat/negotiate?access_token=eyJhbGciOiJIUzI1NiIsInR5cCI6IkpXVCJ9.eyJzdWIiOiIwYTQ3ODA5Mi03MjUxLTRiMTEtYTc4NS0wNWVmYmY4YWQxZjYiLCJlbWFpbCI6ImFkbWluQHRyYWRpbmdqb3VybmFsLmNvbSIsImh0dHA6Ly9zY2hlbWFzLm1pY3Jvc29mdC5jb20vd3MvMjAwOC8wNi9pZGVudGl0eS9jbGFpbXMvcm9sZSI6IkFkbWluIiwiZmlyc3ROYW1lIjoiQWRtaW4iLCJsYXN0TmFtZSI6IlVzZXIiLCJqdGkiOiI4OGUwZDkzZS0wMWVmLTRhMWQtYTNiOS0yMjgyN2NmMzg0NDciLCJleHAiOjE3Nzc0OTAxMTMsImlzcyI6IlRyYWRpbmdKb3VybmFsQVBJIiwiYXVkIjoiVHJhZGluZ0pvdXJuYWxDbGllbnQifQ.Xlp-_wdEJRbhzHmYWWmhGZNSUiQ7hezlwaipWmFw0Jk&negotiateVersion=1 - 200 316 application/json 1.3355ms
2026-04-29 23:47:46.081 +05:30 [INF] Request starting HTTP/1.1 GET http://localhost:5283/api/forum/public?page=1&pageSize=50 - null null
2026-04-29 23:47:46.081 +05:30 [INF] CORS policy execution successful.
2026-04-29 23:47:46.082 +05:30 [INF] Executing endpoint 'TradingJournal.API.Controllers.ForumController.GetPublicMessages (TradingJournal.API)'
2026-04-29 23:47:46.082 +05:30 [INF] Route matched with {action = "GetPublicMessages", controller = "Forum"}. Executing controller action with signature System.Threading.Tasks.Task`1[Microsoft.AspNetCore.Mvc.IActionResult] GetPublicMessages(Int32, Int32) on controller TradingJournal.API.Controllers.ForumController (TradingJournal.API).
2026-04-29 23:47:46.175 +05:30 [INF] Executed DbCommand (6ms) [Parameters=[@p1='?' (DbType = Int32), @p='?' (DbType = Int32)], CommandType='"Text"', CommandTimeout='300']
SELECT f0."Id", f0."AuthorId", f0."ChannelType", f0."Content", f0."CreatedAt", f0."EditedAt", f0."IsDeleted", f0."IsEdited", f0."IsRead", f0."ParentMessageId", f0."ReceiverId", f0."SenderId", f0."UpdatedAt", u0."Id", u0."AccountBalance", u0."AllowedSections", u0."CreatedAt", u0."Email", u0."FirstName", u0."IsActive", u0."IsDeleted", u0."LastName", u0."PasswordHash", u0."ProfileImageUrl", u0."RefreshToken", u0."RefreshTokenExpiry", u0."Role", u0."UpdatedAt", f2."Id", f2."AuthorId", f2."ChannelType", f2."Content", f2."CreatedAt", f2."EditedAt", f2."IsDeleted", f2."IsEdited", f2."IsRead", f2."ParentMessageId", f2."ReceiverId", f2."SenderId", f2."UpdatedAt"
FROM (
    SELECT f."Id", f."AuthorId", f."ChannelType", f."Content", f."CreatedAt", f."EditedAt", f."IsDeleted", f."IsEdited", f."IsRead", f."ParentMessageId", f."ReceiverId", f."SenderId", f."UpdatedAt"
    FROM "ForumMessages" AS f
    WHERE NOT (f."IsDeleted") AND f."ChannelType" = 1 AND f."ParentMessageId" IS NULL
    ORDER BY f."CreatedAt" DESC
    LIMIT @p1 OFFSET @p
) AS f0
INNER JOIN (
    SELECT u."Id", u."AccountBalance", u."AllowedSections", u."CreatedAt", u."Email", u."FirstName", u."IsActive", u."IsDeleted", u."LastName", u."PasswordHash", u."ProfileImageUrl", u."RefreshToken", u."RefreshTokenExpiry", u."Role", u."UpdatedAt"
    FROM "Users" AS u
    WHERE NOT (u."IsDeleted")
) AS u0 ON f0."AuthorId" = u0."Id"
LEFT JOIN (
    SELECT f1."Id", f1."AuthorId", f1."ChannelType", f1."Content", f1."CreatedAt", f1."EditedAt", f1."IsDeleted", f1."IsEdited", f1."IsRead", f1."ParentMessageId", f1."ReceiverId", f1."SenderId", f1."UpdatedAt"
    FROM "ForumMessages" AS f1
    WHERE NOT (f1."IsDeleted")
) AS f2 ON f0."Id" = f2."ParentMessageId"
ORDER BY f0."CreatedAt" DESC, f0."Id", u0."Id"
2026-04-29 23:47:46.258 +05:30 [INF] Executed DbCommand (4ms) [Parameters=[], CommandType='"Text"', CommandTimeout='300']
SELECT count(*)::int
FROM "ForumMessages" AS f
WHERE NOT (f."IsDeleted") AND f."ChannelType" = 1 AND f."ParentMessageId" IS NULL
2026-04-29 23:47:46.259 +05:30 [INF] Executing OkObjectResult, writing value of type '<>f__AnonymousType2`2[[System.Collections.Generic.List`1[[TradingJournal.Application.DTOs.Forum.ForumMessageDto, TradingJournal.Application, Version=1.0.0.0, Culture=neutral, PublicKeyToken=null]], System.Private.CoreLib, Version=10.0.0.0, Culture=neutral, PublicKeyToken=7cec85d7bea7798e],[System.Int32, System.Private.CoreLib, Version=10.0.0.0, Culture=neutral, PublicKeyToken=7cec85d7bea7798e]]'.
2026-04-29 23:47:46.260 +05:30 [INF] Executed action TradingJournal.API.Controllers.ForumController.GetPublicMessages (TradingJournal.API) in 177.7077ms
2026-04-29 23:47:46.260 +05:30 [INF] Executed endpoint 'TradingJournal.API.Controllers.ForumController.GetPublicMessages (TradingJournal.API)'
2026-04-29 23:47:46.260 +05:30 [INF] HTTP GET /api/forum/public responded 200 in 179.1216 ms
2026-04-29 23:47:46.261 +05:30 [INF] Request finished HTTP/1.1 GET http://localhost:5283/api/forum/public?page=1&pageSize=50 - 200 null application/json; charset=utf-8 179.5846ms
2026-04-29 23:47:46.459 +05:30 [INF] Request starting HTTP/1.1 GET http://localhost:5283/hubs/chat?access_token=eyJhbGciOiJIUzI1NiIsInR5cCI6IkpXVCJ9.eyJzdWIiOiIwYTQ3ODA5Mi03MjUxLTRiMTEtYTc4NS0wNWVmYmY4YWQxZjYiLCJlbWFpbCI6ImFkbWluQHRyYWRpbmdqb3VybmFsLmNvbSIsImh0dHA6Ly9zY2hlbWFzLm1pY3Jvc29mdC5jb20vd3MvMjAwOC8wNi9pZGVudGl0eS9jbGFpbXMvcm9sZSI6IkFkbWluIiwiZmlyc3ROYW1lIjoiQWRtaW4iLCJsYXN0TmFtZSI6IlVzZXIiLCJqdGkiOiI4OGUwZDkzZS0wMWVmLTRhMWQtYTNiOS0yMjgyN2NmMzg0NDciLCJleHAiOjE3Nzc0OTAxMTMsImlzcyI6IlRyYWRpbmdKb3VybmFsQVBJIiwiYXVkIjoiVHJhZGluZ0pvdXJuYWxDbGllbnQifQ.Xlp-_wdEJRbhzHmYWWmhGZNSUiQ7hezlwaipWmFw0Jk&id=3FRI8b8UWytbKqXi1xLZvQ - null null
2026-04-29 23:47:46.459 +05:30 [INF] CORS policy execution successful.
2026-04-29 23:47:46.460 +05:30 [INF] Executing endpoint '/hubs/chat'
2026-04-29 23:48:04.315 +05:30 [INF] Executed endpoint '/hubs/chat'
2026-04-29 23:48:04.316 +05:30 [INF] HTTP GET /hubs/chat responded 101 in 17856.4098 ms
2026-04-29 23:48:04.319 +05:30 [INF] Request finished HTTP/1.1 GET http://localhost:5283/hubs/chat?access_token=eyJhbGciOiJIUzI1NiIsInR5cCI6IkpXVCJ9.eyJzdWIiOiIwYTQ3ODA5Mi03MjUxLTRiMTEtYTc4NS0wNWVmYmY4YWQxZjYiLCJlbWFpbCI6ImFkbWluQHRyYWRpbmdqb3VybmFsLmNvbSIsImh0dHA6Ly9zY2hlbWFzLm1pY3Jvc29mdC5jb20vd3MvMjAwOC8wNi9pZGVudGl0eS9jbGFpbXMvcm9sZSI6IkFkbWluIiwiZmlyc3ROYW1lIjoiQWRtaW4iLCJsYXN0TmFtZSI6IlVzZXIiLCJqdGkiOiI4OGUwZDkzZS0wMWVmLTRhMWQtYTNiOS0yMjgyN2NmMzg0NDciLCJleHAiOjE3Nzc0OTAxMTMsImlzcyI6IlRyYWRpbmdKb3VybmFsQVBJIiwiYXVkIjoiVHJhZGluZ0pvdXJuYWxDbGllbnQifQ.Xlp-_wdEJRbhzHmYWWmhGZNSUiQ7hezlwaipWmFw0Jk&id=3FRI8b8UWytbKqXi1xLZvQ - 101 null null 17859.4084ms
2026-04-29 23:48:05.656 +05:30 [INF] Request starting HTTP/1.1 OPTIONS http://localhost:5283/hubs/chat/negotiate?access_token=eyJhbGciOiJIUzI1NiIsInR5cCI6IkpXVCJ9.eyJzdWIiOiIwYTQ3ODA5Mi03MjUxLTRiMTEtYTc4NS0wNWVmYmY4YWQxZjYiLCJlbWFpbCI6ImFkbWluQHRyYWRpbmdqb3VybmFsLmNvbSIsImh0dHA6Ly9zY2hlbWFzLm1pY3Jvc29mdC5jb20vd3MvMjAwOC8wNi9pZGVudGl0eS9jbGFpbXMvcm9sZSI6IkFkbWluIiwiZmlyc3ROYW1lIjoiQWRtaW4iLCJsYXN0TmFtZSI6IlVzZXIiLCJqdGkiOiI4OGUwZDkzZS0wMWVmLTRhMWQtYTNiOS0yMjgyN2NmMzg0NDciLCJleHAiOjE3Nzc0OTAxMTMsImlzcyI6IlRyYWRpbmdKb3VybmFsQVBJIiwiYXVkIjoiVHJhZGluZ0pvdXJuYWxDbGllbnQifQ.Xlp-_wdEJRbhzHmYWWmhGZNSUiQ7hezlwaipWmFw0Jk&negotiateVersion=1 - null null
2026-04-29 23:48:05.657 +05:30 [INF] CORS policy execution successful.
2026-04-29 23:48:05.657 +05:30 [INF] HTTP OPTIONS /hubs/chat/negotiate responded 204 in 0.2257 ms
2026-04-29 23:48:05.657 +05:30 [INF] Request finished HTTP/1.1 OPTIONS http://localhost:5283/hubs/chat/negotiate?access_token=eyJhbGciOiJIUzI1NiIsInR5cCI6IkpXVCJ9.eyJzdWIiOiIwYTQ3ODA5Mi03MjUxLTRiMTEtYTc4NS0wNWVmYmY4YWQxZjYiLCJlbWFpbCI6ImFkbWluQHRyYWRpbmdqb3VybmFsLmNvbSIsImh0dHA6Ly9zY2hlbWFzLm1pY3Jvc29mdC5jb20vd3MvMjAwOC8wNi9pZGVudGl0eS9jbGFpbXMvcm9sZSI6IkFkbWluIiwiZmlyc3ROYW1lIjoiQWRtaW4iLCJsYXN0TmFtZSI6IlVzZXIiLCJqdGkiOiI4OGUwZDkzZS0wMWVmLTRhMWQtYTNiOS0yMjgyN2NmMzg0NDciLCJleHAiOjE3Nzc0OTAxMTMsImlzcyI6IlRyYWRpbmdKb3VybmFsQVBJIiwiYXVkIjoiVHJhZGluZ0pvdXJuYWxDbGllbnQifQ.Xlp-_wdEJRbhzHmYWWmhGZNSUiQ7hezlwaipWmFw0Jk&negotiateVersion=1 - 204 null null 0.6758ms
2026-04-29 23:48:05.660 +05:30 [INF] Request starting HTTP/1.1 POST http://localhost:5283/hubs/chat/negotiate?access_token=eyJhbGciOiJIUzI1NiIsInR5cCI6IkpXVCJ9.eyJzdWIiOiIwYTQ3ODA5Mi03MjUxLTRiMTEtYTc4NS0wNWVmYmY4YWQxZjYiLCJlbWFpbCI6ImFkbWluQHRyYWRpbmdqb3VybmFsLmNvbSIsImh0dHA6Ly9zY2hlbWFzLm1pY3Jvc29mdC5jb20vd3MvMjAwOC8wNi9pZGVudGl0eS9jbGFpbXMvcm9sZSI6IkFkbWluIiwiZmlyc3ROYW1lIjoiQWRtaW4iLCJsYXN0TmFtZSI6IlVzZXIiLCJqdGkiOiI4OGUwZDkzZS0wMWVmLTRhMWQtYTNiOS0yMjgyN2NmMzg0NDciLCJleHAiOjE3Nzc0OTAxMTMsImlzcyI6IlRyYWRpbmdKb3VybmFsQVBJIiwiYXVkIjoiVHJhZGluZ0pvdXJuYWxDbGllbnQifQ.Xlp-_wdEJRbhzHmYWWmhGZNSUiQ7hezlwaipWmFw0Jk&negotiateVersion=1 - null 0
2026-04-29 23:48:05.661 +05:30 [INF] CORS policy execution successful.
2026-04-29 23:48:05.661 +05:30 [INF] Executing endpoint '/hubs/chat/negotiate'
2026-04-29 23:48:05.662 +05:30 [INF] Executed endpoint '/hubs/chat/negotiate'
2026-04-29 23:48:05.662 +05:30 [INF] HTTP POST /hubs/chat/negotiate responded 200 in 1.3900 ms
2026-04-29 23:48:05.662 +05:30 [INF] Request finished HTTP/1.1 POST http://localhost:5283/hubs/chat/negotiate?access_token=eyJhbGciOiJIUzI1NiIsInR5cCI6IkpXVCJ9.eyJzdWIiOiIwYTQ3ODA5Mi03MjUxLTRiMTEtYTc4NS0wNWVmYmY4YWQxZjYiLCJlbWFpbCI6ImFkbWluQHRyYWRpbmdqb3VybmFsLmNvbSIsImh0dHA6Ly9zY2hlbWFzLm1pY3Jvc29mdC5jb20vd3MvMjAwOC8wNi9pZGVudGl0eS9jbGFpbXMvcm9sZSI6IkFkbWluIiwiZmlyc3ROYW1lIjoiQWRtaW4iLCJsYXN0TmFtZSI6IlVzZXIiLCJqdGkiOiI4OGUwZDkzZS0wMWVmLTRhMWQtYTNiOS0yMjgyN2NmMzg0NDciLCJleHAiOjE3Nzc0OTAxMTMsImlzcyI6IlRyYWRpbmdKb3VybmFsQVBJIiwiYXVkIjoiVHJhZGluZ0pvdXJuYWxDbGllbnQifQ.Xlp-_wdEJRbhzHmYWWmhGZNSUiQ7hezlwaipWmFw0Jk&negotiateVersion=1 - 200 316 application/json 1.7946ms
2026-04-29 23:48:05.664 +05:30 [INF] Request starting HTTP/1.1 OPTIONS http://localhost:5283/api/forum/public?page=1&pageSize=50 - null null
2026-04-29 23:48:05.664 +05:30 [INF] CORS policy execution successful.
2026-04-29 23:48:05.664 +05:30 [INF] HTTP OPTIONS /api/forum/public responded 204 in 0.1746 ms
2026-04-29 23:48:05.664 +05:30 [INF] Request finished HTTP/1.1 OPTIONS http://localhost:5283/api/forum/public?page=1&pageSize=50 - 204 null null 0.5793ms
2026-04-29 23:48:05.670 +05:30 [INF] Request starting HTTP/1.1 GET http://localhost:5283/api/forum/public?page=1&pageSize=50 - null null
2026-04-29 23:48:05.670 +05:30 [INF] CORS policy execution successful.
2026-04-29 23:48:05.671 +05:30 [INF] Executing endpoint 'TradingJournal.API.Controllers.ForumController.GetPublicMessages (TradingJournal.API)'
2026-04-29 23:48:05.671 +05:30 [INF] Route matched with {action = "GetPublicMessages", controller = "Forum"}. Executing controller action with signature System.Threading.Tasks.Task`1[Microsoft.AspNetCore.Mvc.IActionResult] GetPublicMessages(Int32, Int32) on controller TradingJournal.API.Controllers.ForumController (TradingJournal.API).
2026-04-29 23:48:05.801 +05:30 [INF] Executed DbCommand (11ms) [Parameters=[@p1='?' (DbType = Int32), @p='?' (DbType = Int32)], CommandType='"Text"', CommandTimeout='300']
SELECT f0."Id", f0."AuthorId", f0."ChannelType", f0."Content", f0."CreatedAt", f0."EditedAt", f0."IsDeleted", f0."IsEdited", f0."IsRead", f0."ParentMessageId", f0."ReceiverId", f0."SenderId", f0."UpdatedAt", u0."Id", u0."AccountBalance", u0."AllowedSections", u0."CreatedAt", u0."Email", u0."FirstName", u0."IsActive", u0."IsDeleted", u0."LastName", u0."PasswordHash", u0."ProfileImageUrl", u0."RefreshToken", u0."RefreshTokenExpiry", u0."Role", u0."UpdatedAt", f2."Id", f2."AuthorId", f2."ChannelType", f2."Content", f2."CreatedAt", f2."EditedAt", f2."IsDeleted", f2."IsEdited", f2."IsRead", f2."ParentMessageId", f2."ReceiverId", f2."SenderId", f2."UpdatedAt"
FROM (
    SELECT f."Id", f."AuthorId", f."ChannelType", f."Content", f."CreatedAt", f."EditedAt", f."IsDeleted", f."IsEdited", f."IsRead", f."ParentMessageId", f."ReceiverId", f."SenderId", f."UpdatedAt"
    FROM "ForumMessages" AS f
    WHERE NOT (f."IsDeleted") AND f."ChannelType" = 1 AND f."ParentMessageId" IS NULL
    ORDER BY f."CreatedAt" DESC
    LIMIT @p1 OFFSET @p
) AS f0
INNER JOIN (
    SELECT u."Id", u."AccountBalance", u."AllowedSections", u."CreatedAt", u."Email", u."FirstName", u."IsActive", u."IsDeleted", u."LastName", u."PasswordHash", u."ProfileImageUrl", u."RefreshToken", u."RefreshTokenExpiry", u."Role", u."UpdatedAt"
    FROM "Users" AS u
    WHERE NOT (u."IsDeleted")
) AS u0 ON f0."AuthorId" = u0."Id"
LEFT JOIN (
    SELECT f1."Id", f1."AuthorId", f1."ChannelType", f1."Content", f1."CreatedAt", f1."EditedAt", f1."IsDeleted", f1."IsEdited", f1."IsRead", f1."ParentMessageId", f1."ReceiverId", f1."SenderId", f1."UpdatedAt"
    FROM "ForumMessages" AS f1
    WHERE NOT (f1."IsDeleted")
) AS f2 ON f0."Id" = f2."ParentMessageId"
ORDER BY f0."CreatedAt" DESC, f0."Id", u0."Id"
2026-04-29 23:48:05.904 +05:30 [INF] Request starting HTTP/1.1 GET http://localhost:5283/hubs/chat?access_token=eyJhbGciOiJIUzI1NiIsInR5cCI6IkpXVCJ9.eyJzdWIiOiIwYTQ3ODA5Mi03MjUxLTRiMTEtYTc4NS0wNWVmYmY4YWQxZjYiLCJlbWFpbCI6ImFkbWluQHRyYWRpbmdqb3VybmFsLmNvbSIsImh0dHA6Ly9zY2hlbWFzLm1pY3Jvc29mdC5jb20vd3MvMjAwOC8wNi9pZGVudGl0eS9jbGFpbXMvcm9sZSI6IkFkbWluIiwiZmlyc3ROYW1lIjoiQWRtaW4iLCJsYXN0TmFtZSI6IlVzZXIiLCJqdGkiOiI4OGUwZDkzZS0wMWVmLTRhMWQtYTNiOS0yMjgyN2NmMzg0NDciLCJleHAiOjE3Nzc0OTAxMTMsImlzcyI6IlRyYWRpbmdKb3VybmFsQVBJIiwiYXVkIjoiVHJhZGluZ0pvdXJuYWxDbGllbnQifQ.Xlp-_wdEJRbhzHmYWWmhGZNSUiQ7hezlwaipWmFw0Jk&id=b-dlAYURIfd9L3YrHTvHMA - null null
2026-04-29 23:48:05.905 +05:30 [INF] CORS policy execution successful.
2026-04-29 23:48:05.906 +05:30 [INF] Executing endpoint '/hubs/chat'
2026-04-29 23:48:05.908 +05:30 [INF] Executed DbCommand (5ms) [Parameters=[], CommandType='"Text"', CommandTimeout='300']
SELECT count(*)::int
FROM "ForumMessages" AS f
WHERE NOT (f."IsDeleted") AND f."ChannelType" = 1 AND f."ParentMessageId" IS NULL
2026-04-29 23:48:05.909 +05:30 [INF] Executing OkObjectResult, writing value of type '<>f__AnonymousType2`2[[System.Collections.Generic.List`1[[TradingJournal.Application.DTOs.Forum.ForumMessageDto, TradingJournal.Application, Version=1.0.0.0, Culture=neutral, PublicKeyToken=null]], System.Private.CoreLib, Version=10.0.0.0, Culture=neutral, PublicKeyToken=7cec85d7bea7798e],[System.Int32, System.Private.CoreLib, Version=10.0.0.0, Culture=neutral, PublicKeyToken=7cec85d7bea7798e]]'.
2026-04-29 23:48:05.909 +05:30 [INF] Executed action TradingJournal.API.Controllers.ForumController.GetPublicMessages (TradingJournal.API) in 238.504ms
2026-04-29 23:48:05.910 +05:30 [INF] Executed endpoint 'TradingJournal.API.Controllers.ForumController.GetPublicMessages (TradingJournal.API)'
2026-04-29 23:48:05.910 +05:30 [INF] HTTP GET /api/forum/public responded 200 in 239.7038 ms
2026-04-29 23:48:05.910 +05:30 [INF] Request finished HTTP/1.1 GET http://localhost:5283/api/forum/public?page=1&pageSize=50 - 200 null application/json; charset=utf-8 240.0953ms
2026-04-29 23:48:10.059 +05:30 [INF] Executed endpoint '/hubs/chat'
2026-04-29 23:48:10.059 +05:30 [INF] HTTP GET /hubs/chat responded 101 in 4154.8284 ms
2026-04-29 23:48:10.060 +05:30 [INF] Request finished HTTP/1.1 GET http://localhost:5283/hubs/chat?access_token=eyJhbGciOiJIUzI1NiIsInR5cCI6IkpXVCJ9.eyJzdWIiOiIwYTQ3ODA5Mi03MjUxLTRiMTEtYTc4NS0wNWVmYmY4YWQxZjYiLCJlbWFpbCI6ImFkbWluQHRyYWRpbmdqb3VybmFsLmNvbSIsImh0dHA6Ly9zY2hlbWFzLm1pY3Jvc29mdC5jb20vd3MvMjAwOC8wNi9pZGVudGl0eS9jbGFpbXMvcm9sZSI6IkFkbWluIiwiZmlyc3ROYW1lIjoiQWRtaW4iLCJsYXN0TmFtZSI6IlVzZXIiLCJqdGkiOiI4OGUwZDkzZS0wMWVmLTRhMWQtYTNiOS0yMjgyN2NmMzg0NDciLCJleHAiOjE3Nzc0OTAxMTMsImlzcyI6IlRyYWRpbmdKb3VybmFsQVBJIiwiYXVkIjoiVHJhZGluZ0pvdXJuYWxDbGllbnQifQ.Xlp-_wdEJRbhzHmYWWmhGZNSUiQ7hezlwaipWmFw0Jk&id=b-dlAYURIfd9L3YrHTvHMA - 101 null null 4155.1973ms
2026-04-29 23:48:10.722 +05:30 [INF] Request starting HTTP/1.1 OPTIONS http://localhost:5283/hubs/chat/negotiate?access_token=eyJhbGciOiJIUzI1NiIsInR5cCI6IkpXVCJ9.eyJzdWIiOiIwYTQ3ODA5Mi03MjUxLTRiMTEtYTc4NS0wNWVmYmY4YWQxZjYiLCJlbWFpbCI6ImFkbWluQHRyYWRpbmdqb3VybmFsLmNvbSIsImh0dHA6Ly9zY2hlbWFzLm1pY3Jvc29mdC5jb20vd3MvMjAwOC8wNi9pZGVudGl0eS9jbGFpbXMvcm9sZSI6IkFkbWluIiwiZmlyc3ROYW1lIjoiQWRtaW4iLCJsYXN0TmFtZSI6IlVzZXIiLCJqdGkiOiI4OGUwZDkzZS0wMWVmLTRhMWQtYTNiOS0yMjgyN2NmMzg0NDciLCJleHAiOjE3Nzc0OTAxMTMsImlzcyI6IlRyYWRpbmdKb3VybmFsQVBJIiwiYXVkIjoiVHJhZGluZ0pvdXJuYWxDbGllbnQifQ.Xlp-_wdEJRbhzHmYWWmhGZNSUiQ7hezlwaipWmFw0Jk&negotiateVersion=1 - null null
2026-04-29 23:48:10.723 +05:30 [INF] CORS policy execution successful.
2026-04-29 23:48:10.723 +05:30 [INF] HTTP OPTIONS /hubs/chat/negotiate responded 204 in 0.3084 ms
2026-04-29 23:48:10.723 +05:30 [INF] Request finished HTTP/1.1 OPTIONS http://localhost:5283/hubs/chat/negotiate?access_token=eyJhbGciOiJIUzI1NiIsInR5cCI6IkpXVCJ9.eyJzdWIiOiIwYTQ3ODA5Mi03MjUxLTRiMTEtYTc4NS0wNWVmYmY4YWQxZjYiLCJlbWFpbCI6ImFkbWluQHRyYWRpbmdqb3VybmFsLmNvbSIsImh0dHA6Ly9zY2hlbWFzLm1pY3Jvc29mdC5jb20vd3MvMjAwOC8wNi9pZGVudGl0eS9jbGFpbXMvcm9sZSI6IkFkbWluIiwiZmlyc3ROYW1lIjoiQWRtaW4iLCJsYXN0TmFtZSI6IlVzZXIiLCJqdGkiOiI4OGUwZDkzZS0wMWVmLTRhMWQtYTNiOS0yMjgyN2NmMzg0NDciLCJleHAiOjE3Nzc0OTAxMTMsImlzcyI6IlRyYWRpbmdKb3VybmFsQVBJIiwiYXVkIjoiVHJhZGluZ0pvdXJuYWxDbGllbnQifQ.Xlp-_wdEJRbhzHmYWWmhGZNSUiQ7hezlwaipWmFw0Jk&negotiateVersion=1 - 204 null null 1.6279ms
2026-04-29 23:48:10.730 +05:30 [INF] Request starting HTTP/1.1 POST http://localhost:5283/hubs/chat/negotiate?access_token=eyJhbGciOiJIUzI1NiIsInR5cCI6IkpXVCJ9.eyJzdWIiOiIwYTQ3ODA5Mi03MjUxLTRiMTEtYTc4NS0wNWVmYmY4YWQxZjYiLCJlbWFpbCI6ImFkbWluQHRyYWRpbmdqb3VybmFsLmNvbSIsImh0dHA6Ly9zY2hlbWFzLm1pY3Jvc29mdC5jb20vd3MvMjAwOC8wNi9pZGVudGl0eS9jbGFpbXMvcm9sZSI6IkFkbWluIiwiZmlyc3ROYW1lIjoiQWRtaW4iLCJsYXN0TmFtZSI6IlVzZXIiLCJqdGkiOiI4OGUwZDkzZS0wMWVmLTRhMWQtYTNiOS0yMjgyN2NmMzg0NDciLCJleHAiOjE3Nzc0OTAxMTMsImlzcyI6IlRyYWRpbmdKb3VybmFsQVBJIiwiYXVkIjoiVHJhZGluZ0pvdXJuYWxDbGllbnQifQ.Xlp-_wdEJRbhzHmYWWmhGZNSUiQ7hezlwaipWmFw0Jk&negotiateVersion=1 - null 0
2026-04-29 23:48:10.731 +05:30 [INF] CORS policy execution successful.
2026-04-29 23:48:10.732 +05:30 [INF] Executing endpoint '/hubs/chat/negotiate'
2026-04-29 23:48:10.732 +05:30 [INF] Request starting HTTP/1.1 OPTIONS http://localhost:5283/api/forum/public?page=1&pageSize=50 - null null
2026-04-29 23:48:10.739 +05:30 [INF] CORS policy execution successful.
2026-04-29 23:48:10.739 +05:30 [INF] HTTP OPTIONS /api/forum/public responded 204 in 5.5129 ms
2026-04-29 23:48:10.739 +05:30 [INF] Request finished HTTP/1.1 OPTIONS http://localhost:5283/api/forum/public?page=1&pageSize=50 - 204 null null 6.771ms
2026-04-29 23:48:10.740 +05:30 [INF] Executed endpoint '/hubs/chat/negotiate'
2026-04-29 23:48:10.741 +05:30 [INF] HTTP POST /hubs/chat/negotiate responded 200 in 9.7120 ms
2026-04-29 23:48:10.741 +05:30 [INF] Request finished HTTP/1.1 POST http://localhost:5283/hubs/chat/negotiate?access_token=eyJhbGciOiJIUzI1NiIsInR5cCI6IkpXVCJ9.eyJzdWIiOiIwYTQ3ODA5Mi03MjUxLTRiMTEtYTc4NS0wNWVmYmY4YWQxZjYiLCJlbWFpbCI6ImFkbWluQHRyYWRpbmdqb3VybmFsLmNvbSIsImh0dHA6Ly9zY2hlbWFzLm1pY3Jvc29mdC5jb20vd3MvMjAwOC8wNi9pZGVudGl0eS9jbGFpbXMvcm9sZSI6IkFkbWluIiwiZmlyc3ROYW1lIjoiQWRtaW4iLCJsYXN0TmFtZSI6IlVzZXIiLCJqdGkiOiI4OGUwZDkzZS0wMWVmLTRhMWQtYTNiOS0yMjgyN2NmMzg0NDciLCJleHAiOjE3Nzc0OTAxMTMsImlzcyI6IlRyYWRpbmdKb3VybmFsQVBJIiwiYXVkIjoiVHJhZGluZ0pvdXJuYWxDbGllbnQifQ.Xlp-_wdEJRbhzHmYWWmhGZNSUiQ7hezlwaipWmFw0Jk&negotiateVersion=1 - 200 316 application/json 10.4479ms
2026-04-29 23:48:10.758 +05:30 [INF] Request starting HTTP/1.1 GET http://localhost:5283/api/forum/public?page=1&pageSize=50 - null null
2026-04-29 23:48:10.758 +05:30 [INF] CORS policy execution successful.
2026-04-29 23:48:10.759 +05:30 [INF] Executing endpoint 'TradingJournal.API.Controllers.ForumController.GetPublicMessages (TradingJournal.API)'
2026-04-29 23:48:10.759 +05:30 [INF] Route matched with {action = "GetPublicMessages", controller = "Forum"}. Executing controller action with signature System.Threading.Tasks.Task`1[Microsoft.AspNetCore.Mvc.IActionResult] GetPublicMessages(Int32, Int32) on controller TradingJournal.API.Controllers.ForumController (TradingJournal.API).
2026-04-29 23:48:10.995 +05:30 [INF] Executed DbCommand (17ms) [Parameters=[@p1='?' (DbType = Int32), @p='?' (DbType = Int32)], CommandType='"Text"', CommandTimeout='300']
SELECT f0."Id", f0."AuthorId", f0."ChannelType", f0."Content", f0."CreatedAt", f0."EditedAt", f0."IsDeleted", f0."IsEdited", f0."IsRead", f0."ParentMessageId", f0."ReceiverId", f0."SenderId", f0."UpdatedAt", u0."Id", u0."AccountBalance", u0."AllowedSections", u0."CreatedAt", u0."Email", u0."FirstName", u0."IsActive", u0."IsDeleted", u0."LastName", u0."PasswordHash", u0."ProfileImageUrl", u0."RefreshToken", u0."RefreshTokenExpiry", u0."Role", u0."UpdatedAt", f2."Id", f2."AuthorId", f2."ChannelType", f2."Content", f2."CreatedAt", f2."EditedAt", f2."IsDeleted", f2."IsEdited", f2."IsRead", f2."ParentMessageId", f2."ReceiverId", f2."SenderId", f2."UpdatedAt"
FROM (
    SELECT f."Id", f."AuthorId", f."ChannelType", f."Content", f."CreatedAt", f."EditedAt", f."IsDeleted", f."IsEdited", f."IsRead", f."ParentMessageId", f."ReceiverId", f."SenderId", f."UpdatedAt"
    FROM "ForumMessages" AS f
    WHERE NOT (f."IsDeleted") AND f."ChannelType" = 1 AND f."ParentMessageId" IS NULL
    ORDER BY f."CreatedAt" DESC
    LIMIT @p1 OFFSET @p
) AS f0
INNER JOIN (
    SELECT u."Id", u."AccountBalance", u."AllowedSections", u."CreatedAt", u."Email", u."FirstName", u."IsActive", u."IsDeleted", u."LastName", u."PasswordHash", u."ProfileImageUrl", u."RefreshToken", u."RefreshTokenExpiry", u."Role", u."UpdatedAt"
    FROM "Users" AS u
    WHERE NOT (u."IsDeleted")
) AS u0 ON f0."AuthorId" = u0."Id"
LEFT JOIN (
    SELECT f1."Id", f1."AuthorId", f1."ChannelType", f1."Content", f1."CreatedAt", f1."EditedAt", f1."IsDeleted", f1."IsEdited", f1."IsRead", f1."ParentMessageId", f1."ReceiverId", f1."SenderId", f1."UpdatedAt"
    FROM "ForumMessages" AS f1
    WHERE NOT (f1."IsDeleted")
) AS f2 ON f0."Id" = f2."ParentMessageId"
ORDER BY f0."CreatedAt" DESC, f0."Id", u0."Id"
2026-04-29 23:48:11.067 +05:30 [INF] Request starting HTTP/1.1 GET http://localhost:5283/hubs/chat?access_token=eyJhbGciOiJIUzI1NiIsInR5cCI6IkpXVCJ9.eyJzdWIiOiIwYTQ3ODA5Mi03MjUxLTRiMTEtYTc4NS0wNWVmYmY4YWQxZjYiLCJlbWFpbCI6ImFkbWluQHRyYWRpbmdqb3VybmFsLmNvbSIsImh0dHA6Ly9zY2hlbWFzLm1pY3Jvc29mdC5jb20vd3MvMjAwOC8wNi9pZGVudGl0eS9jbGFpbXMvcm9sZSI6IkFkbWluIiwiZmlyc3ROYW1lIjoiQWRtaW4iLCJsYXN0TmFtZSI6IlVzZXIiLCJqdGkiOiI4OGUwZDkzZS0wMWVmLTRhMWQtYTNiOS0yMjgyN2NmMzg0NDciLCJleHAiOjE3Nzc0OTAxMTMsImlzcyI6IlRyYWRpbmdKb3VybmFsQVBJIiwiYXVkIjoiVHJhZGluZ0pvdXJuYWxDbGllbnQifQ.Xlp-_wdEJRbhzHmYWWmhGZNSUiQ7hezlwaipWmFw0Jk&id=VSxIwSlC8-HsOwXTtfK5VA - null null
2026-04-29 23:48:11.067 +05:30 [INF] CORS policy execution successful.
2026-04-29 23:48:11.068 +05:30 [INF] Executing endpoint '/hubs/chat'
2026-04-29 23:48:11.181 +05:30 [INF] Executed DbCommand (7ms) [Parameters=[], CommandType='"Text"', CommandTimeout='300']
SELECT count(*)::int
FROM "ForumMessages" AS f
WHERE NOT (f."IsDeleted") AND f."ChannelType" = 1 AND f."ParentMessageId" IS NULL
2026-04-29 23:48:11.183 +05:30 [INF] Executing OkObjectResult, writing value of type '<>f__AnonymousType2`2[[System.Collections.Generic.List`1[[TradingJournal.Application.DTOs.Forum.ForumMessageDto, TradingJournal.Application, Version=1.0.0.0, Culture=neutral, PublicKeyToken=null]], System.Private.CoreLib, Version=10.0.0.0, Culture=neutral, PublicKeyToken=7cec85d7bea7798e],[System.Int32, System.Private.CoreLib, Version=10.0.0.0, Culture=neutral, PublicKeyToken=7cec85d7bea7798e]]'.
2026-04-29 23:48:11.183 +05:30 [INF] Executed action TradingJournal.API.Controllers.ForumController.GetPublicMessages (TradingJournal.API) in 424.4056ms
2026-04-29 23:48:11.184 +05:30 [INF] Executed endpoint 'TradingJournal.API.Controllers.ForumController.GetPublicMessages (TradingJournal.API)'
2026-04-29 23:48:11.184 +05:30 [INF] HTTP GET /api/forum/public responded 200 in 425.4676 ms
2026-04-29 23:48:11.184 +05:30 [INF] Request finished HTTP/1.1 GET http://localhost:5283/api/forum/public?page=1&pageSize=50 - 200 null application/json; charset=utf-8 426.1859ms
2026-04-29 23:48:21.722 +05:30 [INF] Request starting HTTP/1.1 OPTIONS http://localhost:5283/api/announcements?page=1&pageSize=50 - null null
2026-04-29 23:48:21.723 +05:30 [INF] CORS policy execution successful.
2026-04-29 23:48:21.723 +05:30 [INF] HTTP OPTIONS /api/announcements responded 204 in 0.0831 ms
2026-04-29 23:48:21.723 +05:30 [INF] Request finished HTTP/1.1 OPTIONS http://localhost:5283/api/announcements?page=1&pageSize=50 - 204 null null 0.3334ms
2026-04-29 23:48:21.725 +05:30 [INF] Request starting HTTP/1.1 GET http://localhost:5283/api/announcements?page=1&pageSize=50 - null null
2026-04-29 23:48:21.726 +05:30 [INF] CORS policy execution successful.
2026-04-29 23:48:21.726 +05:30 [INF] Executing endpoint 'TradingJournal.API.Controllers.AnnouncementsController.GetAll (TradingJournal.API)'
2026-04-29 23:48:21.737 +05:30 [INF] Route matched with {action = "GetAll", controller = "Announcements"}. Executing controller action with signature System.Threading.Tasks.Task`1[Microsoft.AspNetCore.Mvc.IActionResult] GetAll(Int32, Int32) on controller TradingJournal.API.Controllers.AnnouncementsController (TradingJournal.API).
2026-04-29 23:48:21.806 +05:30 [INF] Executed DbCommand (4ms) [Parameters=[@p1='?' (DbType = Int32), @p='?' (DbType = Int32)], CommandType='"Text"', CommandTimeout='300']
SELECT a0."Id", a0."AdminId", a0."Content", a0."CreatedAt", a0."IsDeleted", a0."Priority", a0."Title", a0."UpdatedAt", u0."Id", u0."AccountBalance", u0."AllowedSections", u0."CreatedAt", u0."Email", u0."FirstName", u0."IsActive", u0."IsDeleted", u0."LastName", u0."PasswordHash", u0."ProfileImageUrl", u0."RefreshToken", u0."RefreshTokenExpiry", u0."Role", u0."UpdatedAt"
FROM (
    SELECT a."Id", a."AdminId", a."Content", a."CreatedAt", a."IsDeleted", a."Priority", a."Title", a."UpdatedAt"
    FROM "Announcements" AS a
    WHERE NOT (a."IsDeleted")
    ORDER BY a."CreatedAt" DESC
    LIMIT @p1 OFFSET @p
) AS a0
INNER JOIN (
    SELECT u."Id", u."AccountBalance", u."AllowedSections", u."CreatedAt", u."Email", u."FirstName", u."IsActive", u."IsDeleted", u."LastName", u."PasswordHash", u."ProfileImageUrl", u."RefreshToken", u."RefreshTokenExpiry", u."Role", u."UpdatedAt"
    FROM "Users" AS u
    WHERE NOT (u."IsDeleted")
) AS u0 ON a0."AdminId" = u0."Id"
ORDER BY a0."CreatedAt" DESC
2026-04-29 23:48:21.856 +05:30 [INF] Executed DbCommand (1ms) [Parameters=[], CommandType='"Text"', CommandTimeout='300']
SELECT count(*)::int
FROM "Announcements" AS a
WHERE NOT (a."IsDeleted")
2026-04-29 23:48:21.858 +05:30 [INF] Executing OkObjectResult, writing value of type '<>f__AnonymousType1`2[[System.Collections.Generic.List`1[[TradingJournal.Application.DTOs.Forum.AnnouncementDto, TradingJournal.Application, Version=1.0.0.0, Culture=neutral, PublicKeyToken=null]], System.Private.CoreLib, Version=10.0.0.0, Culture=neutral, PublicKeyToken=7cec85d7bea7798e],[System.Int32, System.Private.CoreLib, Version=10.0.0.0, Culture=neutral, PublicKeyToken=7cec85d7bea7798e]]'.
2026-04-29 23:48:21.867 +05:30 [INF] Executed action TradingJournal.API.Controllers.AnnouncementsController.GetAll (TradingJournal.API) in 129.864ms
2026-04-29 23:48:21.867 +05:30 [INF] Executed endpoint 'TradingJournal.API.Controllers.AnnouncementsController.GetAll (TradingJournal.API)'
2026-04-29 23:48:21.867 +05:30 [INF] HTTP GET /api/announcements responded 200 in 141.7252 ms
2026-04-29 23:48:21.867 +05:30 [INF] Request finished HTTP/1.1 GET http://localhost:5283/api/announcements?page=1&pageSize=50 - 200 null application/json; charset=utf-8 142.0676ms
2026-04-29 23:48:23.400 +05:30 [INF] Request starting HTTP/1.1 OPTIONS http://localhost:5283/api/forum/public?page=1&pageSize=50 - null null
2026-04-29 23:48:23.401 +05:30 [INF] CORS policy execution successful.
2026-04-29 23:48:23.401 +05:30 [INF] HTTP OPTIONS /api/forum/public responded 204 in 0.3616 ms
2026-04-29 23:48:23.401 +05:30 [INF] Request finished HTTP/1.1 OPTIONS http://localhost:5283/api/forum/public?page=1&pageSize=50 - 204 null null 0.9079ms
2026-04-29 23:48:23.406 +05:30 [INF] Request starting HTTP/1.1 GET http://localhost:5283/api/forum/public?page=1&pageSize=50 - null null
2026-04-29 23:48:23.406 +05:30 [INF] CORS policy execution successful.
2026-04-29 23:48:23.407 +05:30 [INF] Executing endpoint 'TradingJournal.API.Controllers.ForumController.GetPublicMessages (TradingJournal.API)'
2026-04-29 23:48:23.407 +05:30 [INF] Route matched with {action = "GetPublicMessages", controller = "Forum"}. Executing controller action with signature System.Threading.Tasks.Task`1[Microsoft.AspNetCore.Mvc.IActionResult] GetPublicMessages(Int32, Int32) on controller TradingJournal.API.Controllers.ForumController (TradingJournal.API).
2026-04-29 23:48:23.464 +05:30 [INF] Executed DbCommand (3ms) [Parameters=[@p1='?' (DbType = Int32), @p='?' (DbType = Int32)], CommandType='"Text"', CommandTimeout='300']
SELECT f0."Id", f0."AuthorId", f0."ChannelType", f0."Content", f0."CreatedAt", f0."EditedAt", f0."IsDeleted", f0."IsEdited", f0."IsRead", f0."ParentMessageId", f0."ReceiverId", f0."SenderId", f0."UpdatedAt", u0."Id", u0."AccountBalance", u0."AllowedSections", u0."CreatedAt", u0."Email", u0."FirstName", u0."IsActive", u0."IsDeleted", u0."LastName", u0."PasswordHash", u0."ProfileImageUrl", u0."RefreshToken", u0."RefreshTokenExpiry", u0."Role", u0."UpdatedAt", f2."Id", f2."AuthorId", f2."ChannelType", f2."Content", f2."CreatedAt", f2."EditedAt", f2."IsDeleted", f2."IsEdited", f2."IsRead", f2."ParentMessageId", f2."ReceiverId", f2."SenderId", f2."UpdatedAt"
FROM (
    SELECT f."Id", f."AuthorId", f."ChannelType", f."Content", f."CreatedAt", f."EditedAt", f."IsDeleted", f."IsEdited", f."IsRead", f."ParentMessageId", f."ReceiverId", f."SenderId", f."UpdatedAt"
    FROM "ForumMessages" AS f
    WHERE NOT (f."IsDeleted") AND f."ChannelType" = 1 AND f."ParentMessageId" IS NULL
    ORDER BY f."CreatedAt" DESC
    LIMIT @p1 OFFSET @p
) AS f0
INNER JOIN (
    SELECT u."Id", u."AccountBalance", u."AllowedSections", u."CreatedAt", u."Email", u."FirstName", u."IsActive", u."IsDeleted", u."LastName", u."PasswordHash", u."ProfileImageUrl", u."RefreshToken", u."RefreshTokenExpiry", u."Role", u."UpdatedAt"
    FROM "Users" AS u
    WHERE NOT (u."IsDeleted")
) AS u0 ON f0."AuthorId" = u0."Id"
LEFT JOIN (
    SELECT f1."Id", f1."AuthorId", f1."ChannelType", f1."Content", f1."CreatedAt", f1."EditedAt", f1."IsDeleted", f1."IsEdited", f1."IsRead", f1."ParentMessageId", f1."ReceiverId", f1."SenderId", f1."UpdatedAt"
    FROM "ForumMessages" AS f1
    WHERE NOT (f1."IsDeleted")
) AS f2 ON f0."Id" = f2."ParentMessageId"
ORDER BY f0."CreatedAt" DESC, f0."Id", u0."Id"
2026-04-29 23:48:23.518 +05:30 [INF] Executed DbCommand (3ms) [Parameters=[], CommandType='"Text"', CommandTimeout='300']
SELECT count(*)::int
FROM "ForumMessages" AS f
WHERE NOT (f."IsDeleted") AND f."ChannelType" = 1 AND f."ParentMessageId" IS NULL
2026-04-29 23:48:23.519 +05:30 [INF] Executing OkObjectResult, writing value of type '<>f__AnonymousType2`2[[System.Collections.Generic.List`1[[TradingJournal.Application.DTOs.Forum.ForumMessageDto, TradingJournal.Application, Version=1.0.0.0, Culture=neutral, PublicKeyToken=null]], System.Private.CoreLib, Version=10.0.0.0, Culture=neutral, PublicKeyToken=7cec85d7bea7798e],[System.Int32, System.Private.CoreLib, Version=10.0.0.0, Culture=neutral, PublicKeyToken=7cec85d7bea7798e]]'.
2026-04-29 23:48:23.519 +05:30 [INF] Executed action TradingJournal.API.Controllers.ForumController.GetPublicMessages (TradingJournal.API) in 111.8945ms
2026-04-29 23:48:23.519 +05:30 [INF] Executed endpoint 'TradingJournal.API.Controllers.ForumController.GetPublicMessages (TradingJournal.API)'
2026-04-29 23:48:23.519 +05:30 [INF] HTTP GET /api/forum/public responded 200 in 113.2479 ms
2026-04-29 23:48:23.520 +05:30 [INF] Request finished HTTP/1.1 GET http://localhost:5283/api/forum/public?page=1&pageSize=50 - 200 null application/json; charset=utf-8 113.6131ms
2026-04-29 23:48:24.137 +05:30 [INF] Request starting HTTP/1.1 OPTIONS http://localhost:5283/api/forum/users - null null
2026-04-29 23:48:24.138 +05:30 [INF] CORS policy execution successful.
2026-04-29 23:48:24.138 +05:30 [INF] HTTP OPTIONS /api/forum/users responded 204 in 0.1545 ms
2026-04-29 23:48:24.138 +05:30 [INF] Request finished HTTP/1.1 OPTIONS http://localhost:5283/api/forum/users - 204 null null 0.4459ms
2026-04-29 23:48:24.140 +05:30 [INF] Request starting HTTP/1.1 GET http://localhost:5283/api/forum/users - null null
2026-04-29 23:48:24.140 +05:30 [INF] CORS policy execution successful.
2026-04-29 23:48:24.140 +05:30 [INF] Executing endpoint 'TradingJournal.API.Controllers.ForumController.GetUsersForChat (TradingJournal.API)'
2026-04-29 23:48:24.150 +05:30 [INF] Route matched with {action = "GetUsersForChat", controller = "Forum"}. Executing controller action with signature System.Threading.Tasks.Task`1[Microsoft.AspNetCore.Mvc.IActionResult] GetUsersForChat(TradingJournal.Infrastructure.Data.ApplicationDbContext) on controller TradingJournal.API.Controllers.ForumController (TradingJournal.API).
2026-04-29 23:48:24.234 +05:30 [INF] Executed DbCommand (4ms) [Parameters=[@currentUserId='?' (DbType = Guid)], CommandType='"Text"', CommandTimeout='300']
SELECT u."Id", u."FirstName" || ' ' || u."LastName" AS "Name", u."Email"
FROM "Users" AS u
WHERE NOT (u."IsDeleted") AND u."Id" <> @currentUserId AND NOT (u."IsDeleted")
2026-04-29 23:48:24.236 +05:30 [INF] Executing OkObjectResult, writing value of type 'System.Collections.Generic.List`1[[<>f__AnonymousType3`3[[System.Guid, System.Private.CoreLib, Version=10.0.0.0, Culture=neutral, PublicKeyToken=7cec85d7bea7798e],[System.String, System.Private.CoreLib, Version=10.0.0.0, Culture=neutral, PublicKeyToken=7cec85d7bea7798e],[System.String, System.Private.CoreLib, Version=10.0.0.0, Culture=neutral, PublicKeyToken=7cec85d7bea7798e]], TradingJournal.API, Version=1.0.0.0, Culture=neutral, PublicKeyToken=null]]'.
2026-04-29 23:48:24.241 +05:30 [INF] Executed action TradingJournal.API.Controllers.ForumController.GetUsersForChat (TradingJournal.API) in 90.405ms
2026-04-29 23:48:24.241 +05:30 [INF] Executed endpoint 'TradingJournal.API.Controllers.ForumController.GetUsersForChat (TradingJournal.API)'
2026-04-29 23:48:24.241 +05:30 [INF] HTTP GET /api/forum/users responded 200 in 101.1292 ms
2026-04-29 23:48:24.241 +05:30 [INF] Request finished HTTP/1.1 GET http://localhost:5283/api/forum/users - 200 null application/json; charset=utf-8 101.364ms
2026-04-29 23:48:27.622 +05:30 [INF] Request starting HTTP/1.1 OPTIONS http://localhost:5283/api/forum/dm/read/95870ccb-6248-4140-95c9-f85b1e77a34b - null null
2026-04-29 23:48:27.622 +05:30 [INF] CORS policy execution successful.
2026-04-29 23:48:27.622 +05:30 [INF] HTTP OPTIONS /api/forum/dm/read/95870ccb-6248-4140-95c9-f85b1e77a34b responded 204 in 0.1263 ms
2026-04-29 23:48:27.622 +05:30 [INF] Request finished HTTP/1.1 OPTIONS http://localhost:5283/api/forum/dm/read/95870ccb-6248-4140-95c9-f85b1e77a34b - 204 null null 0.4274ms
2026-04-29 23:48:27.624 +05:30 [INF] Request starting HTTP/1.1 OPTIONS http://localhost:5283/api/forum/dm/95870ccb-6248-4140-95c9-f85b1e77a34b - null null
2026-04-29 23:48:27.625 +05:30 [INF] CORS policy execution successful.
2026-04-29 23:48:27.625 +05:30 [INF] HTTP OPTIONS /api/forum/dm/95870ccb-6248-4140-95c9-f85b1e77a34b responded 204 in 0.1970 ms
2026-04-29 23:48:27.626 +05:30 [INF] Request finished HTTP/1.1 OPTIONS http://localhost:5283/api/forum/dm/95870ccb-6248-4140-95c9-f85b1e77a34b - 204 null null 1.2616ms
2026-04-29 23:48:27.626 +05:30 [INF] Request starting HTTP/1.1 PUT http://localhost:5283/api/forum/dm/read/95870ccb-6248-4140-95c9-f85b1e77a34b - application/json 2
2026-04-29 23:48:27.627 +05:30 [INF] CORS policy execution successful.
2026-04-29 23:48:27.627 +05:30 [INF] Executing endpoint 'TradingJournal.API.Controllers.ForumController.MarkAsRead (TradingJournal.API)'
2026-04-29 23:48:27.629 +05:30 [INF] Request starting HTTP/1.1 GET http://localhost:5283/api/forum/dm/95870ccb-6248-4140-95c9-f85b1e77a34b - null null
2026-04-29 23:48:27.630 +05:30 [INF] CORS policy execution successful.
2026-04-29 23:48:27.630 +05:30 [INF] Executing endpoint 'TradingJournal.API.Controllers.ForumController.GetDirectMessages (TradingJournal.API)'
2026-04-29 23:48:27.638 +05:30 [INF] Route matched with {action = "MarkAsRead", controller = "Forum"}. Executing controller action with signature System.Threading.Tasks.Task`1[Microsoft.AspNetCore.Mvc.IActionResult] MarkAsRead(System.Guid) on controller TradingJournal.API.Controllers.ForumController (TradingJournal.API).
2026-04-29 23:48:27.640 +05:30 [INF] Route matched with {action = "GetDirectMessages", controller = "Forum"}. Executing controller action with signature System.Threading.Tasks.Task`1[Microsoft.AspNetCore.Mvc.IActionResult] GetDirectMessages(System.Guid) on controller TradingJournal.API.Controllers.ForumController (TradingJournal.API).
2026-04-29 23:48:27.699 +05:30 [INF] Executed DbCommand (2ms) [Parameters=[@senderId='?' (DbType = Guid), @receiverId='?' (DbType = Guid)], CommandType='"Text"', CommandTimeout='300']
SELECT f."Id", f."AuthorId", f."ChannelType", f."Content", f."CreatedAt", f."EditedAt", f."IsDeleted", f."IsEdited", f."IsRead", f."ParentMessageId", f."ReceiverId", f."SenderId", f."UpdatedAt"
FROM "ForumMessages" AS f
WHERE NOT (f."IsDeleted") AND f."ChannelType" = 2 AND f."SenderId" = @senderId AND f."ReceiverId" = @receiverId AND NOT (f."IsRead")
2026-04-29 23:48:27.704 +05:30 [INF] Executing StatusCodeResult, setting HTTP status code 204
2026-04-29 23:48:27.704 +05:30 [INF] Executed action TradingJournal.API.Controllers.ForumController.MarkAsRead (TradingJournal.API) in 65.692ms
2026-04-29 23:48:27.704 +05:30 [INF] Executed endpoint 'TradingJournal.API.Controllers.ForumController.MarkAsRead (TradingJournal.API)'
2026-04-29 23:48:27.704 +05:30 [INF] HTTP PUT /api/forum/dm/read/95870ccb-6248-4140-95c9-f85b1e77a34b responded 204 in 77.2070 ms
2026-04-29 23:48:27.704 +05:30 [INF] Request finished HTTP/1.1 PUT http://localhost:5283/api/forum/dm/read/95870ccb-6248-4140-95c9-f85b1e77a34b - 204 null null 77.5242ms
2026-04-29 23:48:27.707 +05:30 [INF] Executed DbCommand (3ms) [Parameters=[@userId='?' (DbType = Guid), @otherUserId='?' (DbType = Guid)], CommandType='"Text"', CommandTimeout='300']
SELECT f."Id", f."AuthorId", f."ChannelType", f."Content", f."CreatedAt", f."EditedAt", f."IsDeleted", f."IsEdited", f."IsRead", f."ParentMessageId", f."ReceiverId", f."SenderId", f."UpdatedAt", u0."Id", u0."AccountBalance", u0."AllowedSections", u0."CreatedAt", u0."Email", u0."FirstName", u0."IsActive", u0."IsDeleted", u0."LastName", u0."PasswordHash", u0."ProfileImageUrl", u0."RefreshToken", u0."RefreshTokenExpiry", u0."Role", u0."UpdatedAt"
FROM "ForumMessages" AS f
INNER JOIN (
    SELECT u."Id", u."AccountBalance", u."AllowedSections", u."CreatedAt", u."Email", u."FirstName", u."IsActive", u."IsDeleted", u."LastName", u."PasswordHash", u."ProfileImageUrl", u."RefreshToken", u."RefreshTokenExpiry", u."Role", u."UpdatedAt"
    FROM "Users" AS u
    WHERE NOT (u."IsDeleted")
) AS u0 ON f."AuthorId" = u0."Id"
WHERE NOT (f."IsDeleted") AND f."ChannelType" = 2 AND ((f."SenderId" = @userId AND f."ReceiverId" = @otherUserId) OR (f."SenderId" = @otherUserId AND f."ReceiverId" = @userId))
ORDER BY f."CreatedAt"
2026-04-29 23:48:27.707 +05:30 [INF] Executing OkObjectResult, writing value of type 'System.Collections.Generic.List`1[[TradingJournal.Application.DTOs.Forum.DirectMessageDto, TradingJournal.Application, Version=1.0.0.0, Culture=neutral, PublicKeyToken=null]]'.
2026-04-29 23:48:27.709 +05:30 [INF] Executed action TradingJournal.API.Controllers.ForumController.GetDirectMessages (TradingJournal.API) in 68.327ms
2026-04-29 23:48:27.709 +05:30 [INF] Executed endpoint 'TradingJournal.API.Controllers.ForumController.GetDirectMessages (TradingJournal.API)'
2026-04-29 23:48:27.709 +05:30 [INF] HTTP GET /api/forum/dm/95870ccb-6248-4140-95c9-f85b1e77a34b responded 200 in 79.1715 ms
2026-04-29 23:48:27.709 +05:30 [INF] Request finished HTTP/1.1 GET http://localhost:5283/api/forum/dm/95870ccb-6248-4140-95c9-f85b1e77a34b - 200 null application/json; charset=utf-8 79.4619ms
2026-04-29 23:48:30.866 +05:30 [INF] Request starting HTTP/1.1 OPTIONS http://localhost:5283/api/announcements?page=1&pageSize=50 - null null
2026-04-29 23:48:30.867 +05:30 [INF] CORS policy execution successful.
2026-04-29 23:48:30.867 +05:30 [INF] HTTP OPTIONS /api/announcements responded 204 in 0.1389 ms
2026-04-29 23:48:30.867 +05:30 [INF] Request finished HTTP/1.1 OPTIONS http://localhost:5283/api/announcements?page=1&pageSize=50 - 204 null null 0.5375ms
2026-04-29 23:48:30.871 +05:30 [INF] Request starting HTTP/1.1 GET http://localhost:5283/api/announcements?page=1&pageSize=50 - null null
2026-04-29 23:48:30.872 +05:30 [INF] CORS policy execution successful.
2026-04-29 23:48:30.872 +05:30 [INF] Executing endpoint 'TradingJournal.API.Controllers.AnnouncementsController.GetAll (TradingJournal.API)'
2026-04-29 23:48:30.873 +05:30 [INF] Route matched with {action = "GetAll", controller = "Announcements"}. Executing controller action with signature System.Threading.Tasks.Task`1[Microsoft.AspNetCore.Mvc.IActionResult] GetAll(Int32, Int32) on controller TradingJournal.API.Controllers.AnnouncementsController (TradingJournal.API).
2026-04-29 23:48:30.928 +05:30 [INF] Executed DbCommand (3ms) [Parameters=[@p1='?' (DbType = Int32), @p='?' (DbType = Int32)], CommandType='"Text"', CommandTimeout='300']
SELECT a0."Id", a0."AdminId", a0."Content", a0."CreatedAt", a0."IsDeleted", a0."Priority", a0."Title", a0."UpdatedAt", u0."Id", u0."AccountBalance", u0."AllowedSections", u0."CreatedAt", u0."Email", u0."FirstName", u0."IsActive", u0."IsDeleted", u0."LastName", u0."PasswordHash", u0."ProfileImageUrl", u0."RefreshToken", u0."RefreshTokenExpiry", u0."Role", u0."UpdatedAt"
FROM (
    SELECT a."Id", a."AdminId", a."Content", a."CreatedAt", a."IsDeleted", a."Priority", a."Title", a."UpdatedAt"
    FROM "Announcements" AS a
    WHERE NOT (a."IsDeleted")
    ORDER BY a."CreatedAt" DESC
    LIMIT @p1 OFFSET @p
) AS a0
INNER JOIN (
    SELECT u."Id", u."AccountBalance", u."AllowedSections", u."CreatedAt", u."Email", u."FirstName", u."IsActive", u."IsDeleted", u."LastName", u."PasswordHash", u."ProfileImageUrl", u."RefreshToken", u."RefreshTokenExpiry", u."Role", u."UpdatedAt"
    FROM "Users" AS u
    WHERE NOT (u."IsDeleted")
) AS u0 ON a0."AdminId" = u0."Id"
ORDER BY a0."CreatedAt" DESC
2026-04-29 23:48:30.984 +05:30 [INF] Executed DbCommand (2ms) [Parameters=[], CommandType='"Text"', CommandTimeout='300']
SELECT count(*)::int
FROM "Announcements" AS a
WHERE NOT (a."IsDeleted")
2026-04-29 23:48:30.985 +05:30 [INF] Executing OkObjectResult, writing value of type '<>f__AnonymousType1`2[[System.Collections.Generic.List`1[[TradingJournal.Application.DTOs.Forum.AnnouncementDto, TradingJournal.Application, Version=1.0.0.0, Culture=neutral, PublicKeyToken=null]], System.Private.CoreLib, Version=10.0.0.0, Culture=neutral, PublicKeyToken=7cec85d7bea7798e],[System.Int32, System.Private.CoreLib, Version=10.0.0.0, Culture=neutral, PublicKeyToken=7cec85d7bea7798e]]'.
2026-04-29 23:48:30.986 +05:30 [INF] Executed action TradingJournal.API.Controllers.AnnouncementsController.GetAll (TradingJournal.API) in 112.7388ms
2026-04-29 23:48:30.986 +05:30 [INF] Executed endpoint 'TradingJournal.API.Controllers.AnnouncementsController.GetAll (TradingJournal.API)'
2026-04-29 23:48:30.986 +05:30 [INF] HTTP GET /api/announcements responded 200 in 114.3307 ms
2026-04-29 23:48:30.986 +05:30 [INF] Request finished HTTP/1.1 GET http://localhost:5283/api/announcements?page=1&pageSize=50 - 200 null application/json; charset=utf-8 114.8456ms
2026-04-29 23:49:03.339 +05:30 [INF] Request starting HTTP/1.1 OPTIONS http://localhost:5283/api/forum/public?page=1&pageSize=50 - null null
2026-04-29 23:49:03.339 +05:30 [INF] CORS policy execution successful.
2026-04-29 23:49:03.339 +05:30 [INF] HTTP OPTIONS /api/forum/public responded 204 in 0.0913 ms
2026-04-29 23:49:03.339 +05:30 [INF] Request finished HTTP/1.1 OPTIONS http://localhost:5283/api/forum/public?page=1&pageSize=50 - 204 null null 0.3513ms
2026-04-29 23:49:03.342 +05:30 [INF] Request starting HTTP/1.1 GET http://localhost:5283/api/forum/public?page=1&pageSize=50 - null null
2026-04-29 23:49:03.343 +05:30 [INF] CORS policy execution successful.
2026-04-29 23:49:03.343 +05:30 [INF] Executing endpoint 'TradingJournal.API.Controllers.ForumController.GetPublicMessages (TradingJournal.API)'
2026-04-29 23:49:03.344 +05:30 [INF] Route matched with {action = "GetPublicMessages", controller = "Forum"}. Executing controller action with signature System.Threading.Tasks.Task`1[Microsoft.AspNetCore.Mvc.IActionResult] GetPublicMessages(Int32, Int32) on controller TradingJournal.API.Controllers.ForumController (TradingJournal.API).
2026-04-29 23:49:03.408 +05:30 [INF] Executed DbCommand (4ms) [Parameters=[@p1='?' (DbType = Int32), @p='?' (DbType = Int32)], CommandType='"Text"', CommandTimeout='300']
SELECT f0."Id", f0."AuthorId", f0."ChannelType", f0."Content", f0."CreatedAt", f0."EditedAt", f0."IsDeleted", f0."IsEdited", f0."IsRead", f0."ParentMessageId", f0."ReceiverId", f0."SenderId", f0."UpdatedAt", u0."Id", u0."AccountBalance", u0."AllowedSections", u0."CreatedAt", u0."Email", u0."FirstName", u0."IsActive", u0."IsDeleted", u0."LastName", u0."PasswordHash", u0."ProfileImageUrl", u0."RefreshToken", u0."RefreshTokenExpiry", u0."Role", u0."UpdatedAt", f2."Id", f2."AuthorId", f2."ChannelType", f2."Content", f2."CreatedAt", f2."EditedAt", f2."IsDeleted", f2."IsEdited", f2."IsRead", f2."ParentMessageId", f2."ReceiverId", f2."SenderId", f2."UpdatedAt"
FROM (
    SELECT f."Id", f."AuthorId", f."ChannelType", f."Content", f."CreatedAt", f."EditedAt", f."IsDeleted", f."IsEdited", f."IsRead", f."ParentMessageId", f."ReceiverId", f."SenderId", f."UpdatedAt"
    FROM "ForumMessages" AS f
    WHERE NOT (f."IsDeleted") AND f."ChannelType" = 1 AND f."ParentMessageId" IS NULL
    ORDER BY f."CreatedAt" DESC
    LIMIT @p1 OFFSET @p
) AS f0
INNER JOIN (
    SELECT u."Id", u."AccountBalance", u."AllowedSections", u."CreatedAt", u."Email", u."FirstName", u."IsActive", u."IsDeleted", u."LastName", u."PasswordHash", u."ProfileImageUrl", u."RefreshToken", u."RefreshTokenExpiry", u."Role", u."UpdatedAt"
    FROM "Users" AS u
    WHERE NOT (u."IsDeleted")
) AS u0 ON f0."AuthorId" = u0."Id"
LEFT JOIN (
    SELECT f1."Id", f1."AuthorId", f1."ChannelType", f1."Content", f1."CreatedAt", f1."EditedAt", f1."IsDeleted", f1."IsEdited", f1."IsRead", f1."ParentMessageId", f1."ReceiverId", f1."SenderId", f1."UpdatedAt"
    FROM "ForumMessages" AS f1
    WHERE NOT (f1."IsDeleted")
) AS f2 ON f0."Id" = f2."ParentMessageId"
ORDER BY f0."CreatedAt" DESC, f0."Id", u0."Id"
2026-04-29 23:49:03.460 +05:30 [INF] Executed DbCommand (2ms) [Parameters=[], CommandType='"Text"', CommandTimeout='300']
SELECT count(*)::int
FROM "ForumMessages" AS f
WHERE NOT (f."IsDeleted") AND f."ChannelType" = 1 AND f."ParentMessageId" IS NULL
2026-04-29 23:49:03.461 +05:30 [INF] Executing OkObjectResult, writing value of type '<>f__AnonymousType2`2[[System.Collections.Generic.List`1[[TradingJournal.Application.DTOs.Forum.ForumMessageDto, TradingJournal.Application, Version=1.0.0.0, Culture=neutral, PublicKeyToken=null]], System.Private.CoreLib, Version=10.0.0.0, Culture=neutral, PublicKeyToken=7cec85d7bea7798e],[System.Int32, System.Private.CoreLib, Version=10.0.0.0, Culture=neutral, PublicKeyToken=7cec85d7bea7798e]]'.
2026-04-29 23:49:03.461 +05:30 [INF] Executed action TradingJournal.API.Controllers.ForumController.GetPublicMessages (TradingJournal.API) in 117.3138ms
2026-04-29 23:49:03.461 +05:30 [INF] Executed endpoint 'TradingJournal.API.Controllers.ForumController.GetPublicMessages (TradingJournal.API)'
2026-04-29 23:49:03.461 +05:30 [INF] HTTP GET /api/forum/public responded 200 in 118.7722 ms
2026-04-29 23:49:03.461 +05:30 [INF] Request finished HTTP/1.1 GET http://localhost:5283/api/forum/public?page=1&pageSize=50 - 200 null application/json; charset=utf-8 119.0874ms
2026-04-29 23:49:07.441 +05:30 [INF] Request starting HTTP/1.1 OPTIONS http://localhost:5283/api/forum/users - null null
2026-04-29 23:49:07.441 +05:30 [INF] CORS policy execution successful.
2026-04-29 23:49:07.441 +05:30 [INF] HTTP OPTIONS /api/forum/users responded 204 in 0.1268 ms
2026-04-29 23:49:07.441 +05:30 [INF] Request finished HTTP/1.1 OPTIONS http://localhost:5283/api/forum/users - 204 null null 0.4865ms
2026-04-29 23:49:07.449 +05:30 [INF] Request starting HTTP/1.1 GET http://localhost:5283/api/forum/users - null null
2026-04-29 23:49:07.452 +05:30 [INF] CORS policy execution successful.
2026-04-29 23:49:07.453 +05:30 [INF] Executing endpoint 'TradingJournal.API.Controllers.ForumController.GetUsersForChat (TradingJournal.API)'
2026-04-29 23:49:07.453 +05:30 [INF] Route matched with {action = "GetUsersForChat", controller = "Forum"}. Executing controller action with signature System.Threading.Tasks.Task`1[Microsoft.AspNetCore.Mvc.IActionResult] GetUsersForChat(TradingJournal.Infrastructure.Data.ApplicationDbContext) on controller TradingJournal.API.Controllers.ForumController (TradingJournal.API).
2026-04-29 23:49:07.587 +05:30 [INF] Executed DbCommand (5ms) [Parameters=[@currentUserId='?' (DbType = Guid)], CommandType='"Text"', CommandTimeout='300']
SELECT u."Id", u."FirstName" || ' ' || u."LastName" AS "Name", u."Email"
FROM "Users" AS u
WHERE NOT (u."IsDeleted") AND u."Id" <> @currentUserId AND NOT (u."IsDeleted")
2026-04-29 23:49:07.588 +05:30 [INF] Executing OkObjectResult, writing value of type 'System.Collections.Generic.List`1[[<>f__AnonymousType3`3[[System.Guid, System.Private.CoreLib, Version=10.0.0.0, Culture=neutral, PublicKeyToken=7cec85d7bea7798e],[System.String, System.Private.CoreLib, Version=10.0.0.0, Culture=neutral, PublicKeyToken=7cec85d7bea7798e],[System.String, System.Private.CoreLib, Version=10.0.0.0, Culture=neutral, PublicKeyToken=7cec85d7bea7798e]], TradingJournal.API, Version=1.0.0.0, Culture=neutral, PublicKeyToken=null]]'.
2026-04-29 23:49:07.588 +05:30 [INF] Executed action TradingJournal.API.Controllers.ForumController.GetUsersForChat (TradingJournal.API) in 134.9543ms
2026-04-29 23:49:07.588 +05:30 [INF] Executed endpoint 'TradingJournal.API.Controllers.ForumController.GetUsersForChat (TradingJournal.API)'
2026-04-29 23:49:07.588 +05:30 [INF] HTTP GET /api/forum/users responded 200 in 136.6951 ms
2026-04-29 23:49:07.589 +05:30 [INF] Request finished HTTP/1.1 GET http://localhost:5283/api/forum/users - 200 null application/json; charset=utf-8 139.531ms
2026-04-29 23:49:08.754 +05:30 [INF] Request starting HTTP/1.1 OPTIONS http://localhost:5283/api/forum/dm/read/95870ccb-6248-4140-95c9-f85b1e77a34b - null null
2026-04-29 23:49:08.754 +05:30 [INF] CORS policy execution successful.
2026-04-29 23:49:08.754 +05:30 [INF] Request starting HTTP/1.1 OPTIONS http://localhost:5283/api/forum/dm/95870ccb-6248-4140-95c9-f85b1e77a34b - null null
2026-04-29 23:49:08.754 +05:30 [INF] HTTP OPTIONS /api/forum/dm/read/95870ccb-6248-4140-95c9-f85b1e77a34b responded 204 in 0.1079 ms
2026-04-29 23:49:08.754 +05:30 [INF] CORS policy execution successful.
2026-04-29 23:49:08.754 +05:30 [INF] HTTP OPTIONS /api/forum/dm/95870ccb-6248-4140-95c9-f85b1e77a34b responded 204 in 0.0554 ms
2026-04-29 23:49:08.754 +05:30 [INF] Request finished HTTP/1.1 OPTIONS http://localhost:5283/api/forum/dm/read/95870ccb-6248-4140-95c9-f85b1e77a34b - 204 null null 0.5144ms
2026-04-29 23:49:08.754 +05:30 [INF] Request finished HTTP/1.1 OPTIONS http://localhost:5283/api/forum/dm/95870ccb-6248-4140-95c9-f85b1e77a34b - 204 null null 0.1411ms
2026-04-29 23:49:08.757 +05:30 [INF] Request starting HTTP/1.1 PUT http://localhost:5283/api/forum/dm/read/95870ccb-6248-4140-95c9-f85b1e77a34b - application/json 2
2026-04-29 23:49:08.757 +05:30 [INF] Request starting HTTP/1.1 GET http://localhost:5283/api/forum/dm/95870ccb-6248-4140-95c9-f85b1e77a34b - null null
2026-04-29 23:49:08.757 +05:30 [INF] CORS policy execution successful.
2026-04-29 23:49:08.757 +05:30 [INF] CORS policy execution successful.
2026-04-29 23:49:08.757 +05:30 [INF] Executing endpoint 'TradingJournal.API.Controllers.ForumController.GetDirectMessages (TradingJournal.API)'
2026-04-29 23:49:08.757 +05:30 [INF] Executing endpoint 'TradingJournal.API.Controllers.ForumController.MarkAsRead (TradingJournal.API)'
2026-04-29 23:49:08.757 +05:30 [INF] Route matched with {action = "GetDirectMessages", controller = "Forum"}. Executing controller action with signature System.Threading.Tasks.Task`1[Microsoft.AspNetCore.Mvc.IActionResult] GetDirectMessages(System.Guid) on controller TradingJournal.API.Controllers.ForumController (TradingJournal.API).
2026-04-29 23:49:08.757 +05:30 [INF] Route matched with {action = "MarkAsRead", controller = "Forum"}. Executing controller action with signature System.Threading.Tasks.Task`1[Microsoft.AspNetCore.Mvc.IActionResult] MarkAsRead(System.Guid) on controller TradingJournal.API.Controllers.ForumController (TradingJournal.API).
2026-04-29 23:49:08.820 +05:30 [INF] Executed DbCommand (4ms) [Parameters=[@userId='?' (DbType = Guid), @otherUserId='?' (DbType = Guid)], CommandType='"Text"', CommandTimeout='300']
SELECT f."Id", f."AuthorId", f."ChannelType", f."Content", f."CreatedAt", f."EditedAt", f."IsDeleted", f."IsEdited", f."IsRead", f."ParentMessageId", f."ReceiverId", f."SenderId", f."UpdatedAt", u0."Id", u0."AccountBalance", u0."AllowedSections", u0."CreatedAt", u0."Email", u0."FirstName", u0."IsActive", u0."IsDeleted", u0."LastName", u0."PasswordHash", u0."ProfileImageUrl", u0."RefreshToken", u0."RefreshTokenExpiry", u0."Role", u0."UpdatedAt"
FROM "ForumMessages" AS f
INNER JOIN (
    SELECT u."Id", u."AccountBalance", u."AllowedSections", u."CreatedAt", u."Email", u."FirstName", u."IsActive", u."IsDeleted", u."LastName", u."PasswordHash", u."ProfileImageUrl", u."RefreshToken", u."RefreshTokenExpiry", u."Role", u."UpdatedAt"
    FROM "Users" AS u
    WHERE NOT (u."IsDeleted")
) AS u0 ON f."AuthorId" = u0."Id"
WHERE NOT (f."IsDeleted") AND f."ChannelType" = 2 AND ((f."SenderId" = @userId AND f."ReceiverId" = @otherUserId) OR (f."SenderId" = @otherUserId AND f."ReceiverId" = @userId))
ORDER BY f."CreatedAt"
2026-04-29 23:49:08.821 +05:30 [INF] Executing OkObjectResult, writing value of type 'System.Collections.Generic.List`1[[TradingJournal.Application.DTOs.Forum.DirectMessageDto, TradingJournal.Application, Version=1.0.0.0, Culture=neutral, PublicKeyToken=null]]'.
2026-04-29 23:49:08.821 +05:30 [INF] Executed action TradingJournal.API.Controllers.ForumController.GetDirectMessages (TradingJournal.API) in 63.5426ms
2026-04-29 23:49:08.821 +05:30 [INF] Executed endpoint 'TradingJournal.API.Controllers.ForumController.GetDirectMessages (TradingJournal.API)'
2026-04-29 23:49:08.821 +05:30 [INF] HTTP GET /api/forum/dm/95870ccb-6248-4140-95c9-f85b1e77a34b responded 200 in 64.0641 ms
2026-04-29 23:49:08.821 +05:30 [INF] Request finished HTTP/1.1 GET http://localhost:5283/api/forum/dm/95870ccb-6248-4140-95c9-f85b1e77a34b - 200 null application/json; charset=utf-8 64.2495ms
2026-04-29 23:49:08.828 +05:30 [INF] Executed DbCommand (2ms) [Parameters=[@senderId='?' (DbType = Guid), @receiverId='?' (DbType = Guid)], CommandType='"Text"', CommandTimeout='300']
SELECT f."Id", f."AuthorId", f."ChannelType", f."Content", f."CreatedAt", f."EditedAt", f."IsDeleted", f."IsEdited", f."IsRead", f."ParentMessageId", f."ReceiverId", f."SenderId", f."UpdatedAt"
FROM "ForumMessages" AS f
WHERE NOT (f."IsDeleted") AND f."ChannelType" = 2 AND f."SenderId" = @senderId AND f."ReceiverId" = @receiverId AND NOT (f."IsRead")
2026-04-29 23:49:08.828 +05:30 [INF] Executing StatusCodeResult, setting HTTP status code 204
2026-04-29 23:49:08.829 +05:30 [INF] Executed action TradingJournal.API.Controllers.ForumController.MarkAsRead (TradingJournal.API) in 71.2307ms
2026-04-29 23:49:08.829 +05:30 [INF] Executed endpoint 'TradingJournal.API.Controllers.ForumController.MarkAsRead (TradingJournal.API)'
2026-04-29 23:49:08.829 +05:30 [INF] HTTP PUT /api/forum/dm/read/95870ccb-6248-4140-95c9-f85b1e77a34b responded 204 in 71.7822 ms
2026-04-29 23:49:08.829 +05:30 [INF] Request finished HTTP/1.1 PUT http://localhost:5283/api/forum/dm/read/95870ccb-6248-4140-95c9-f85b1e77a34b - 204 null null 72.0175ms
2026-04-29 23:49:21.950 +05:30 [INF] Request starting HTTP/1.1 OPTIONS http://localhost:5283/api/forum/public?page=1&pageSize=50 - null null
2026-04-29 23:49:21.950 +05:30 [INF] CORS policy execution successful.
2026-04-29 23:49:21.950 +05:30 [INF] HTTP OPTIONS /api/forum/public responded 204 in 0.2103 ms
2026-04-29 23:49:21.951 +05:30 [INF] Request finished HTTP/1.1 OPTIONS http://localhost:5283/api/forum/public?page=1&pageSize=50 - 204 null null 0.7219ms
2026-04-29 23:49:21.957 +05:30 [INF] Request starting HTTP/1.1 GET http://localhost:5283/api/forum/public?page=1&pageSize=50 - null null
2026-04-29 23:49:21.957 +05:30 [INF] CORS policy execution successful.
2026-04-29 23:49:21.958 +05:30 [INF] Executing endpoint 'TradingJournal.API.Controllers.ForumController.GetPublicMessages (TradingJournal.API)'
2026-04-29 23:49:21.959 +05:30 [INF] Route matched with {action = "GetPublicMessages", controller = "Forum"}. Executing controller action with signature System.Threading.Tasks.Task`1[Microsoft.AspNetCore.Mvc.IActionResult] GetPublicMessages(Int32, Int32) on controller TradingJournal.API.Controllers.ForumController (TradingJournal.API).
2026-04-29 23:49:22.056 +05:30 [INF] Executed DbCommand (9ms) [Parameters=[@p1='?' (DbType = Int32), @p='?' (DbType = Int32)], CommandType='"Text"', CommandTimeout='300']
SELECT f0."Id", f0."AuthorId", f0."ChannelType", f0."Content", f0."CreatedAt", f0."EditedAt", f0."IsDeleted", f0."IsEdited", f0."IsRead", f0."ParentMessageId", f0."ReceiverId", f0."SenderId", f0."UpdatedAt", u0."Id", u0."AccountBalance", u0."AllowedSections", u0."CreatedAt", u0."Email", u0."FirstName", u0."IsActive", u0."IsDeleted", u0."LastName", u0."PasswordHash", u0."ProfileImageUrl", u0."RefreshToken", u0."RefreshTokenExpiry", u0."Role", u0."UpdatedAt", f2."Id", f2."AuthorId", f2."ChannelType", f2."Content", f2."CreatedAt", f2."EditedAt", f2."IsDeleted", f2."IsEdited", f2."IsRead", f2."ParentMessageId", f2."ReceiverId", f2."SenderId", f2."UpdatedAt"
FROM (
    SELECT f."Id", f."AuthorId", f."ChannelType", f."Content", f."CreatedAt", f."EditedAt", f."IsDeleted", f."IsEdited", f."IsRead", f."ParentMessageId", f."ReceiverId", f."SenderId", f."UpdatedAt"
    FROM "ForumMessages" AS f
    WHERE NOT (f."IsDeleted") AND f."ChannelType" = 1 AND f."ParentMessageId" IS NULL
    ORDER BY f."CreatedAt" DESC
    LIMIT @p1 OFFSET @p
) AS f0
INNER JOIN (
    SELECT u."Id", u."AccountBalance", u."AllowedSections", u."CreatedAt", u."Email", u."FirstName", u."IsActive", u."IsDeleted", u."LastName", u."PasswordHash", u."ProfileImageUrl", u."RefreshToken", u."RefreshTokenExpiry", u."Role", u."UpdatedAt"
    FROM "Users" AS u
    WHERE NOT (u."IsDeleted")
) AS u0 ON f0."AuthorId" = u0."Id"
LEFT JOIN (
    SELECT f1."Id", f1."AuthorId", f1."ChannelType", f1."Content", f1."CreatedAt", f1."EditedAt", f1."IsDeleted", f1."IsEdited", f1."IsRead", f1."ParentMessageId", f1."ReceiverId", f1."SenderId", f1."UpdatedAt"
    FROM "ForumMessages" AS f1
    WHERE NOT (f1."IsDeleted")
) AS f2 ON f0."Id" = f2."ParentMessageId"
ORDER BY f0."CreatedAt" DESC, f0."Id", u0."Id"
2026-04-29 23:49:22.158 +05:30 [INF] Executed DbCommand (7ms) [Parameters=[], CommandType='"Text"', CommandTimeout='300']
SELECT count(*)::int
FROM "ForumMessages" AS f
WHERE NOT (f."IsDeleted") AND f."ChannelType" = 1 AND f."ParentMessageId" IS NULL
2026-04-29 23:49:22.160 +05:30 [INF] Executing OkObjectResult, writing value of type '<>f__AnonymousType2`2[[System.Collections.Generic.List`1[[TradingJournal.Application.DTOs.Forum.ForumMessageDto, TradingJournal.Application, Version=1.0.0.0, Culture=neutral, PublicKeyToken=null]], System.Private.CoreLib, Version=10.0.0.0, Culture=neutral, PublicKeyToken=7cec85d7bea7798e],[System.Int32, System.Private.CoreLib, Version=10.0.0.0, Culture=neutral, PublicKeyToken=7cec85d7bea7798e]]'.
2026-04-29 23:49:22.161 +05:30 [INF] Executed action TradingJournal.API.Controllers.ForumController.GetPublicMessages (TradingJournal.API) in 202.067ms
2026-04-29 23:49:22.161 +05:30 [INF] Executed endpoint 'TradingJournal.API.Controllers.ForumController.GetPublicMessages (TradingJournal.API)'
2026-04-29 23:49:22.161 +05:30 [INF] HTTP GET /api/forum/public responded 200 in 204.0202 ms
2026-04-29 23:49:22.162 +05:30 [INF] Request finished HTTP/1.1 GET http://localhost:5283/api/forum/public?page=1&pageSize=50 - 200 null application/json; charset=utf-8 204.7575ms
2026-04-29 23:49:23.090 +05:30 [INF] Request starting HTTP/1.1 OPTIONS http://localhost:5283/api/announcements?page=1&pageSize=50 - null null
2026-04-29 23:49:23.090 +05:30 [INF] CORS policy execution successful.
2026-04-29 23:49:23.090 +05:30 [INF] HTTP OPTIONS /api/announcements responded 204 in 0.1317 ms
2026-04-29 23:49:23.090 +05:30 [INF] Request finished HTTP/1.1 OPTIONS http://localhost:5283/api/announcements?page=1&pageSize=50 - 204 null null 0.486ms
2026-04-29 23:49:23.098 +05:30 [INF] Request starting HTTP/1.1 GET http://localhost:5283/api/announcements?page=1&pageSize=50 - null null
2026-04-29 23:49:23.099 +05:30 [INF] CORS policy execution successful.
2026-04-29 23:49:23.104 +05:30 [INF] Executing endpoint 'TradingJournal.API.Controllers.AnnouncementsController.GetAll (TradingJournal.API)'
2026-04-29 23:49:23.104 +05:30 [INF] Route matched with {action = "GetAll", controller = "Announcements"}. Executing controller action with signature System.Threading.Tasks.Task`1[Microsoft.AspNetCore.Mvc.IActionResult] GetAll(Int32, Int32) on controller TradingJournal.API.Controllers.AnnouncementsController (TradingJournal.API).
2026-04-29 23:49:23.245 +05:30 [INF] Executed DbCommand (5ms) [Parameters=[@p1='?' (DbType = Int32), @p='?' (DbType = Int32)], CommandType='"Text"', CommandTimeout='300']
SELECT a0."Id", a0."AdminId", a0."Content", a0."CreatedAt", a0."IsDeleted", a0."Priority", a0."Title", a0."UpdatedAt", u0."Id", u0."AccountBalance", u0."AllowedSections", u0."CreatedAt", u0."Email", u0."FirstName", u0."IsActive", u0."IsDeleted", u0."LastName", u0."PasswordHash", u0."ProfileImageUrl", u0."RefreshToken", u0."RefreshTokenExpiry", u0."Role", u0."UpdatedAt"
FROM (
    SELECT a."Id", a."AdminId", a."Content", a."CreatedAt", a."IsDeleted", a."Priority", a."Title", a."UpdatedAt"
    FROM "Announcements" AS a
    WHERE NOT (a."IsDeleted")
    ORDER BY a."CreatedAt" DESC
    LIMIT @p1 OFFSET @p
) AS a0
INNER JOIN (
    SELECT u."Id", u."AccountBalance", u."AllowedSections", u."CreatedAt", u."Email", u."FirstName", u."IsActive", u."IsDeleted", u."LastName", u."PasswordHash", u."ProfileImageUrl", u."RefreshToken", u."RefreshTokenExpiry", u."Role", u."UpdatedAt"
    FROM "Users" AS u
    WHERE NOT (u."IsDeleted")
) AS u0 ON a0."AdminId" = u0."Id"
ORDER BY a0."CreatedAt" DESC
2026-04-29 23:49:23.407 +05:30 [INF] Executed DbCommand (7ms) [Parameters=[], CommandType='"Text"', CommandTimeout='300']
SELECT count(*)::int
FROM "Announcements" AS a
WHERE NOT (a."IsDeleted")
2026-04-29 23:49:23.409 +05:30 [INF] Executing OkObjectResult, writing value of type '<>f__AnonymousType1`2[[System.Collections.Generic.List`1[[TradingJournal.Application.DTOs.Forum.AnnouncementDto, TradingJournal.Application, Version=1.0.0.0, Culture=neutral, PublicKeyToken=null]], System.Private.CoreLib, Version=10.0.0.0, Culture=neutral, PublicKeyToken=7cec85d7bea7798e],[System.Int32, System.Private.CoreLib, Version=10.0.0.0, Culture=neutral, PublicKeyToken=7cec85d7bea7798e]]'.
2026-04-29 23:49:23.412 +05:30 [INF] Executed action TradingJournal.API.Controllers.AnnouncementsController.GetAll (TradingJournal.API) in 307.6011ms
2026-04-29 23:49:23.412 +05:30 [INF] Executed endpoint 'TradingJournal.API.Controllers.AnnouncementsController.GetAll (TradingJournal.API)'
2026-04-29 23:49:23.412 +05:30 [INF] HTTP GET /api/announcements responded 200 in 314.1976 ms
2026-04-29 23:49:23.413 +05:30 [INF] Request finished HTTP/1.1 GET http://localhost:5283/api/announcements?page=1&pageSize=50 - 200 null application/json; charset=utf-8 314.5989ms
2026-04-29 23:49:44.452 +05:30 [INF] Request starting HTTP/1.1 OPTIONS http://localhost:5283/api/forum/public?page=1&pageSize=50 - null null
2026-04-29 23:49:44.452 +05:30 [INF] CORS policy execution successful.
2026-04-29 23:49:44.452 +05:30 [INF] HTTP OPTIONS /api/forum/public responded 204 in 0.1573 ms
2026-04-29 23:49:44.452 +05:30 [INF] Request finished HTTP/1.1 OPTIONS http://localhost:5283/api/forum/public?page=1&pageSize=50 - 204 null null 0.5223ms
2026-04-29 23:49:44.458 +05:30 [INF] Request starting HTTP/1.1 GET http://localhost:5283/api/forum/public?page=1&pageSize=50 - null null
2026-04-29 23:49:44.458 +05:30 [INF] CORS policy execution successful.
2026-04-29 23:49:44.459 +05:30 [INF] Executing endpoint 'TradingJournal.API.Controllers.ForumController.GetPublicMessages (TradingJournal.API)'
2026-04-29 23:49:44.459 +05:30 [INF] Route matched with {action = "GetPublicMessages", controller = "Forum"}. Executing controller action with signature System.Threading.Tasks.Task`1[Microsoft.AspNetCore.Mvc.IActionResult] GetPublicMessages(Int32, Int32) on controller TradingJournal.API.Controllers.ForumController (TradingJournal.API).
2026-04-29 23:49:44.532 +05:30 [INF] Executed DbCommand (4ms) [Parameters=[@p1='?' (DbType = Int32), @p='?' (DbType = Int32)], CommandType='"Text"', CommandTimeout='300']
SELECT f0."Id", f0."AuthorId", f0."ChannelType", f0."Content", f0."CreatedAt", f0."EditedAt", f0."IsDeleted", f0."IsEdited", f0."IsRead", f0."ParentMessageId", f0."ReceiverId", f0."SenderId", f0."UpdatedAt", u0."Id", u0."AccountBalance", u0."AllowedSections", u0."CreatedAt", u0."Email", u0."FirstName", u0."IsActive", u0."IsDeleted", u0."LastName", u0."PasswordHash", u0."ProfileImageUrl", u0."RefreshToken", u0."RefreshTokenExpiry", u0."Role", u0."UpdatedAt", f2."Id", f2."AuthorId", f2."ChannelType", f2."Content", f2."CreatedAt", f2."EditedAt", f2."IsDeleted", f2."IsEdited", f2."IsRead", f2."ParentMessageId", f2."ReceiverId", f2."SenderId", f2."UpdatedAt"
FROM (
    SELECT f."Id", f."AuthorId", f."ChannelType", f."Content", f."CreatedAt", f."EditedAt", f."IsDeleted", f."IsEdited", f."IsRead", f."ParentMessageId", f."ReceiverId", f."SenderId", f."UpdatedAt"
    FROM "ForumMessages" AS f
    WHERE NOT (f."IsDeleted") AND f."ChannelType" = 1 AND f."ParentMessageId" IS NULL
    ORDER BY f."CreatedAt" DESC
    LIMIT @p1 OFFSET @p
) AS f0
INNER JOIN (
    SELECT u."Id", u."AccountBalance", u."AllowedSections", u."CreatedAt", u."Email", u."FirstName", u."IsActive", u."IsDeleted", u."LastName", u."PasswordHash", u."ProfileImageUrl", u."RefreshToken", u."RefreshTokenExpiry", u."Role", u."UpdatedAt"
    FROM "Users" AS u
    WHERE NOT (u."IsDeleted")
) AS u0 ON f0."AuthorId" = u0."Id"
LEFT JOIN (
    SELECT f1."Id", f1."AuthorId", f1."ChannelType", f1."Content", f1."CreatedAt", f1."EditedAt", f1."IsDeleted", f1."IsEdited", f1."IsRead", f1."ParentMessageId", f1."ReceiverId", f1."SenderId", f1."UpdatedAt"
    FROM "ForumMessages" AS f1
    WHERE NOT (f1."IsDeleted")
) AS f2 ON f0."Id" = f2."ParentMessageId"
ORDER BY f0."CreatedAt" DESC, f0."Id", u0."Id"
2026-04-29 23:49:44.595 +05:30 [INF] Executed DbCommand (3ms) [Parameters=[], CommandType='"Text"', CommandTimeout='300']
SELECT count(*)::int
FROM "ForumMessages" AS f
WHERE NOT (f."IsDeleted") AND f."ChannelType" = 1 AND f."ParentMessageId" IS NULL
2026-04-29 23:49:44.596 +05:30 [INF] Executing OkObjectResult, writing value of type '<>f__AnonymousType2`2[[System.Collections.Generic.List`1[[TradingJournal.Application.DTOs.Forum.ForumMessageDto, TradingJournal.Application, Version=1.0.0.0, Culture=neutral, PublicKeyToken=null]], System.Private.CoreLib, Version=10.0.0.0, Culture=neutral, PublicKeyToken=7cec85d7bea7798e],[System.Int32, System.Private.CoreLib, Version=10.0.0.0, Culture=neutral, PublicKeyToken=7cec85d7bea7798e]]'.
2026-04-29 23:49:44.596 +05:30 [INF] Executed action TradingJournal.API.Controllers.ForumController.GetPublicMessages (TradingJournal.API) in 136.7073ms
2026-04-29 23:49:44.596 +05:30 [INF] Executed endpoint 'TradingJournal.API.Controllers.ForumController.GetPublicMessages (TradingJournal.API)'
2026-04-29 23:49:44.596 +05:30 [INF] HTTP GET /api/forum/public responded 200 in 138.3952 ms
2026-04-29 23:49:44.597 +05:30 [INF] Request finished HTTP/1.1 GET http://localhost:5283/api/forum/public?page=1&pageSize=50 - 200 null application/json; charset=utf-8 138.7792ms
2026-04-29 23:49:45.424 +05:30 [INF] Request starting HTTP/1.1 OPTIONS http://localhost:5283/api/forum/users - null null
2026-04-29 23:49:45.429 +05:30 [INF] CORS policy execution successful.
2026-04-29 23:49:45.429 +05:30 [INF] HTTP OPTIONS /api/forum/users responded 204 in 0.2554 ms
2026-04-29 23:49:45.429 +05:30 [INF] Request finished HTTP/1.1 OPTIONS http://localhost:5283/api/forum/users - 204 null null 5.2307ms
2026-04-29 23:49:45.434 +05:30 [INF] Request starting HTTP/1.1 GET http://localhost:5283/api/forum/users - null null
2026-04-29 23:49:45.435 +05:30 [INF] CORS policy execution successful.
2026-04-29 23:49:45.435 +05:30 [INF] Executing endpoint 'TradingJournal.API.Controllers.ForumController.GetUsersForChat (TradingJournal.API)'
2026-04-29 23:49:45.435 +05:30 [INF] Route matched with {action = "GetUsersForChat", controller = "Forum"}. Executing controller action with signature System.Threading.Tasks.Task`1[Microsoft.AspNetCore.Mvc.IActionResult] GetUsersForChat(TradingJournal.Infrastructure.Data.ApplicationDbContext) on controller TradingJournal.API.Controllers.ForumController (TradingJournal.API).
2026-04-29 23:49:45.541 +05:30 [INF] Executed DbCommand (3ms) [Parameters=[@currentUserId='?' (DbType = Guid)], CommandType='"Text"', CommandTimeout='300']
SELECT u."Id", u."FirstName" || ' ' || u."LastName" AS "Name", u."Email"
FROM "Users" AS u
WHERE NOT (u."IsDeleted") AND u."Id" <> @currentUserId AND NOT (u."IsDeleted")
2026-04-29 23:49:45.543 +05:30 [INF] Executing OkObjectResult, writing value of type 'System.Collections.Generic.List`1[[<>f__AnonymousType3`3[[System.Guid, System.Private.CoreLib, Version=10.0.0.0, Culture=neutral, PublicKeyToken=7cec85d7bea7798e],[System.String, System.Private.CoreLib, Version=10.0.0.0, Culture=neutral, PublicKeyToken=7cec85d7bea7798e],[System.String, System.Private.CoreLib, Version=10.0.0.0, Culture=neutral, PublicKeyToken=7cec85d7bea7798e]], TradingJournal.API, Version=1.0.0.0, Culture=neutral, PublicKeyToken=null]]'.
2026-04-29 23:49:45.543 +05:30 [INF] Executed action TradingJournal.API.Controllers.ForumController.GetUsersForChat (TradingJournal.API) in 107.7014ms
2026-04-29 23:49:45.543 +05:30 [INF] Executed endpoint 'TradingJournal.API.Controllers.ForumController.GetUsersForChat (TradingJournal.API)'
2026-04-29 23:49:45.543 +05:30 [INF] HTTP GET /api/forum/users responded 200 in 108.7895 ms
2026-04-29 23:49:45.543 +05:30 [INF] Request finished HTTP/1.1 GET http://localhost:5283/api/forum/users - 200 null application/json; charset=utf-8 109.4104ms
2026-04-29 23:49:47.577 +05:30 [INF] Request starting HTTP/1.1 OPTIONS http://localhost:5283/api/forum/dm/read/95870ccb-6248-4140-95c9-f85b1e77a34b - null null
2026-04-29 23:49:47.577 +05:30 [INF] CORS policy execution successful.
2026-04-29 23:49:47.577 +05:30 [INF] HTTP OPTIONS /api/forum/dm/read/95870ccb-6248-4140-95c9-f85b1e77a34b responded 204 in 0.1088 ms
2026-04-29 23:49:47.577 +05:30 [INF] Request finished HTTP/1.1 OPTIONS http://localhost:5283/api/forum/dm/read/95870ccb-6248-4140-95c9-f85b1e77a34b - 204 null null 0.3781ms
2026-04-29 23:49:47.578 +05:30 [INF] Request starting HTTP/1.1 OPTIONS http://localhost:5283/api/forum/dm/95870ccb-6248-4140-95c9-f85b1e77a34b - null null
2026-04-29 23:49:47.578 +05:30 [INF] CORS policy execution successful.
2026-04-29 23:49:47.578 +05:30 [INF] HTTP OPTIONS /api/forum/dm/95870ccb-6248-4140-95c9-f85b1e77a34b responded 204 in 0.0747 ms
2026-04-29 23:49:47.578 +05:30 [INF] Request finished HTTP/1.1 OPTIONS http://localhost:5283/api/forum/dm/95870ccb-6248-4140-95c9-f85b1e77a34b - 204 null null 0.248ms
2026-04-29 23:49:47.581 +05:30 [INF] Request starting HTTP/1.1 PUT http://localhost:5283/api/forum/dm/read/95870ccb-6248-4140-95c9-f85b1e77a34b - application/json 2
2026-04-29 23:49:47.581 +05:30 [INF] CORS policy execution successful.
2026-04-29 23:49:47.582 +05:30 [INF] Executing endpoint 'TradingJournal.API.Controllers.ForumController.MarkAsRead (TradingJournal.API)'
2026-04-29 23:49:47.582 +05:30 [INF] Route matched with {action = "MarkAsRead", controller = "Forum"}. Executing controller action with signature System.Threading.Tasks.Task`1[Microsoft.AspNetCore.Mvc.IActionResult] MarkAsRead(System.Guid) on controller TradingJournal.API.Controllers.ForumController (TradingJournal.API).
2026-04-29 23:49:47.582 +05:30 [INF] Request starting HTTP/1.1 GET http://localhost:5283/api/forum/dm/95870ccb-6248-4140-95c9-f85b1e77a34b - null null
2026-04-29 23:49:47.583 +05:30 [INF] CORS policy execution successful.
2026-04-29 23:49:47.583 +05:30 [INF] Executing endpoint 'TradingJournal.API.Controllers.ForumController.GetDirectMessages (TradingJournal.API)'
2026-04-29 23:49:47.583 +05:30 [INF] Route matched with {action = "GetDirectMessages", controller = "Forum"}. Executing controller action with signature System.Threading.Tasks.Task`1[Microsoft.AspNetCore.Mvc.IActionResult] GetDirectMessages(System.Guid) on controller TradingJournal.API.Controllers.ForumController (TradingJournal.API).
2026-04-29 23:49:47.683 +05:30 [INF] Executed DbCommand (4ms) [Parameters=[@senderId='?' (DbType = Guid), @receiverId='?' (DbType = Guid)], CommandType='"Text"', CommandTimeout='300']
SELECT f."Id", f."AuthorId", f."ChannelType", f."Content", f."CreatedAt", f."EditedAt", f."IsDeleted", f."IsEdited", f."IsRead", f."ParentMessageId", f."ReceiverId", f."SenderId", f."UpdatedAt"
FROM "ForumMessages" AS f
WHERE NOT (f."IsDeleted") AND f."ChannelType" = 2 AND f."SenderId" = @senderId AND f."ReceiverId" = @receiverId AND NOT (f."IsRead")
2026-04-29 23:49:47.685 +05:30 [INF] Executing StatusCodeResult, setting HTTP status code 204
2026-04-29 23:49:47.685 +05:30 [INF] Executed action TradingJournal.API.Controllers.ForumController.MarkAsRead (TradingJournal.API) in 103.3017ms
2026-04-29 23:49:47.685 +05:30 [INF] Executed endpoint 'TradingJournal.API.Controllers.ForumController.MarkAsRead (TradingJournal.API)'
2026-04-29 23:49:47.685 +05:30 [INF] HTTP PUT /api/forum/dm/read/95870ccb-6248-4140-95c9-f85b1e77a34b responded 204 in 104.1477 ms
2026-04-29 23:49:47.686 +05:30 [INF] Request finished HTTP/1.1 PUT http://localhost:5283/api/forum/dm/read/95870ccb-6248-4140-95c9-f85b1e77a34b - 204 null null 104.8039ms
2026-04-29 23:49:47.696 +05:30 [INF] Executed DbCommand (6ms) [Parameters=[@userId='?' (DbType = Guid), @otherUserId='?' (DbType = Guid)], CommandType='"Text"', CommandTimeout='300']
SELECT f."Id", f."AuthorId", f."ChannelType", f."Content", f."CreatedAt", f."EditedAt", f."IsDeleted", f."IsEdited", f."IsRead", f."ParentMessageId", f."ReceiverId", f."SenderId", f."UpdatedAt", u0."Id", u0."AccountBalance", u0."AllowedSections", u0."CreatedAt", u0."Email", u0."FirstName", u0."IsActive", u0."IsDeleted", u0."LastName", u0."PasswordHash", u0."ProfileImageUrl", u0."RefreshToken", u0."RefreshTokenExpiry", u0."Role", u0."UpdatedAt"
FROM "ForumMessages" AS f
INNER JOIN (
    SELECT u."Id", u."AccountBalance", u."AllowedSections", u."CreatedAt", u."Email", u."FirstName", u."IsActive", u."IsDeleted", u."LastName", u."PasswordHash", u."ProfileImageUrl", u."RefreshToken", u."RefreshTokenExpiry", u."Role", u."UpdatedAt"
    FROM "Users" AS u
    WHERE NOT (u."IsDeleted")
) AS u0 ON f."AuthorId" = u0."Id"
WHERE NOT (f."IsDeleted") AND f."ChannelType" = 2 AND ((f."SenderId" = @userId AND f."ReceiverId" = @otherUserId) OR (f."SenderId" = @otherUserId AND f."ReceiverId" = @userId))
ORDER BY f."CreatedAt"
2026-04-29 23:49:47.699 +05:30 [INF] Executing OkObjectResult, writing value of type 'System.Collections.Generic.List`1[[TradingJournal.Application.DTOs.Forum.DirectMessageDto, TradingJournal.Application, Version=1.0.0.0, Culture=neutral, PublicKeyToken=null]]'.
2026-04-29 23:49:47.699 +05:30 [INF] Executed action TradingJournal.API.Controllers.ForumController.GetDirectMessages (TradingJournal.API) in 116.089ms
2026-04-29 23:49:47.699 +05:30 [INF] Executed endpoint 'TradingJournal.API.Controllers.ForumController.GetDirectMessages (TradingJournal.API)'
2026-04-29 23:49:47.699 +05:30 [INF] HTTP GET /api/forum/dm/95870ccb-6248-4140-95c9-f85b1e77a34b responded 200 in 116.8466 ms
2026-04-29 23:49:47.699 +05:30 [INF] Request finished HTTP/1.1 GET http://localhost:5283/api/forum/dm/95870ccb-6248-4140-95c9-f85b1e77a34b - 200 null application/json; charset=utf-8 117.1212ms
2026-04-29 23:50:26.721 +05:30 [INF] Request starting HTTP/1.1 OPTIONS http://localhost:5283/api/forum/dm - null null
2026-04-29 23:50:26.722 +05:30 [INF] CORS policy execution successful.
2026-04-29 23:50:26.722 +05:30 [INF] HTTP OPTIONS /api/forum/dm responded 204 in 0.2417 ms
2026-04-29 23:50:26.722 +05:30 [INF] Request finished HTTP/1.1 OPTIONS http://localhost:5283/api/forum/dm - 204 null null 0.7627ms
2026-04-29 23:50:26.726 +05:30 [INF] Request starting HTTP/1.1 POST http://localhost:5283/api/forum/dm - application/json 104
2026-04-29 23:50:26.726 +05:30 [INF] CORS policy execution successful.
2026-04-29 23:50:26.726 +05:30 [INF] Executing endpoint 'TradingJournal.API.Controllers.ForumController.SendDirectMessage (TradingJournal.API)'
2026-04-29 23:50:26.735 +05:30 [INF] Route matched with {action = "SendDirectMessage", controller = "Forum"}. Executing controller action with signature System.Threading.Tasks.Task`1[Microsoft.AspNetCore.Mvc.IActionResult] SendDirectMessage(TradingJournal.Application.DTOs.Forum.CreateForumMessageDto) on controller TradingJournal.API.Controllers.ForumController (TradingJournal.API).
2026-04-29 23:50:26.883 +05:30 [INF] Executed DbCommand (9ms) [Parameters=[@p0='?' (DbType = Guid), @p1='?' (DbType = Guid), @p2='?' (DbType = Int32), @p3='?', @p4='?' (DbType = DateTime), @p5='?' (DbType = DateTime), @p6='?' (DbType = Boolean), @p7='?' (DbType = Boolean), @p8='?' (DbType = Boolean), @p9='?' (DbType = Guid), @p10='?' (DbType = Guid), @p11='?' (DbType = Guid), @p12='?' (DbType = DateTime)], CommandType='"Text"', CommandTimeout='300']
INSERT INTO "ForumMessages" ("Id", "AuthorId", "ChannelType", "Content", "CreatedAt", "EditedAt", "IsDeleted", "IsEdited", "IsRead", "ParentMessageId", "ReceiverId", "SenderId", "UpdatedAt")
VALUES (@p0, @p1, @p2, @p3, @p4, @p5, @p6, @p7, @p8, @p9, @p10, @p11, @p12);
2026-04-29 23:50:26.949 +05:30 [INF] Executed DbCommand (1ms) [Parameters=[@p='?' (DbType = Guid)], CommandType='"Text"', CommandTimeout='300']
SELECT u."Id", u."AccountBalance", u."AllowedSections", u."CreatedAt", u."Email", u."FirstName", u."IsActive", u."IsDeleted", u."LastName", u."PasswordHash", u."ProfileImageUrl", u."RefreshToken", u."RefreshTokenExpiry", u."Role", u."UpdatedAt"
FROM "Users" AS u
WHERE NOT (u."IsDeleted") AND u."Id" = @p
LIMIT 1
2026-04-29 23:50:26.968 +05:30 [INF] Executing OkObjectResult, writing value of type 'TradingJournal.Application.DTOs.Forum.DirectMessageDto'.
2026-04-29 23:50:26.970 +05:30 [INF] Executed action TradingJournal.API.Controllers.ForumController.SendDirectMessage (TradingJournal.API) in 233.9868ms
2026-04-29 23:50:26.970 +05:30 [INF] Executed endpoint 'TradingJournal.API.Controllers.ForumController.SendDirectMessage (TradingJournal.API)'
2026-04-29 23:50:26.970 +05:30 [INF] HTTP POST /api/forum/dm responded 200 in 243.9574 ms
2026-04-29 23:50:26.970 +05:30 [INF] Request finished HTTP/1.1 POST http://localhost:5283/api/forum/dm - 200 null application/json; charset=utf-8 244.3801ms
2026-04-29 23:50:31.793 +05:30 [INF] Executed endpoint '/hubs/chat'
2026-04-29 23:50:31.794 +05:30 [INF] HTTP GET /hubs/chat responded 101 in 140726.4198 ms
2026-04-29 23:50:31.794 +05:30 [INF] Request finished HTTP/1.1 GET http://localhost:5283/hubs/chat?access_token=eyJhbGciOiJIUzI1NiIsInR5cCI6IkpXVCJ9.eyJzdWIiOiIwYTQ3ODA5Mi03MjUxLTRiMTEtYTc4NS0wNWVmYmY4YWQxZjYiLCJlbWFpbCI6ImFkbWluQHRyYWRpbmdqb3VybmFsLmNvbSIsImh0dHA6Ly9zY2hlbWFzLm1pY3Jvc29mdC5jb20vd3MvMjAwOC8wNi9pZGVudGl0eS9jbGFpbXMvcm9sZSI6IkFkbWluIiwiZmlyc3ROYW1lIjoiQWRtaW4iLCJsYXN0TmFtZSI6IlVzZXIiLCJqdGkiOiI4OGUwZDkzZS0wMWVmLTRhMWQtYTNiOS0yMjgyN2NmMzg0NDciLCJleHAiOjE3Nzc0OTAxMTMsImlzcyI6IlRyYWRpbmdKb3VybmFsQVBJIiwiYXVkIjoiVHJhZGluZ0pvdXJuYWxDbGllbnQifQ.Xlp-_wdEJRbhzHmYWWmhGZNSUiQ7hezlwaipWmFw0Jk&id=VSxIwSlC8-HsOwXTtfK5VA - 101 null null 140726.876ms
2026-04-29 23:50:41.372 +05:30 [INF] Request starting HTTP/1.1 OPTIONS http://localhost:5283/api/auth/login - null null
2026-04-29 23:50:41.372 +05:30 [INF] CORS policy execution successful.
2026-04-29 23:50:41.372 +05:30 [INF] HTTP OPTIONS /api/auth/login responded 204 in 0.0919 ms
2026-04-29 23:50:41.372 +05:30 [INF] Request finished HTTP/1.1 OPTIONS http://localhost:5283/api/auth/login - 204 null null 0.3862ms
2026-04-29 23:50:41.380 +05:30 [INF] Request starting HTTP/1.1 POST http://localhost:5283/api/auth/login - application/json 61
2026-04-29 23:50:41.380 +05:30 [INF] CORS policy execution successful.
2026-04-29 23:50:41.380 +05:30 [INF] Executing endpoint 'TradingJournal.API.Controllers.AuthController.Login (TradingJournal.API)'
2026-04-29 23:50:41.381 +05:30 [INF] Route matched with {action = "Login", controller = "Auth"}. Executing controller action with signature System.Threading.Tasks.Task`1[Microsoft.AspNetCore.Mvc.ActionResult`1[TradingJournal.Application.DTOs.Auth.AuthResponseDto]] Login(TradingJournal.Application.DTOs.Auth.LoginDto) on controller TradingJournal.API.Controllers.AuthController (TradingJournal.API).
2026-04-29 23:50:41.383 +05:30 [INF] Login attempt for email: trader@tradingjournal.com
2026-04-29 23:50:41.429 +05:30 [INF] Executed DbCommand (2ms) [Parameters=[@email='?'], CommandType='"Text"', CommandTimeout='300']
SELECT u."Id", u."AccountBalance", u."AllowedSections", u."CreatedAt", u."Email", u."FirstName", u."IsActive", u."IsDeleted", u."LastName", u."PasswordHash", u."ProfileImageUrl", u."RefreshToken", u."RefreshTokenExpiry", u."Role", u."UpdatedAt"
FROM "Users" AS u
WHERE NOT (u."IsDeleted") AND u."Email" = @email
LIMIT 1
2026-04-29 23:50:41.717 +05:30 [INF] Executed DbCommand (19ms) [Parameters=[@p14='?' (DbType = Guid), @p0='?' (DbType = Decimal), @p1='?' (DbType = Object), @p2='?' (DbType = DateTime), @p3='?', @p4='?', @p5='?' (DbType = Boolean), @p6='?' (DbType = Boolean), @p7='?', @p8='?', @p9='?', @p10='?', @p11='?' (DbType = DateTime), @p12='?' (DbType = Int32), @p13='?' (DbType = DateTime)], CommandType='"Text"', CommandTimeout='300']
UPDATE "Users" SET "AccountBalance" = @p0, "AllowedSections" = @p1, "CreatedAt" = @p2, "Email" = @p3, "FirstName" = @p4, "IsActive" = @p5, "IsDeleted" = @p6, "LastName" = @p7, "PasswordHash" = @p8, "ProfileImageUrl" = @p9, "RefreshToken" = @p10, "RefreshTokenExpiry" = @p11, "Role" = @p12, "UpdatedAt" = @p13
WHERE "Id" = @p14;
2026-04-29 23:50:41.719 +05:30 [INF] Successful login for email: trader@tradingjournal.com
2026-04-29 23:50:41.719 +05:30 [INF] Executing OkObjectResult, writing value of type 'TradingJournal.Application.DTOs.Auth.AuthResponseDto'.
2026-04-29 23:50:41.719 +05:30 [INF] Executed action TradingJournal.API.Controllers.AuthController.Login (TradingJournal.API) in 338.448ms
2026-04-29 23:50:41.719 +05:30 [INF] Executed endpoint 'TradingJournal.API.Controllers.AuthController.Login (TradingJournal.API)'
2026-04-29 23:50:41.719 +05:30 [INF] HTTP POST /api/auth/login responded 200 in 338.9960 ms
2026-04-29 23:50:41.719 +05:30 [INF] Request finished HTTP/1.1 POST http://localhost:5283/api/auth/login - 200 null application/json; charset=utf-8 339.4327ms
2026-04-29 23:50:41.855 +05:30 [INF] Request starting HTTP/1.1 OPTIONS http://localhost:5283/api/dashboard/summary - null null
2026-04-29 23:50:41.856 +05:30 [INF] CORS policy execution successful.
2026-04-29 23:50:41.856 +05:30 [INF] HTTP OPTIONS /api/dashboard/summary responded 204 in 0.1212 ms
2026-04-29 23:50:41.856 +05:30 [INF] Request finished HTTP/1.1 OPTIONS http://localhost:5283/api/dashboard/summary - 204 null null 0.3589ms
2026-04-29 23:50:41.865 +05:30 [INF] Request starting HTTP/1.1 GET http://localhost:5283/api/dashboard/summary - null null
2026-04-29 23:50:41.865 +05:30 [INF] CORS policy execution successful.
2026-04-29 23:50:41.866 +05:30 [INF] Executing endpoint 'TradingJournal.API.Controllers.DashboardController.GetSummary (TradingJournal.API)'
2026-04-29 23:50:41.866 +05:30 [INF] Route matched with {action = "GetSummary", controller = "Dashboard"}. Executing controller action with signature System.Threading.Tasks.Task`1[Microsoft.AspNetCore.Mvc.ActionResult`1[TradingJournal.Application.DTOs.Dashboard.DashboardSummaryDto]] GetSummary() on controller TradingJournal.API.Controllers.DashboardController (TradingJournal.API).
2026-04-29 23:50:41.866 +05:30 [INF] Fetching dashboard summary for user: "95870ccb-6248-4140-95c9-f85b1e77a34b"
2026-04-29 23:50:41.956 +05:30 [INF] Executed DbCommand (10ms) [Parameters=[@userId='?' (DbType = Guid)], CommandType='"Text"', CommandTimeout='300']
SELECT t."Id", t."CreatedAt", t."EntryPrice", t."ExitPrice", t."InstrumentId", t."IsDeleted", t."LotSize", t."Notes", t."ProfitLoss", t."Result", t."RiskPercentage", t."RiskRewardRatio", t."StopLoss", t."Tags", t."TakeProfit", t."TradeDate", t."TradeDurationMinutes", t."TradeType", t."TradingAccountId", t."UpdatedAt", t."UserId", i0."Id", i0."CreatedAt", i0."Description", i0."IsDeleted", i0."MaxLot", i0."Name", i0."Notes", i0."SafeLotSize", i0."Symbol", i0."UpdatedAt", i0."UserId", i0."VolatilityLevel"
FROM "Trades" AS t
INNER JOIN (
    SELECT i."Id", i."CreatedAt", i."Description", i."IsDeleted", i."MaxLot", i."Name", i."Notes", i."SafeLotSize", i."Symbol", i."UpdatedAt", i."UserId", i."VolatilityLevel"
    FROM "Instruments" AS i
    WHERE NOT (i."IsDeleted")
) AS i0 ON t."InstrumentId" = i0."Id"
WHERE NOT (t."IsDeleted") AND t."UserId" = @userId
ORDER BY t."TradeDate"
2026-04-29 23:50:42.176 +05:30 [INF] Executed DbCommand (4ms) [Parameters=[@userId='?' (DbType = Guid)], CommandType='"Text"', CommandTimeout='300']
SELECT t."Id", t."Balance", t."Broker", t."CreatedAt", t."Currency", t."DailyDrawdownLimitPct", t."Has5xLotRule", t."IsDefault", t."IsDeleted", t."IsPropFirm", t."MaxAllowedLotSize", t."MaxOverallLossPct", t."MaxRiskPerTradePctOfDailyLimit", t."Name", t."ProfitSplitPct", t."ProfitTargetPct", t."UpdatedAt", t."UseDynamicEquity", t."UserId"
FROM "TradingAccounts" AS t
WHERE NOT (t."IsDeleted") AND t."UserId" = @userId AND t."IsDefault" AND NOT (t."IsDeleted")
LIMIT 1
2026-04-29 23:50:42.266 +05:30 [INF] Executed DbCommand (4ms) [Parameters=[@userId='?' (DbType = Guid)], CommandType='"Text"', CommandTimeout='300']
SELECT a."Id", a."CreatedAt", a."DailyLossLimit", a."Email", a."EmailAlertEnabled", a."IsActive", a."IsDeleted", a."MaxDrawdownPercent", a."MaxTradesPerDay", a."UpdatedAt", a."UserId"
FROM "Alerts" AS a
WHERE a."UserId" = @userId
LIMIT 1
2026-04-29 23:50:42.358 +05:30 [INF] Executed DbCommand (2ms) [Parameters=[@userId='?' (DbType = Guid)], CommandType='"Text"', CommandTimeout='300']
SELECT i."Id", i."CreatedAt", i."Description", i."IsDeleted", i."MaxLot", i."Name", i."Notes", i."SafeLotSize", i."Symbol", i."UpdatedAt", i."UserId", i."VolatilityLevel"
FROM "Instruments" AS i
WHERE NOT (i."IsDeleted") AND i."UserId" = @userId
2026-04-29 23:50:42.367 +05:30 [INF] Executing OkObjectResult, writing value of type 'TradingJournal.Application.DTOs.Dashboard.DashboardSummaryDto'.
2026-04-29 23:50:42.371 +05:30 [INF] Executed action TradingJournal.API.Controllers.DashboardController.GetSummary (TradingJournal.API) in 504.5247ms
2026-04-29 23:50:42.371 +05:30 [INF] Executed endpoint 'TradingJournal.API.Controllers.DashboardController.GetSummary (TradingJournal.API)'
2026-04-29 23:50:42.371 +05:30 [INF] HTTP GET /api/dashboard/summary responded 200 in 505.8310 ms
2026-04-29 23:50:42.372 +05:30 [INF] Request finished HTTP/1.1 GET http://localhost:5283/api/dashboard/summary - 200 null application/json; charset=utf-8 506.3516ms
2026-04-29 23:50:48.554 +05:30 [INF] Request starting HTTP/1.1 OPTIONS http://localhost:5283/api/instruments - null null
2026-04-29 23:50:48.554 +05:30 [INF] CORS policy execution successful.
2026-04-29 23:50:48.554 +05:30 [INF] HTTP OPTIONS /api/instruments responded 204 in 0.0911 ms
2026-04-29 23:50:48.554 +05:30 [INF] Request finished HTTP/1.1 OPTIONS http://localhost:5283/api/instruments - 204 null null 0.3532ms
2026-04-29 23:50:48.559 +05:30 [INF] Request starting HTTP/1.1 GET http://localhost:5283/api/instruments - null null
2026-04-29 23:50:48.559 +05:30 [INF] CORS policy execution successful.
2026-04-29 23:50:48.560 +05:30 [INF] Executing endpoint 'TradingJournal.API.Controllers.InstrumentsController.GetAll (TradingJournal.API)'
2026-04-29 23:50:48.567 +05:30 [INF] Route matched with {action = "GetAll", controller = "Instruments"}. Executing controller action with signature System.Threading.Tasks.Task`1[Microsoft.AspNetCore.Mvc.ActionResult`1[System.Collections.Generic.List`1[TradingJournal.Application.DTOs.Instruments.InstrumentDto]]] GetAll() on controller TradingJournal.API.Controllers.InstrumentsController (TradingJournal.API).
2026-04-29 23:50:48.572 +05:30 [INF] Fetching all instruments for user: "95870ccb-6248-4140-95c9-f85b1e77a34b"
2026-04-29 23:50:48.619 +05:30 [INF] Executed DbCommand (2ms) [Parameters=[@userId='?' (DbType = Guid)], CommandType='"Text"', CommandTimeout='300']
SELECT i."Id", i."CreatedAt", i."Description", i."IsDeleted", i."MaxLot", i."Name", i."Notes", i."SafeLotSize", i."Symbol", i."UpdatedAt", i."UserId", i."VolatilityLevel"
FROM "Instruments" AS i
WHERE NOT (i."IsDeleted") AND i."UserId" = @userId
2026-04-29 23:50:48.671 +05:30 [INF] Executed DbCommand (3ms) [Parameters=[@userId='?' (DbType = Guid)], CommandType='"Text"', CommandTimeout='300']
SELECT t."Id", t."CreatedAt", t."EntryPrice", t."ExitPrice", t."InstrumentId", t."IsDeleted", t."LotSize", t."Notes", t."ProfitLoss", t."Result", t."RiskPercentage", t."RiskRewardRatio", t."StopLoss", t."Tags", t."TakeProfit", t."TradeDate", t."TradeDurationMinutes", t."TradeType", t."TradingAccountId", t."UpdatedAt", t."UserId", i0."Id", i0."CreatedAt", i0."Description", i0."IsDeleted", i0."MaxLot", i0."Name", i0."Notes", i0."SafeLotSize", i0."Symbol", i0."UpdatedAt", i0."UserId", i0."VolatilityLevel"
FROM "Trades" AS t
INNER JOIN (
    SELECT i."Id", i."CreatedAt", i."Description", i."IsDeleted", i."MaxLot", i."Name", i."Notes", i."SafeLotSize", i."Symbol", i."UpdatedAt", i."UserId", i."VolatilityLevel"
    FROM "Instruments" AS i
    WHERE NOT (i."IsDeleted")
) AS i0 ON t."InstrumentId" = i0."Id"
WHERE NOT (t."IsDeleted") AND t."UserId" = @userId
ORDER BY t."TradeDate"
2026-04-29 23:50:48.677 +05:30 [INF] Executing OkObjectResult, writing value of type 'System.Collections.Generic.List`1[[TradingJournal.Application.DTOs.Instruments.InstrumentDto, TradingJournal.Application, Version=1.0.0.0, Culture=neutral, PublicKeyToken=null]]'.
2026-04-29 23:50:48.682 +05:30 [INF] Executed action TradingJournal.API.Controllers.InstrumentsController.GetAll (TradingJournal.API) in 114.4458ms
2026-04-29 23:50:48.682 +05:30 [INF] Executed endpoint 'TradingJournal.API.Controllers.InstrumentsController.GetAll (TradingJournal.API)'
2026-04-29 23:50:48.682 +05:30 [INF] HTTP GET /api/instruments responded 200 in 122.8300 ms
2026-04-29 23:50:48.682 +05:30 [INF] Request finished HTTP/1.1 GET http://localhost:5283/api/instruments - 200 null application/json; charset=utf-8 123.1215ms
2026-04-29 23:50:49.572 +05:30 [INF] Request starting HTTP/1.1 OPTIONS http://localhost:5283/api/instruments - null null
2026-04-29 23:50:49.572 +05:30 [INF] CORS policy execution successful.
2026-04-29 23:50:49.572 +05:30 [INF] HTTP OPTIONS /api/instruments responded 204 in 0.0764 ms
2026-04-29 23:50:49.572 +05:30 [INF] Request finished HTTP/1.1 OPTIONS http://localhost:5283/api/instruments - 204 null null 0.3205ms
2026-04-29 23:50:49.572 +05:30 [INF] Request starting HTTP/1.1 OPTIONS http://localhost:5283/api/trades?page=1&pageSize=20 - null null
2026-04-29 23:50:49.572 +05:30 [INF] CORS policy execution successful.
2026-04-29 23:50:49.572 +05:30 [INF] HTTP OPTIONS /api/trades responded 204 in 0.0440 ms
2026-04-29 23:50:49.572 +05:30 [INF] Request finished HTTP/1.1 OPTIONS http://localhost:5283/api/trades?page=1&pageSize=20 - 204 null null 0.1803ms
2026-04-29 23:50:49.576 +05:30 [INF] Request starting HTTP/1.1 GET http://localhost:5283/api/instruments - null null
2026-04-29 23:50:49.576 +05:30 [INF] CORS policy execution successful.
2026-04-29 23:50:49.577 +05:30 [INF] Executing endpoint 'TradingJournal.API.Controllers.InstrumentsController.GetAll (TradingJournal.API)'
2026-04-29 23:50:49.577 +05:30 [INF] Route matched with {action = "GetAll", controller = "Instruments"}. Executing controller action with signature System.Threading.Tasks.Task`1[Microsoft.AspNetCore.Mvc.ActionResult`1[System.Collections.Generic.List`1[TradingJournal.Application.DTOs.Instruments.InstrumentDto]]] GetAll() on controller TradingJournal.API.Controllers.InstrumentsController (TradingJournal.API).
2026-04-29 23:50:49.577 +05:30 [INF] Request starting HTTP/1.1 GET http://localhost:5283/api/trades?page=1&pageSize=20 - null null
2026-04-29 23:50:49.577 +05:30 [INF] CORS policy execution successful.
2026-04-29 23:50:49.577 +05:30 [INF] Executing endpoint 'TradingJournal.API.Controllers.TradesController.GetAll (TradingJournal.API)'
2026-04-29 23:50:49.578 +05:30 [INF] Fetching all instruments for user: "95870ccb-6248-4140-95c9-f85b1e77a34b"
2026-04-29 23:50:49.599 +05:30 [INF] Route matched with {action = "GetAll", controller = "Trades"}. Executing controller action with signature System.Threading.Tasks.Task`1[Microsoft.AspNetCore.Mvc.ActionResult`1[TradingJournal.Application.DTOs.Trades.PagedTradesDto]] GetAll(TradingJournal.Application.DTOs.Trades.TradeFilterDto) on controller TradingJournal.API.Controllers.TradesController (TradingJournal.API).
2026-04-29 23:50:49.621 +05:30 [INF] Fetching trades for user: "95870ccb-6248-4140-95c9-f85b1e77a34b"
2026-04-29 23:50:49.662 +05:30 [INF] Executed DbCommand (2ms) [Parameters=[@userId='?' (DbType = Guid)], CommandType='"Text"', CommandTimeout='300']
SELECT i."Id", i."CreatedAt", i."Description", i."IsDeleted", i."MaxLot", i."Name", i."Notes", i."SafeLotSize", i."Symbol", i."UpdatedAt", i."UserId", i."VolatilityLevel"
FROM "Instruments" AS i
WHERE NOT (i."IsDeleted") AND i."UserId" = @userId
2026-04-29 23:50:49.723 +05:30 [INF] Executed DbCommand (6ms) [Parameters=[@userId='?' (DbType = Guid)], CommandType='"Text"', CommandTimeout='300']
SELECT count(*)::int
FROM "Trades" AS t
WHERE NOT (t."IsDeleted") AND t."UserId" = @userId
2026-04-29 23:50:49.743 +05:30 [INF] Executed DbCommand (5ms) [Parameters=[@userId='?' (DbType = Guid)], CommandType='"Text"', CommandTimeout='300']
SELECT t."Id", t."CreatedAt", t."EntryPrice", t."ExitPrice", t."InstrumentId", t."IsDeleted", t."LotSize", t."Notes", t."ProfitLoss", t."Result", t."RiskPercentage", t."RiskRewardRatio", t."StopLoss", t."Tags", t."TakeProfit", t."TradeDate", t."TradeDurationMinutes", t."TradeType", t."TradingAccountId", t."UpdatedAt", t."UserId", i0."Id", i0."CreatedAt", i0."Description", i0."IsDeleted", i0."MaxLot", i0."Name", i0."Notes", i0."SafeLotSize", i0."Symbol", i0."UpdatedAt", i0."UserId", i0."VolatilityLevel"
FROM "Trades" AS t
INNER JOIN (
    SELECT i."Id", i."CreatedAt", i."Description", i."IsDeleted", i."MaxLot", i."Name", i."Notes", i."SafeLotSize", i."Symbol", i."UpdatedAt", i."UserId", i."VolatilityLevel"
    FROM "Instruments" AS i
    WHERE NOT (i."IsDeleted")
) AS i0 ON t."InstrumentId" = i0."Id"
WHERE NOT (t."IsDeleted") AND t."UserId" = @userId
ORDER BY t."TradeDate"
2026-04-29 23:50:49.745 +05:30 [INF] Executing OkObjectResult, writing value of type 'System.Collections.Generic.List`1[[TradingJournal.Application.DTOs.Instruments.InstrumentDto, TradingJournal.Application, Version=1.0.0.0, Culture=neutral, PublicKeyToken=null]]'.
2026-04-29 23:50:49.745 +05:30 [INF] Executed action TradingJournal.API.Controllers.InstrumentsController.GetAll (TradingJournal.API) in 168.1717ms
2026-04-29 23:50:49.745 +05:30 [INF] Executed endpoint 'TradingJournal.API.Controllers.InstrumentsController.GetAll (TradingJournal.API)'
2026-04-29 23:50:49.745 +05:30 [INF] HTTP GET /api/instruments responded 200 in 168.9671 ms
2026-04-29 23:50:49.745 +05:30 [INF] Request finished HTTP/1.1 GET http://localhost:5283/api/instruments - 200 null application/json; charset=utf-8 169.3216ms
2026-04-29 23:50:49.814 +05:30 [INF] Executed DbCommand (4ms) [Parameters=[@userId='?' (DbType = Guid), @p2='?' (DbType = Int32), @p='?' (DbType = Int32)], CommandType='"Text"', CommandTimeout='300']
SELECT t0."Id", t0."CreatedAt", t0."EntryPrice", t0."ExitPrice", t0."InstrumentId", t0."IsDeleted", t0."LotSize", t0."Notes", t0."ProfitLoss", t0."Result", t0."RiskPercentage", t0."RiskRewardRatio", t0."StopLoss", t0."Tags", t0."TakeProfit", t0."TradeDate", t0."TradeDurationMinutes", t0."TradeType", t0."TradingAccountId", t0."UpdatedAt", t0."UserId", i0."Id", i0."CreatedAt", i0."Description", i0."IsDeleted", i0."MaxLot", i0."Name", i0."Notes", i0."SafeLotSize", i0."Symbol", i0."UpdatedAt", i0."UserId", i0."VolatilityLevel"
FROM (
    SELECT t."Id", t."CreatedAt", t."EntryPrice", t."ExitPrice", t."InstrumentId", t."IsDeleted", t."LotSize", t."Notes", t."ProfitLoss", t."Result", t."RiskPercentage", t."RiskRewardRatio", t."StopLoss", t."Tags", t."TakeProfit", t."TradeDate", t."TradeDurationMinutes", t."TradeType", t."TradingAccountId", t."UpdatedAt", t."UserId"
    FROM "Trades" AS t
    WHERE NOT (t."IsDeleted") AND t."UserId" = @userId
    ORDER BY t."TradeDate" DESC
    LIMIT @p2 OFFSET @p
) AS t0
INNER JOIN (
    SELECT i."Id", i."CreatedAt", i."Description", i."IsDeleted", i."MaxLot", i."Name", i."Notes", i."SafeLotSize", i."Symbol", i."UpdatedAt", i."UserId", i."VolatilityLevel"
    FROM "Instruments" AS i
    WHERE NOT (i."IsDeleted")
) AS i0 ON t0."InstrumentId" = i0."Id"
ORDER BY t0."TradeDate" DESC
2026-04-29 23:50:49.913 +05:30 [INF] Executed DbCommand (2ms) [Parameters=[@userId='?' (DbType = Guid)], CommandType='"Text"', CommandTimeout='300']
SELECT t."Id", t."Balance", t."Broker", t."CreatedAt", t."Currency", t."DailyDrawdownLimitPct", t."Has5xLotRule", t."IsDefault", t."IsDeleted", t."IsPropFirm", t."MaxAllowedLotSize", t."MaxOverallLossPct", t."MaxRiskPerTradePctOfDailyLimit", t."Name", t."ProfitSplitPct", t."ProfitTargetPct", t."UpdatedAt", t."UseDynamicEquity", t."UserId"
FROM "TradingAccounts" AS t
WHERE NOT (t."IsDeleted") AND t."UserId" = @userId AND NOT (t."IsDeleted")
ORDER BY t."IsDefault" DESC, t."CreatedAt" DESC
2026-04-29 23:50:49.919 +05:30 [INF] Executing OkObjectResult, writing value of type 'TradingJournal.Application.DTOs.Trades.PagedTradesDto'.
2026-04-29 23:50:49.927 +05:30 [INF] Executed action TradingJournal.API.Controllers.TradesController.GetAll (TradingJournal.API) in 327.3794ms
2026-04-29 23:50:49.927 +05:30 [INF] Executed endpoint 'TradingJournal.API.Controllers.TradesController.GetAll (TradingJournal.API)'
2026-04-29 23:50:49.927 +05:30 [INF] HTTP GET /api/trades responded 200 in 349.8944 ms
2026-04-29 23:50:49.927 +05:30 [INF] Request finished HTTP/1.1 GET http://localhost:5283/api/trades?page=1&pageSize=20 - 200 null application/json; charset=utf-8 350.1321ms
2026-04-29 23:50:50.587 +05:30 [INF] Request starting HTTP/1.1 OPTIONS http://localhost:5283/api/accounts - null null
2026-04-29 23:50:50.588 +05:30 [INF] CORS policy execution successful.
2026-04-29 23:50:50.588 +05:30 [INF] HTTP OPTIONS /api/accounts responded 204 in 0.1342 ms
2026-04-29 23:50:50.588 +05:30 [INF] Request finished HTTP/1.1 OPTIONS http://localhost:5283/api/accounts - 204 null null 0.5039ms
2026-04-29 23:50:50.593 +05:30 [INF] Request starting HTTP/1.1 GET http://localhost:5283/api/accounts - null null
2026-04-29 23:50:50.593 +05:30 [INF] CORS policy execution successful.
2026-04-29 23:50:50.596 +05:30 [INF] Executing endpoint 'TradingJournal.API.Controllers.TradingAccountController.GetAccounts (TradingJournal.API)'
2026-04-29 23:50:50.610 +05:30 [INF] Route matched with {action = "GetAccounts", controller = "TradingAccount"}. Executing controller action with signature System.Threading.Tasks.Task`1[Microsoft.AspNetCore.Mvc.ActionResult`1[System.Collections.Generic.List`1[TradingJournal.Application.DTOs.Accounts.TradingAccountDto]]] GetAccounts(System.Nullable`1[System.Guid]) on controller TradingJournal.API.Controllers.TradingAccountController (TradingJournal.API).
2026-04-29 23:50:50.613 +05:30 [INF] Getting trading accounts for user "95870ccb-6248-4140-95c9-f85b1e77a34b"
2026-04-29 23:50:50.695 +05:30 [INF] Executed DbCommand (2ms) [Parameters=[@userId='?' (DbType = Guid)], CommandType='"Text"', CommandTimeout='300']
SELECT t."Id", t."Balance", t."Broker", t."CreatedAt", t."Currency", t."DailyDrawdownLimitPct", t."Has5xLotRule", t."IsDefault", t."IsDeleted", t."IsPropFirm", t."MaxAllowedLotSize", t."MaxOverallLossPct", t."MaxRiskPerTradePctOfDailyLimit", t."Name", t."ProfitSplitPct", t."ProfitTargetPct", t."UpdatedAt", t."UseDynamicEquity", t."UserId"
FROM "TradingAccounts" AS t
WHERE NOT (t."IsDeleted") AND t."UserId" = @userId AND NOT (t."IsDeleted")
ORDER BY t."IsDefault" DESC, t."CreatedAt" DESC
2026-04-29 23:50:50.697 +05:30 [INF] Executing OkObjectResult, writing value of type 'System.Collections.Generic.List`1[[TradingJournal.Application.DTOs.Accounts.TradingAccountDto, TradingJournal.Application, Version=1.0.0.0, Culture=neutral, PublicKeyToken=null]]'.
2026-04-29 23:50:50.706 +05:30 [INF] Executed action TradingJournal.API.Controllers.TradingAccountController.GetAccounts (TradingJournal.API) in 96.3578ms
2026-04-29 23:50:50.706 +05:30 [INF] Executed endpoint 'TradingJournal.API.Controllers.TradingAccountController.GetAccounts (TradingJournal.API)'
2026-04-29 23:50:50.706 +05:30 [INF] HTTP GET /api/accounts responded 200 in 113.3846 ms
2026-04-29 23:50:50.707 +05:30 [INF] Request finished HTTP/1.1 GET http://localhost:5283/api/accounts - 200 null application/json; charset=utf-8 113.8558ms
2026-04-29 23:53:37.317 +05:30 [INF] Request starting HTTP/1.1 OPTIONS http://localhost:5283/api/auth/login - null null
2026-04-29 23:53:37.318 +05:30 [INF] CORS policy execution successful.
2026-04-29 23:53:37.318 +05:30 [INF] HTTP OPTIONS /api/auth/login responded 204 in 0.1454 ms
2026-04-29 23:53:37.318 +05:30 [INF] Request finished HTTP/1.1 OPTIONS http://localhost:5283/api/auth/login - 204 null null 0.5888ms
2026-04-29 23:53:37.322 +05:30 [INF] Request starting HTTP/1.1 POST http://localhost:5283/api/auth/login - application/json 59
2026-04-29 23:53:37.322 +05:30 [INF] CORS policy execution successful.
2026-04-29 23:53:37.322 +05:30 [INF] Executing endpoint 'TradingJournal.API.Controllers.AuthController.Login (TradingJournal.API)'
2026-04-29 23:53:37.322 +05:30 [INF] Route matched with {action = "Login", controller = "Auth"}. Executing controller action with signature System.Threading.Tasks.Task`1[Microsoft.AspNetCore.Mvc.ActionResult`1[TradingJournal.Application.DTOs.Auth.AuthResponseDto]] Login(TradingJournal.Application.DTOs.Auth.LoginDto) on controller TradingJournal.API.Controllers.AuthController (TradingJournal.API).
2026-04-29 23:53:37.327 +05:30 [INF] Login attempt for email: admin@tradingjournal.com
2026-04-29 23:53:37.372 +05:30 [INF] Executed DbCommand (2ms) [Parameters=[@email='?'], CommandType='"Text"', CommandTimeout='300']
SELECT u."Id", u."AccountBalance", u."AllowedSections", u."CreatedAt", u."Email", u."FirstName", u."IsActive", u."IsDeleted", u."LastName", u."PasswordHash", u."ProfileImageUrl", u."RefreshToken", u."RefreshTokenExpiry", u."Role", u."UpdatedAt"
FROM "Users" AS u
WHERE NOT (u."IsDeleted") AND u."Email" = @email
LIMIT 1
2026-04-29 23:53:37.550 +05:30 [INF] Executed DbCommand (2ms) [Parameters=[@p14='?' (DbType = Guid), @p0='?' (DbType = Decimal), @p1='?' (DbType = Object), @p2='?' (DbType = DateTime), @p3='?', @p4='?', @p5='?' (DbType = Boolean), @p6='?' (DbType = Boolean), @p7='?', @p8='?', @p9='?', @p10='?', @p11='?' (DbType = DateTime), @p12='?' (DbType = Int32), @p13='?' (DbType = DateTime)], CommandType='"Text"', CommandTimeout='300']
UPDATE "Users" SET "AccountBalance" = @p0, "AllowedSections" = @p1, "CreatedAt" = @p2, "Email" = @p3, "FirstName" = @p4, "IsActive" = @p5, "IsDeleted" = @p6, "LastName" = @p7, "PasswordHash" = @p8, "ProfileImageUrl" = @p9, "RefreshToken" = @p10, "RefreshTokenExpiry" = @p11, "Role" = @p12, "UpdatedAt" = @p13
WHERE "Id" = @p14;
2026-04-29 23:53:37.551 +05:30 [INF] Successful login for email: admin@tradingjournal.com
2026-04-29 23:53:37.551 +05:30 [INF] Executing OkObjectResult, writing value of type 'TradingJournal.Application.DTOs.Auth.AuthResponseDto'.
2026-04-29 23:53:37.552 +05:30 [INF] Executed action TradingJournal.API.Controllers.AuthController.Login (TradingJournal.API) in 228.98ms
2026-04-29 23:53:37.552 +05:30 [INF] Executed endpoint 'TradingJournal.API.Controllers.AuthController.Login (TradingJournal.API)'
2026-04-29 23:53:37.552 +05:30 [INF] HTTP POST /api/auth/login responded 200 in 229.4543 ms
2026-04-29 23:53:37.552 +05:30 [INF] Request finished HTTP/1.1 POST http://localhost:5283/api/auth/login - 200 null application/json; charset=utf-8 229.7923ms
2026-04-29 23:53:37.622 +05:30 [INF] Request starting HTTP/1.1 OPTIONS http://localhost:5283/api/dashboard/summary - null null
2026-04-29 23:53:37.623 +05:30 [INF] CORS policy execution successful.
2026-04-29 23:53:37.623 +05:30 [INF] HTTP OPTIONS /api/dashboard/summary responded 204 in 0.1073 ms
2026-04-29 23:53:37.623 +05:30 [INF] Request finished HTTP/1.1 OPTIONS http://localhost:5283/api/dashboard/summary - 204 null null 0.3626ms
2026-04-29 23:53:37.633 +05:30 [INF] Request starting HTTP/1.1 GET http://localhost:5283/api/dashboard/summary - null null
2026-04-29 23:53:37.634 +05:30 [INF] CORS policy execution successful.
2026-04-29 23:53:37.634 +05:30 [INF] Executing endpoint 'TradingJournal.API.Controllers.DashboardController.GetSummary (TradingJournal.API)'
2026-04-29 23:53:37.634 +05:30 [INF] Route matched with {action = "GetSummary", controller = "Dashboard"}. Executing controller action with signature System.Threading.Tasks.Task`1[Microsoft.AspNetCore.Mvc.ActionResult`1[TradingJournal.Application.DTOs.Dashboard.DashboardSummaryDto]] GetSummary() on controller TradingJournal.API.Controllers.DashboardController (TradingJournal.API).
2026-04-29 23:53:37.635 +05:30 [INF] Fetching dashboard summary for user: "0a478092-7251-4b11-a785-05efbf8ad1f6"
2026-04-29 23:53:37.708 +05:30 [INF] Executed DbCommand (7ms) [Parameters=[@userId='?' (DbType = Guid)], CommandType='"Text"', CommandTimeout='300']
SELECT t."Id", t."CreatedAt", t."EntryPrice", t."ExitPrice", t."InstrumentId", t."IsDeleted", t."LotSize", t."Notes", t."ProfitLoss", t."Result", t."RiskPercentage", t."RiskRewardRatio", t."StopLoss", t."Tags", t."TakeProfit", t."TradeDate", t."TradeDurationMinutes", t."TradeType", t."TradingAccountId", t."UpdatedAt", t."UserId", i0."Id", i0."CreatedAt", i0."Description", i0."IsDeleted", i0."MaxLot", i0."Name", i0."Notes", i0."SafeLotSize", i0."Symbol", i0."UpdatedAt", i0."UserId", i0."VolatilityLevel"
FROM "Trades" AS t
INNER JOIN (
    SELECT i."Id", i."CreatedAt", i."Description", i."IsDeleted", i."MaxLot", i."Name", i."Notes", i."SafeLotSize", i."Symbol", i."UpdatedAt", i."UserId", i."VolatilityLevel"
    FROM "Instruments" AS i
    WHERE NOT (i."IsDeleted")
) AS i0 ON t."InstrumentId" = i0."Id"
WHERE NOT (t."IsDeleted") AND t."UserId" = @userId
ORDER BY t."TradeDate"
2026-04-29 23:53:37.766 +05:30 [INF] Executed DbCommand (2ms) [Parameters=[@userId='?' (DbType = Guid)], CommandType='"Text"', CommandTimeout='300']
SELECT t."Id", t."Balance", t."Broker", t."CreatedAt", t."Currency", t."DailyDrawdownLimitPct", t."Has5xLotRule", t."IsDefault", t."IsDeleted", t."IsPropFirm", t."MaxAllowedLotSize", t."MaxOverallLossPct", t."MaxRiskPerTradePctOfDailyLimit", t."Name", t."ProfitSplitPct", t."ProfitTargetPct", t."UpdatedAt", t."UseDynamicEquity", t."UserId"
FROM "TradingAccounts" AS t
WHERE NOT (t."IsDeleted") AND t."UserId" = @userId AND t."IsDefault" AND NOT (t."IsDeleted")
LIMIT 1
2026-04-29 23:53:37.836 +05:30 [INF] Executed DbCommand (3ms) [Parameters=[@userId='?' (DbType = Guid)], CommandType='"Text"', CommandTimeout='300']
SELECT t."Id", t."Balance", t."Broker", t."CreatedAt", t."Currency", t."DailyDrawdownLimitPct", t."Has5xLotRule", t."IsDefault", t."IsDeleted", t."IsPropFirm", t."MaxAllowedLotSize", t."MaxOverallLossPct", t."MaxRiskPerTradePctOfDailyLimit", t."Name", t."ProfitSplitPct", t."ProfitTargetPct", t."UpdatedAt", t."UseDynamicEquity", t."UserId"
FROM "TradingAccounts" AS t
WHERE NOT (t."IsDeleted") AND t."UserId" = @userId AND NOT (t."IsDeleted")
ORDER BY t."CreatedAt" DESC
LIMIT 1
2026-04-29 23:53:37.897 +05:30 [INF] Executed DbCommand (1ms) [Parameters=[@userId='?' (DbType = Guid)], CommandType='"Text"', CommandTimeout='300']
SELECT a."Id", a."CreatedAt", a."DailyLossLimit", a."Email", a."EmailAlertEnabled", a."IsActive", a."IsDeleted", a."MaxDrawdownPercent", a."MaxTradesPerDay", a."UpdatedAt", a."UserId"
FROM "Alerts" AS a
WHERE a."UserId" = @userId
LIMIT 1
2026-04-29 23:53:37.956 +05:30 [INF] Executed DbCommand (2ms) [Parameters=[@userId='?' (DbType = Guid)], CommandType='"Text"', CommandTimeout='300']
SELECT i."Id", i."CreatedAt", i."Description", i."IsDeleted", i."MaxLot", i."Name", i."Notes", i."SafeLotSize", i."Symbol", i."UpdatedAt", i."UserId", i."VolatilityLevel"
FROM "Instruments" AS i
WHERE NOT (i."IsDeleted") AND i."UserId" = @userId
2026-04-29 23:53:37.957 +05:30 [INF] Executing OkObjectResult, writing value of type 'TradingJournal.Application.DTOs.Dashboard.DashboardSummaryDto'.
2026-04-29 23:53:37.957 +05:30 [INF] Executed action TradingJournal.API.Controllers.DashboardController.GetSummary (TradingJournal.API) in 322.9405ms
2026-04-29 23:53:37.958 +05:30 [INF] Executed endpoint 'TradingJournal.API.Controllers.DashboardController.GetSummary (TradingJournal.API)'
2026-04-29 23:53:37.958 +05:30 [INF] HTTP GET /api/dashboard/summary responded 200 in 323.9476 ms
2026-04-29 23:53:37.958 +05:30 [INF] Request finished HTTP/1.1 GET http://localhost:5283/api/dashboard/summary - 200 null application/json; charset=utf-8 324.2505ms
2026-04-29 23:53:41.591 +05:30 [INF] Request starting HTTP/1.1 OPTIONS http://localhost:5283/api/admin/users - null null
2026-04-29 23:53:41.591 +05:30 [INF] CORS policy execution successful.
2026-04-29 23:53:41.591 +05:30 [INF] HTTP OPTIONS /api/admin/users responded 204 in 0.1009 ms
2026-04-29 23:53:41.592 +05:30 [INF] Request finished HTTP/1.1 OPTIONS http://localhost:5283/api/admin/users - 204 null null 0.3282ms
2026-04-29 23:53:41.595 +05:30 [INF] Request starting HTTP/1.1 GET http://localhost:5283/api/admin/users - null null
2026-04-29 23:53:41.595 +05:30 [INF] CORS policy execution successful.
2026-04-29 23:53:41.596 +05:30 [INF] Executing endpoint 'TradingJournal.API.Controllers.AdminController.GetAllUsers (TradingJournal.API)'
2026-04-29 23:53:41.607 +05:30 [INF] Route matched with {action = "GetAllUsers", controller = "Admin"}. Executing controller action with signature System.Threading.Tasks.Task`1[Microsoft.AspNetCore.Mvc.ActionResult`1[System.Collections.Generic.List`1[TradingJournal.Application.DTOs.Auth.UserInfoDto]]] GetAllUsers() on controller TradingJournal.API.Controllers.AdminController (TradingJournal.API).
2026-04-29 23:53:41.609 +05:30 [INF] Admin fetching all users.
2026-04-29 23:53:41.665 +05:30 [INF] Executed DbCommand (1ms) [Parameters=[], CommandType='"Text"', CommandTimeout='300']
SELECT u."Id", u."AccountBalance", u."AllowedSections", u."CreatedAt", u."Email", u."FirstName", u."IsActive", u."IsDeleted", u."LastName", u."PasswordHash", u."ProfileImageUrl", u."RefreshToken", u."RefreshTokenExpiry", u."Role", u."UpdatedAt"
FROM "Users" AS u
WHERE NOT (u."IsDeleted")
2026-04-29 23:53:41.667 +05:30 [INF] Successfully fetched 2 users.
2026-04-29 23:53:41.667 +05:30 [INF] Executing OkObjectResult, writing value of type 'System.Collections.Generic.List`1[[TradingJournal.Application.DTOs.Auth.UserInfoDto, TradingJournal.Application, Version=1.0.0.0, Culture=neutral, PublicKeyToken=null]]'.
2026-04-29 23:53:41.668 +05:30 [INF] Executed action TradingJournal.API.Controllers.AdminController.GetAllUsers (TradingJournal.API) in 60.3036ms
2026-04-29 23:53:41.668 +05:30 [INF] Executed endpoint 'TradingJournal.API.Controllers.AdminController.GetAllUsers (TradingJournal.API)'
2026-04-29 23:53:41.668 +05:30 [INF] HTTP GET /api/admin/users responded 200 in 73.2416 ms
2026-04-29 23:53:41.668 +05:30 [INF] Request finished HTTP/1.1 GET http://localhost:5283/api/admin/users - 200 null application/json; charset=utf-8 73.4862ms
2026-04-29 23:53:52.132 +05:30 [INF] Request starting HTTP/1.1 OPTIONS http://localhost:5283/api/admin/users/95870ccb-6248-4140-95c9-f85b1e77a34b - null null
2026-04-29 23:53:52.133 +05:30 [INF] CORS policy execution successful.
2026-04-29 23:53:52.133 +05:30 [INF] HTTP OPTIONS /api/admin/users/95870ccb-6248-4140-95c9-f85b1e77a34b responded 204 in 0.1037 ms
2026-04-29 23:53:52.133 +05:30 [INF] Request finished HTTP/1.1 OPTIONS http://localhost:5283/api/admin/users/95870ccb-6248-4140-95c9-f85b1e77a34b - 204 null null 0.3548ms
2026-04-29 23:53:52.138 +05:30 [INF] Request starting HTTP/1.1 PUT http://localhost:5283/api/admin/users/95870ccb-6248-4140-95c9-f85b1e77a34b - application/json 185
2026-04-29 23:53:52.138 +05:30 [INF] CORS policy execution successful.
2026-04-29 23:53:52.139 +05:30 [INF] Executing endpoint 'TradingJournal.API.Controllers.AdminController.UpdateUser (TradingJournal.API)'
2026-04-29 23:53:52.148 +05:30 [INF] Route matched with {action = "UpdateUser", controller = "Admin"}. Executing controller action with signature System.Threading.Tasks.Task`1[Microsoft.AspNetCore.Mvc.ActionResult`1[TradingJournal.Application.DTOs.Auth.UserInfoDto]] UpdateUser(System.Guid, TradingJournal.Application.DTOs.Auth.AdminUpdateUserDto) on controller TradingJournal.API.Controllers.AdminController (TradingJournal.API).
2026-04-29 23:53:52.159 +05:30 [INF] Admin updating user: "95870ccb-6248-4140-95c9-f85b1e77a34b"
2026-04-29 23:53:52.211 +05:30 [INF] Executed DbCommand (1ms) [Parameters=[@p='?' (DbType = Guid)], CommandType='"Text"', CommandTimeout='300']
SELECT u."Id", u."AccountBalance", u."AllowedSections", u."CreatedAt", u."Email", u."FirstName", u."IsActive", u."IsDeleted", u."LastName", u."PasswordHash", u."ProfileImageUrl", u."RefreshToken", u."RefreshTokenExpiry", u."Role", u."UpdatedAt"
FROM "Users" AS u
WHERE NOT (u."IsDeleted") AND u."Id" = @p
LIMIT 1
2026-04-29 23:53:52.257 +05:30 [INF] Executed DbCommand (2ms) [Parameters=[@p14='?' (DbType = Guid), @p0='?' (DbType = Decimal), @p1='?' (DbType = Object), @p2='?' (DbType = DateTime), @p3='?', @p4='?', @p5='?' (DbType = Boolean), @p6='?' (DbType = Boolean), @p7='?', @p8='?', @p9='?', @p10='?', @p11='?' (DbType = DateTime), @p12='?' (DbType = Int32), @p13='?' (DbType = DateTime)], CommandType='"Text"', CommandTimeout='300']
UPDATE "Users" SET "AccountBalance" = @p0, "AllowedSections" = @p1, "CreatedAt" = @p2, "Email" = @p3, "FirstName" = @p4, "IsActive" = @p5, "IsDeleted" = @p6, "LastName" = @p7, "PasswordHash" = @p8, "ProfileImageUrl" = @p9, "RefreshToken" = @p10, "RefreshTokenExpiry" = @p11, "Role" = @p12, "UpdatedAt" = @p13
WHERE "Id" = @p14;
2026-04-29 23:53:52.258 +05:30 [INF] Executing OkObjectResult, writing value of type 'TradingJournal.Application.DTOs.Auth.UserInfoDto'.
2026-04-29 23:53:52.258 +05:30 [INF] Executed action TradingJournal.API.Controllers.AdminController.UpdateUser (TradingJournal.API) in 109.8518ms
2026-04-29 23:53:52.258 +05:30 [INF] Executed endpoint 'TradingJournal.API.Controllers.AdminController.UpdateUser (TradingJournal.API)'
2026-04-29 23:53:52.258 +05:30 [INF] HTTP PUT /api/admin/users/95870ccb-6248-4140-95c9-f85b1e77a34b responded 200 in 120.3477 ms
2026-04-29 23:53:52.259 +05:30 [INF] Request finished HTTP/1.1 PUT http://localhost:5283/api/admin/users/95870ccb-6248-4140-95c9-f85b1e77a34b - 200 null application/json; charset=utf-8 120.8019ms
2026-04-29 23:53:52.263 +05:30 [INF] Request starting HTTP/1.1 OPTIONS http://localhost:5283/api/admin/users - null null
2026-04-29 23:53:52.263 +05:30 [INF] CORS policy execution successful.
2026-04-29 23:53:52.263 +05:30 [INF] HTTP OPTIONS /api/admin/users responded 204 in 0.0829 ms
2026-04-29 23:53:52.263 +05:30 [INF] Request finished HTTP/1.1 OPTIONS http://localhost:5283/api/admin/users - 204 null null 0.2889ms
2026-04-29 23:53:52.266 +05:30 [INF] Request starting HTTP/1.1 GET http://localhost:5283/api/admin/users - null null
2026-04-29 23:53:52.266 +05:30 [INF] CORS policy execution successful.
2026-04-29 23:53:52.266 +05:30 [INF] Executing endpoint 'TradingJournal.API.Controllers.AdminController.GetAllUsers (TradingJournal.API)'
2026-04-29 23:53:52.266 +05:30 [INF] Route matched with {action = "GetAllUsers", controller = "Admin"}. Executing controller action with signature System.Threading.Tasks.Task`1[Microsoft.AspNetCore.Mvc.ActionResult`1[System.Collections.Generic.List`1[TradingJournal.Application.DTOs.Auth.UserInfoDto]]] GetAllUsers() on controller TradingJournal.API.Controllers.AdminController (TradingJournal.API).
2026-04-29 23:53:52.266 +05:30 [INF] Admin fetching all users.
2026-04-29 23:53:52.409 +05:30 [INF] Executed DbCommand (1ms) [Parameters=[], CommandType='"Text"', CommandTimeout='300']
SELECT u."Id", u."AccountBalance", u."AllowedSections", u."CreatedAt", u."Email", u."FirstName", u."IsActive", u."IsDeleted", u."LastName", u."PasswordHash", u."ProfileImageUrl", u."RefreshToken", u."RefreshTokenExpiry", u."Role", u."UpdatedAt"
FROM "Users" AS u
WHERE NOT (u."IsDeleted")
2026-04-29 23:53:52.409 +05:30 [INF] Successfully fetched 2 users.
2026-04-29 23:53:52.410 +05:30 [INF] Executing OkObjectResult, writing value of type 'System.Collections.Generic.List`1[[TradingJournal.Application.DTOs.Auth.UserInfoDto, TradingJournal.Application, Version=1.0.0.0, Culture=neutral, PublicKeyToken=null]]'.
2026-04-29 23:53:52.410 +05:30 [INF] Executed action TradingJournal.API.Controllers.AdminController.GetAllUsers (TradingJournal.API) in 143.4348ms
2026-04-29 23:53:52.410 +05:30 [INF] Executed endpoint 'TradingJournal.API.Controllers.AdminController.GetAllUsers (TradingJournal.API)'
2026-04-29 23:53:52.410 +05:30 [INF] HTTP GET /api/admin/users responded 200 in 144.1747 ms
2026-04-29 23:53:52.410 +05:30 [INF] Request finished HTTP/1.1 GET http://localhost:5283/api/admin/users - 200 null application/json; charset=utf-8 144.3809ms
2026-04-29 23:54:12.236 +05:30 [INF] Request starting HTTP/1.1 OPTIONS http://localhost:5283/api/auth/login - null null
2026-04-29 23:54:12.236 +05:30 [INF] CORS policy execution successful.
2026-04-29 23:54:12.236 +05:30 [INF] HTTP OPTIONS /api/auth/login responded 204 in 0.1371 ms
2026-04-29 23:54:12.236 +05:30 [INF] Request finished HTTP/1.1 OPTIONS http://localhost:5283/api/auth/login - 204 null null 0.519ms
2026-04-29 23:54:12.240 +05:30 [INF] Request starting HTTP/1.1 POST http://localhost:5283/api/auth/login - application/json 61
2026-04-29 23:54:12.241 +05:30 [INF] CORS policy execution successful.
2026-04-29 23:54:12.241 +05:30 [INF] Executing endpoint 'TradingJournal.API.Controllers.AuthController.Login (TradingJournal.API)'
2026-04-29 23:54:12.241 +05:30 [INF] Route matched with {action = "Login", controller = "Auth"}. Executing controller action with signature System.Threading.Tasks.Task`1[Microsoft.AspNetCore.Mvc.ActionResult`1[TradingJournal.Application.DTOs.Auth.AuthResponseDto]] Login(TradingJournal.Application.DTOs.Auth.LoginDto) on controller TradingJournal.API.Controllers.AuthController (TradingJournal.API).
2026-04-29 23:54:12.241 +05:30 [INF] Login attempt for email: trader@tradingjournal.com
2026-04-29 23:54:12.293 +05:30 [INF] Executed DbCommand (2ms) [Parameters=[@email='?'], CommandType='"Text"', CommandTimeout='300']
SELECT u."Id", u."AccountBalance", u."AllowedSections", u."CreatedAt", u."Email", u."FirstName", u."IsActive", u."IsDeleted", u."LastName", u."PasswordHash", u."ProfileImageUrl", u."RefreshToken", u."RefreshTokenExpiry", u."Role", u."UpdatedAt"
FROM "Users" AS u
WHERE NOT (u."IsDeleted") AND u."Email" = @email
LIMIT 1
2026-04-29 23:54:12.496 +05:30 [INF] Executed DbCommand (3ms) [Parameters=[@p14='?' (DbType = Guid), @p0='?' (DbType = Decimal), @p1='?' (DbType = Object), @p2='?' (DbType = DateTime), @p3='?', @p4='?', @p5='?' (DbType = Boolean), @p6='?' (DbType = Boolean), @p7='?', @p8='?', @p9='?', @p10='?', @p11='?' (DbType = DateTime), @p12='?' (DbType = Int32), @p13='?' (DbType = DateTime)], CommandType='"Text"', CommandTimeout='300']
UPDATE "Users" SET "AccountBalance" = @p0, "AllowedSections" = @p1, "CreatedAt" = @p2, "Email" = @p3, "FirstName" = @p4, "IsActive" = @p5, "IsDeleted" = @p6, "LastName" = @p7, "PasswordHash" = @p8, "ProfileImageUrl" = @p9, "RefreshToken" = @p10, "RefreshTokenExpiry" = @p11, "Role" = @p12, "UpdatedAt" = @p13
WHERE "Id" = @p14;
2026-04-29 23:54:12.499 +05:30 [INF] Successful login for email: trader@tradingjournal.com
2026-04-29 23:54:12.499 +05:30 [INF] Executing OkObjectResult, writing value of type 'TradingJournal.Application.DTOs.Auth.AuthResponseDto'.
2026-04-29 23:54:12.499 +05:30 [INF] Executed action TradingJournal.API.Controllers.AuthController.Login (TradingJournal.API) in 258.0967ms
2026-04-29 23:54:12.499 +05:30 [INF] Executed endpoint 'TradingJournal.API.Controllers.AuthController.Login (TradingJournal.API)'
2026-04-29 23:54:12.499 +05:30 [INF] HTTP POST /api/auth/login responded 200 in 258.7997 ms
2026-04-29 23:54:12.500 +05:30 [INF] Request finished HTTP/1.1 POST http://localhost:5283/api/auth/login - 200 null application/json; charset=utf-8 259.4223ms
2026-04-29 23:54:12.573 +05:30 [INF] Request starting HTTP/1.1 OPTIONS http://localhost:5283/api/dashboard/summary - null null
2026-04-29 23:54:12.573 +05:30 [INF] CORS policy execution successful.
2026-04-29 23:54:12.573 +05:30 [INF] HTTP OPTIONS /api/dashboard/summary responded 204 in 0.0902 ms
2026-04-29 23:54:12.573 +05:30 [INF] Request finished HTTP/1.1 OPTIONS http://localhost:5283/api/dashboard/summary - 204 null null 0.3888ms
2026-04-29 23:54:12.576 +05:30 [INF] Request starting HTTP/1.1 GET http://localhost:5283/api/dashboard/summary - null null
2026-04-29 23:54:12.576 +05:30 [INF] CORS policy execution successful.
2026-04-29 23:54:12.577 +05:30 [INF] Executing endpoint 'TradingJournal.API.Controllers.DashboardController.GetSummary (TradingJournal.API)'
2026-04-29 23:54:12.578 +05:30 [INF] Route matched with {action = "GetSummary", controller = "Dashboard"}. Executing controller action with signature System.Threading.Tasks.Task`1[Microsoft.AspNetCore.Mvc.ActionResult`1[TradingJournal.Application.DTOs.Dashboard.DashboardSummaryDto]] GetSummary() on controller TradingJournal.API.Controllers.DashboardController (TradingJournal.API).
2026-04-29 23:54:12.578 +05:30 [INF] Fetching dashboard summary for user: "95870ccb-6248-4140-95c9-f85b1e77a34b"
2026-04-29 23:54:12.634 +05:30 [INF] Executed DbCommand (2ms) [Parameters=[@userId='?' (DbType = Guid)], CommandType='"Text"', CommandTimeout='300']
SELECT t."Id", t."CreatedAt", t."EntryPrice", t."ExitPrice", t."InstrumentId", t."IsDeleted", t."LotSize", t."Notes", t."ProfitLoss", t."Result", t."RiskPercentage", t."RiskRewardRatio", t."StopLoss", t."Tags", t."TakeProfit", t."TradeDate", t."TradeDurationMinutes", t."TradeType", t."TradingAccountId", t."UpdatedAt", t."UserId", i0."Id", i0."CreatedAt", i0."Description", i0."IsDeleted", i0."MaxLot", i0."Name", i0."Notes", i0."SafeLotSize", i0."Symbol", i0."UpdatedAt", i0."UserId", i0."VolatilityLevel"
FROM "Trades" AS t
INNER JOIN (
    SELECT i."Id", i."CreatedAt", i."Description", i."IsDeleted", i."MaxLot", i."Name", i."Notes", i."SafeLotSize", i."Symbol", i."UpdatedAt", i."UserId", i."VolatilityLevel"
    FROM "Instruments" AS i
    WHERE NOT (i."IsDeleted")
) AS i0 ON t."InstrumentId" = i0."Id"
WHERE NOT (t."IsDeleted") AND t."UserId" = @userId
ORDER BY t."TradeDate"
2026-04-29 23:54:12.689 +05:30 [INF] Executed DbCommand (4ms) [Parameters=[@userId='?' (DbType = Guid)], CommandType='"Text"', CommandTimeout='300']
SELECT t."Id", t."Balance", t."Broker", t."CreatedAt", t."Currency", t."DailyDrawdownLimitPct", t."Has5xLotRule", t."IsDefault", t."IsDeleted", t."IsPropFirm", t."MaxAllowedLotSize", t."MaxOverallLossPct", t."MaxRiskPerTradePctOfDailyLimit", t."Name", t."ProfitSplitPct", t."ProfitTargetPct", t."UpdatedAt", t."UseDynamicEquity", t."UserId"
FROM "TradingAccounts" AS t
WHERE NOT (t."IsDeleted") AND t."UserId" = @userId AND t."IsDefault" AND NOT (t."IsDeleted")
LIMIT 1
2026-04-29 23:54:12.743 +05:30 [INF] Executed DbCommand (1ms) [Parameters=[@userId='?' (DbType = Guid)], CommandType='"Text"', CommandTimeout='300']
SELECT a."Id", a."CreatedAt", a."DailyLossLimit", a."Email", a."EmailAlertEnabled", a."IsActive", a."IsDeleted", a."MaxDrawdownPercent", a."MaxTradesPerDay", a."UpdatedAt", a."UserId"
FROM "Alerts" AS a
WHERE a."UserId" = @userId
LIMIT 1
2026-04-29 23:54:12.800 +05:30 [INF] Executed DbCommand (2ms) [Parameters=[@userId='?' (DbType = Guid)], CommandType='"Text"', CommandTimeout='300']
SELECT i."Id", i."CreatedAt", i."Description", i."IsDeleted", i."MaxLot", i."Name", i."Notes", i."SafeLotSize", i."Symbol", i."UpdatedAt", i."UserId", i."VolatilityLevel"
FROM "Instruments" AS i
WHERE NOT (i."IsDeleted") AND i."UserId" = @userId
2026-04-29 23:54:12.802 +05:30 [INF] Executing OkObjectResult, writing value of type 'TradingJournal.Application.DTOs.Dashboard.DashboardSummaryDto'.
2026-04-29 23:54:12.802 +05:30 [INF] Executed action TradingJournal.API.Controllers.DashboardController.GetSummary (TradingJournal.API) in 224.6326ms
2026-04-29 23:54:12.803 +05:30 [INF] Executed endpoint 'TradingJournal.API.Controllers.DashboardController.GetSummary (TradingJournal.API)'
2026-04-29 23:54:12.803 +05:30 [INF] HTTP GET /api/dashboard/summary responded 200 in 226.1483 ms
2026-04-29 23:54:12.803 +05:30 [INF] Request finished HTTP/1.1 GET http://localhost:5283/api/dashboard/summary - 200 null application/json; charset=utf-8 226.472ms
2026-04-29 23:54:18.928 +05:30 [INF] Request starting HTTP/1.1 OPTIONS http://localhost:5283/hubs/chat/negotiate?access_token=eyJhbGciOiJIUzI1NiIsInR5cCI6IkpXVCJ9.eyJzdWIiOiI5NTg3MGNjYi02MjQ4LTQxNDAtOTVjOS1mODViMWU3N2EzNGIiLCJlbWFpbCI6InRyYWRlckB0cmFkaW5nam91cm5hbC5jb20iLCJodHRwOi8vc2NoZW1hcy5taWNyb3NvZnQuY29tL3dzLzIwMDgvMDYvaWRlbnRpdHkvY2xhaW1zL3JvbGUiOiJVc2VyIiwiZmlyc3ROYW1lIjoiTWl0ZXNoIiwibGFzdE5hbWUiOiJUcmFkZXIiLCJqdGkiOiJhNjYzODBkMy01ZGEyLTQxYTItOGJmNi0xZGNhN2ZlNGIyODAiLCJleHAiOjE3Nzc0OTA2NTIsImlzcyI6IlRyYWRpbmdKb3VybmFsQVBJIiwiYXVkIjoiVHJhZGluZ0pvdXJuYWxDbGllbnQifQ.KEnVN3WgP5Q3F8CvCu7Aa8x5ZfjFrdrSk7vu5agt77I&negotiateVersion=1 - null null
2026-04-29 23:54:18.928 +05:30 [INF] CORS policy execution successful.
2026-04-29 23:54:18.929 +05:30 [INF] HTTP OPTIONS /hubs/chat/negotiate responded 204 in 0.3990 ms
2026-04-29 23:54:18.929 +05:30 [INF] Request finished HTTP/1.1 OPTIONS http://localhost:5283/hubs/chat/negotiate?access_token=eyJhbGciOiJIUzI1NiIsInR5cCI6IkpXVCJ9.eyJzdWIiOiI5NTg3MGNjYi02MjQ4LTQxNDAtOTVjOS1mODViMWU3N2EzNGIiLCJlbWFpbCI6InRyYWRlckB0cmFkaW5nam91cm5hbC5jb20iLCJodHRwOi8vc2NoZW1hcy5taWNyb3NvZnQuY29tL3dzLzIwMDgvMDYvaWRlbnRpdHkvY2xhaW1zL3JvbGUiOiJVc2VyIiwiZmlyc3ROYW1lIjoiTWl0ZXNoIiwibGFzdE5hbWUiOiJUcmFkZXIiLCJqdGkiOiJhNjYzODBkMy01ZGEyLTQxYTItOGJmNi0xZGNhN2ZlNGIyODAiLCJleHAiOjE3Nzc0OTA2NTIsImlzcyI6IlRyYWRpbmdKb3VybmFsQVBJIiwiYXVkIjoiVHJhZGluZ0pvdXJuYWxDbGllbnQifQ.KEnVN3WgP5Q3F8CvCu7Aa8x5ZfjFrdrSk7vu5agt77I&negotiateVersion=1 - 204 null null 0.7712ms
2026-04-29 23:54:18.931 +05:30 [INF] Request starting HTTP/1.1 OPTIONS http://localhost:5283/api/forum/public?page=1&pageSize=50 - null null
2026-04-29 23:54:18.931 +05:30 [INF] CORS policy execution successful.
2026-04-29 23:54:18.931 +05:30 [INF] HTTP OPTIONS /api/forum/public responded 204 in 0.2847 ms
2026-04-29 23:54:18.931 +05:30 [INF] Request finished HTTP/1.1 OPTIONS http://localhost:5283/api/forum/public?page=1&pageSize=50 - 204 null null 0.7391ms
2026-04-29 23:54:18.936 +05:30 [INF] Request starting HTTP/1.1 POST http://localhost:5283/hubs/chat/negotiate?access_token=eyJhbGciOiJIUzI1NiIsInR5cCI6IkpXVCJ9.eyJzdWIiOiI5NTg3MGNjYi02MjQ4LTQxNDAtOTVjOS1mODViMWU3N2EzNGIiLCJlbWFpbCI6InRyYWRlckB0cmFkaW5nam91cm5hbC5jb20iLCJodHRwOi8vc2NoZW1hcy5taWNyb3NvZnQuY29tL3dzLzIwMDgvMDYvaWRlbnRpdHkvY2xhaW1zL3JvbGUiOiJVc2VyIiwiZmlyc3ROYW1lIjoiTWl0ZXNoIiwibGFzdE5hbWUiOiJUcmFkZXIiLCJqdGkiOiJhNjYzODBkMy01ZGEyLTQxYTItOGJmNi0xZGNhN2ZlNGIyODAiLCJleHAiOjE3Nzc0OTA2NTIsImlzcyI6IlRyYWRpbmdKb3VybmFsQVBJIiwiYXVkIjoiVHJhZGluZ0pvdXJuYWxDbGllbnQifQ.KEnVN3WgP5Q3F8CvCu7Aa8x5ZfjFrdrSk7vu5agt77I&negotiateVersion=1 - null 0
2026-04-29 23:54:18.937 +05:30 [INF] CORS policy execution successful.
2026-04-29 23:54:18.937 +05:30 [INF] Executing endpoint '/hubs/chat/negotiate'
2026-04-29 23:54:18.938 +05:30 [INF] Executed endpoint '/hubs/chat/negotiate'
2026-04-29 23:54:18.938 +05:30 [INF] HTTP POST /hubs/chat/negotiate responded 200 in 1.6602 ms
2026-04-29 23:54:18.938 +05:30 [INF] Request finished HTTP/1.1 POST http://localhost:5283/hubs/chat/negotiate?access_token=eyJhbGciOiJIUzI1NiIsInR5cCI6IkpXVCJ9.eyJzdWIiOiI5NTg3MGNjYi02MjQ4LTQxNDAtOTVjOS1mODViMWU3N2EzNGIiLCJlbWFpbCI6InRyYWRlckB0cmFkaW5nam91cm5hbC5jb20iLCJodHRwOi8vc2NoZW1hcy5taWNyb3NvZnQuY29tL3dzLzIwMDgvMDYvaWRlbnRpdHkvY2xhaW1zL3JvbGUiOiJVc2VyIiwiZmlyc3ROYW1lIjoiTWl0ZXNoIiwibGFzdE5hbWUiOiJUcmFkZXIiLCJqdGkiOiJhNjYzODBkMy01ZGEyLTQxYTItOGJmNi0xZGNhN2ZlNGIyODAiLCJleHAiOjE3Nzc0OTA2NTIsImlzcyI6IlRyYWRpbmdKb3VybmFsQVBJIiwiYXVkIjoiVHJhZGluZ0pvdXJuYWxDbGllbnQifQ.KEnVN3WgP5Q3F8CvCu7Aa8x5ZfjFrdrSk7vu5agt77I&negotiateVersion=1 - 200 316 application/json 2.0229ms
2026-04-29 23:54:18.952 +05:30 [INF] Request starting HTTP/1.1 GET http://localhost:5283/hubs/chat?access_token=eyJhbGciOiJIUzI1NiIsInR5cCI6IkpXVCJ9.eyJzdWIiOiI5NTg3MGNjYi02MjQ4LTQxNDAtOTVjOS1mODViMWU3N2EzNGIiLCJlbWFpbCI6InRyYWRlckB0cmFkaW5nam91cm5hbC5jb20iLCJodHRwOi8vc2NoZW1hcy5taWNyb3NvZnQuY29tL3dzLzIwMDgvMDYvaWRlbnRpdHkvY2xhaW1zL3JvbGUiOiJVc2VyIiwiZmlyc3ROYW1lIjoiTWl0ZXNoIiwibGFzdE5hbWUiOiJUcmFkZXIiLCJqdGkiOiJhNjYzODBkMy01ZGEyLTQxYTItOGJmNi0xZGNhN2ZlNGIyODAiLCJleHAiOjE3Nzc0OTA2NTIsImlzcyI6IlRyYWRpbmdKb3VybmFsQVBJIiwiYXVkIjoiVHJhZGluZ0pvdXJuYWxDbGllbnQifQ.KEnVN3WgP5Q3F8CvCu7Aa8x5ZfjFrdrSk7vu5agt77I&id=VGVZ9n9XCzPpo29s7EbeyQ - null null
2026-04-29 23:54:18.952 +05:30 [INF] CORS policy execution successful.
2026-04-29 23:54:18.953 +05:30 [INF] Executing endpoint '/hubs/chat'
2026-04-29 23:54:18.954 +05:30 [INF] Request starting HTTP/1.1 GET http://localhost:5283/api/forum/public?page=1&pageSize=50 - null null
2026-04-29 23:54:18.955 +05:30 [INF] CORS policy execution successful.
2026-04-29 23:54:18.956 +05:30 [INF] Executing endpoint 'TradingJournal.API.Controllers.ForumController.GetPublicMessages (TradingJournal.API)'
2026-04-29 23:54:18.956 +05:30 [INF] Route matched with {action = "GetPublicMessages", controller = "Forum"}. Executing controller action with signature System.Threading.Tasks.Task`1[Microsoft.AspNetCore.Mvc.IActionResult] GetPublicMessages(Int32, Int32) on controller TradingJournal.API.Controllers.ForumController (TradingJournal.API).
2026-04-29 23:54:19.027 +05:30 [INF] Executed DbCommand (3ms) [Parameters=[@p1='?' (DbType = Int32), @p='?' (DbType = Int32)], CommandType='"Text"', CommandTimeout='300']
SELECT f0."Id", f0."AuthorId", f0."ChannelType", f0."Content", f0."CreatedAt", f0."EditedAt", f0."IsDeleted", f0."IsEdited", f0."IsRead", f0."ParentMessageId", f0."ReceiverId", f0."SenderId", f0."UpdatedAt", u0."Id", u0."AccountBalance", u0."AllowedSections", u0."CreatedAt", u0."Email", u0."FirstName", u0."IsActive", u0."IsDeleted", u0."LastName", u0."PasswordHash", u0."ProfileImageUrl", u0."RefreshToken", u0."RefreshTokenExpiry", u0."Role", u0."UpdatedAt", f2."Id", f2."AuthorId", f2."ChannelType", f2."Content", f2."CreatedAt", f2."EditedAt", f2."IsDeleted", f2."IsEdited", f2."IsRead", f2."ParentMessageId", f2."ReceiverId", f2."SenderId", f2."UpdatedAt"
FROM (
    SELECT f."Id", f."AuthorId", f."ChannelType", f."Content", f."CreatedAt", f."EditedAt", f."IsDeleted", f."IsEdited", f."IsRead", f."ParentMessageId", f."ReceiverId", f."SenderId", f."UpdatedAt"
    FROM "ForumMessages" AS f
    WHERE NOT (f."IsDeleted") AND f."ChannelType" = 1 AND f."ParentMessageId" IS NULL
    ORDER BY f."CreatedAt" DESC
    LIMIT @p1 OFFSET @p
) AS f0
INNER JOIN (
    SELECT u."Id", u."AccountBalance", u."AllowedSections", u."CreatedAt", u."Email", u."FirstName", u."IsActive", u."IsDeleted", u."LastName", u."PasswordHash", u."ProfileImageUrl", u."RefreshToken", u."RefreshTokenExpiry", u."Role", u."UpdatedAt"
    FROM "Users" AS u
    WHERE NOT (u."IsDeleted")
) AS u0 ON f0."AuthorId" = u0."Id"
LEFT JOIN (
    SELECT f1."Id", f1."AuthorId", f1."ChannelType", f1."Content", f1."CreatedAt", f1."EditedAt", f1."IsDeleted", f1."IsEdited", f1."IsRead", f1."ParentMessageId", f1."ReceiverId", f1."SenderId", f1."UpdatedAt"
    FROM "ForumMessages" AS f1
    WHERE NOT (f1."IsDeleted")
) AS f2 ON f0."Id" = f2."ParentMessageId"
ORDER BY f0."CreatedAt" DESC, f0."Id", u0."Id"
2026-04-29 23:54:19.078 +05:30 [INF] Executed DbCommand (2ms) [Parameters=[], CommandType='"Text"', CommandTimeout='300']
SELECT count(*)::int
FROM "ForumMessages" AS f
WHERE NOT (f."IsDeleted") AND f."ChannelType" = 1 AND f."ParentMessageId" IS NULL
2026-04-29 23:54:19.078 +05:30 [INF] Executing OkObjectResult, writing value of type '<>f__AnonymousType2`2[[System.Collections.Generic.List`1[[TradingJournal.Application.DTOs.Forum.ForumMessageDto, TradingJournal.Application, Version=1.0.0.0, Culture=neutral, PublicKeyToken=null]], System.Private.CoreLib, Version=10.0.0.0, Culture=neutral, PublicKeyToken=7cec85d7bea7798e],[System.Int32, System.Private.CoreLib, Version=10.0.0.0, Culture=neutral, PublicKeyToken=7cec85d7bea7798e]]'.
2026-04-29 23:54:19.079 +05:30 [INF] Executed action TradingJournal.API.Controllers.ForumController.GetPublicMessages (TradingJournal.API) in 122.4947ms
2026-04-29 23:54:19.079 +05:30 [INF] Executed endpoint 'TradingJournal.API.Controllers.ForumController.GetPublicMessages (TradingJournal.API)'
2026-04-29 23:54:19.079 +05:30 [INF] HTTP GET /api/forum/public responded 200 in 123.8162 ms
2026-04-29 23:54:19.079 +05:30 [INF] Request finished HTTP/1.1 GET http://localhost:5283/api/forum/public?page=1&pageSize=50 - 200 null application/json; charset=utf-8 124.2814ms
2026-04-29 23:54:21.010 +05:30 [INF] Request starting HTTP/1.1 OPTIONS http://localhost:5283/api/forum/users - null null
2026-04-29 23:54:21.010 +05:30 [INF] CORS policy execution successful.
2026-04-29 23:54:21.010 +05:30 [INF] HTTP OPTIONS /api/forum/users responded 204 in 0.0659 ms
2026-04-29 23:54:21.010 +05:30 [INF] Request finished HTTP/1.1 OPTIONS http://localhost:5283/api/forum/users - 204 null null 0.3021ms
2026-04-29 23:54:21.013 +05:30 [INF] Request starting HTTP/1.1 GET http://localhost:5283/api/forum/users - null null
2026-04-29 23:54:21.014 +05:30 [INF] CORS policy execution successful.
2026-04-29 23:54:21.014 +05:30 [INF] Executing endpoint 'TradingJournal.API.Controllers.ForumController.GetUsersForChat (TradingJournal.API)'
2026-04-29 23:54:21.014 +05:30 [INF] Route matched with {action = "GetUsersForChat", controller = "Forum"}. Executing controller action with signature System.Threading.Tasks.Task`1[Microsoft.AspNetCore.Mvc.IActionResult] GetUsersForChat(TradingJournal.Infrastructure.Data.ApplicationDbContext) on controller TradingJournal.API.Controllers.ForumController (TradingJournal.API).
2026-04-29 23:54:21.064 +05:30 [INF] Executed DbCommand (1ms) [Parameters=[@currentUserId='?' (DbType = Guid)], CommandType='"Text"', CommandTimeout='300']
SELECT u."Id", u."FirstName" || ' ' || u."LastName" AS "Name", u."Email"
FROM "Users" AS u
WHERE NOT (u."IsDeleted") AND u."Id" <> @currentUserId AND NOT (u."IsDeleted")
2026-04-29 23:54:21.064 +05:30 [INF] Executing OkObjectResult, writing value of type 'System.Collections.Generic.List`1[[<>f__AnonymousType3`3[[System.Guid, System.Private.CoreLib, Version=10.0.0.0, Culture=neutral, PublicKeyToken=7cec85d7bea7798e],[System.String, System.Private.CoreLib, Version=10.0.0.0, Culture=neutral, PublicKeyToken=7cec85d7bea7798e],[System.String, System.Private.CoreLib, Version=10.0.0.0, Culture=neutral, PublicKeyToken=7cec85d7bea7798e]], TradingJournal.API, Version=1.0.0.0, Culture=neutral, PublicKeyToken=null]]'.
2026-04-29 23:54:21.065 +05:30 [INF] Executed action TradingJournal.API.Controllers.ForumController.GetUsersForChat (TradingJournal.API) in 50.4577ms
2026-04-29 23:54:21.065 +05:30 [INF] Executed endpoint 'TradingJournal.API.Controllers.ForumController.GetUsersForChat (TradingJournal.API)'
2026-04-29 23:54:21.065 +05:30 [INF] HTTP GET /api/forum/users responded 200 in 50.9901 ms
2026-04-29 23:54:21.065 +05:30 [INF] Request finished HTTP/1.1 GET http://localhost:5283/api/forum/users - 200 null application/json; charset=utf-8 51.2529ms
2026-04-29 23:54:22.373 +05:30 [INF] Request starting HTTP/1.1 OPTIONS http://localhost:5283/api/forum/dm/read/0a478092-7251-4b11-a785-05efbf8ad1f6 - null null
2026-04-29 23:54:22.373 +05:30 [INF] CORS policy execution successful.
2026-04-29 23:54:22.373 +05:30 [INF] HTTP OPTIONS /api/forum/dm/read/0a478092-7251-4b11-a785-05efbf8ad1f6 responded 204 in 0.0683 ms
2026-04-29 23:54:22.373 +05:30 [INF] Request finished HTTP/1.1 OPTIONS http://localhost:5283/api/forum/dm/read/0a478092-7251-4b11-a785-05efbf8ad1f6 - 204 null null 0.3042ms
2026-04-29 23:54:22.373 +05:30 [INF] Request starting HTTP/1.1 OPTIONS http://localhost:5283/api/forum/dm/0a478092-7251-4b11-a785-05efbf8ad1f6 - null null
2026-04-29 23:54:22.373 +05:30 [INF] CORS policy execution successful.
2026-04-29 23:54:22.374 +05:30 [INF] HTTP OPTIONS /api/forum/dm/0a478092-7251-4b11-a785-05efbf8ad1f6 responded 204 in 0.1047 ms
2026-04-29 23:54:22.374 +05:30 [INF] Request finished HTTP/1.1 OPTIONS http://localhost:5283/api/forum/dm/0a478092-7251-4b11-a785-05efbf8ad1f6 - 204 null null 0.3002ms
2026-04-29 23:54:22.376 +05:30 [INF] Request starting HTTP/1.1 PUT http://localhost:5283/api/forum/dm/read/0a478092-7251-4b11-a785-05efbf8ad1f6 - application/json 2
2026-04-29 23:54:22.376 +05:30 [INF] CORS policy execution successful.
2026-04-29 23:54:22.376 +05:30 [INF] Executing endpoint 'TradingJournal.API.Controllers.ForumController.MarkAsRead (TradingJournal.API)'
2026-04-29 23:54:22.376 +05:30 [INF] Request starting HTTP/1.1 GET http://localhost:5283/api/forum/dm/0a478092-7251-4b11-a785-05efbf8ad1f6 - null null
2026-04-29 23:54:22.376 +05:30 [INF] Route matched with {action = "MarkAsRead", controller = "Forum"}. Executing controller action with signature System.Threading.Tasks.Task`1[Microsoft.AspNetCore.Mvc.IActionResult] MarkAsRead(System.Guid) on controller TradingJournal.API.Controllers.ForumController (TradingJournal.API).
2026-04-29 23:54:22.376 +05:30 [INF] CORS policy execution successful.
2026-04-29 23:54:22.377 +05:30 [INF] Executing endpoint 'TradingJournal.API.Controllers.ForumController.GetDirectMessages (TradingJournal.API)'
2026-04-29 23:54:22.377 +05:30 [INF] Route matched with {action = "GetDirectMessages", controller = "Forum"}. Executing controller action with signature System.Threading.Tasks.Task`1[Microsoft.AspNetCore.Mvc.IActionResult] GetDirectMessages(System.Guid) on controller TradingJournal.API.Controllers.ForumController (TradingJournal.API).
2026-04-29 23:54:22.442 +05:30 [INF] Executed DbCommand (2ms) [Parameters=[@senderId='?' (DbType = Guid), @receiverId='?' (DbType = Guid)], CommandType='"Text"', CommandTimeout='300']
SELECT f."Id", f."AuthorId", f."ChannelType", f."Content", f."CreatedAt", f."EditedAt", f."IsDeleted", f."IsEdited", f."IsRead", f."ParentMessageId", f."ReceiverId", f."SenderId", f."UpdatedAt"
FROM "ForumMessages" AS f
WHERE NOT (f."IsDeleted") AND f."ChannelType" = 2 AND f."SenderId" = @senderId AND f."ReceiverId" = @receiverId AND NOT (f."IsRead")
2026-04-29 23:54:22.442 +05:30 [INF] Executed DbCommand (4ms) [Parameters=[@userId='?' (DbType = Guid), @otherUserId='?' (DbType = Guid)], CommandType='"Text"', CommandTimeout='300']
SELECT f."Id", f."AuthorId", f."ChannelType", f."Content", f."CreatedAt", f."EditedAt", f."IsDeleted", f."IsEdited", f."IsRead", f."ParentMessageId", f."ReceiverId", f."SenderId", f."UpdatedAt", u0."Id", u0."AccountBalance", u0."AllowedSections", u0."CreatedAt", u0."Email", u0."FirstName", u0."IsActive", u0."IsDeleted", u0."LastName", u0."PasswordHash", u0."ProfileImageUrl", u0."RefreshToken", u0."RefreshTokenExpiry", u0."Role", u0."UpdatedAt"
FROM "ForumMessages" AS f
INNER JOIN (
    SELECT u."Id", u."AccountBalance", u."AllowedSections", u."CreatedAt", u."Email", u."FirstName", u."IsActive", u."IsDeleted", u."LastName", u."PasswordHash", u."ProfileImageUrl", u."RefreshToken", u."RefreshTokenExpiry", u."Role", u."UpdatedAt"
    FROM "Users" AS u
    WHERE NOT (u."IsDeleted")
) AS u0 ON f."AuthorId" = u0."Id"
WHERE NOT (f."IsDeleted") AND f."ChannelType" = 2 AND ((f."SenderId" = @userId AND f."ReceiverId" = @otherUserId) OR (f."SenderId" = @otherUserId AND f."ReceiverId" = @userId))
ORDER BY f."CreatedAt"
2026-04-29 23:54:22.445 +05:30 [INF] Executing OkObjectResult, writing value of type 'System.Collections.Generic.List`1[[TradingJournal.Application.DTOs.Forum.DirectMessageDto, TradingJournal.Application, Version=1.0.0.0, Culture=neutral, PublicKeyToken=null]]'.
2026-04-29 23:54:22.445 +05:30 [INF] Executed action TradingJournal.API.Controllers.ForumController.GetDirectMessages (TradingJournal.API) in 68.0623ms
2026-04-29 23:54:22.445 +05:30 [INF] Executed endpoint 'TradingJournal.API.Controllers.ForumController.GetDirectMessages (TradingJournal.API)'
2026-04-29 23:54:22.445 +05:30 [INF] HTTP GET /api/forum/dm/0a478092-7251-4b11-a785-05efbf8ad1f6 responded 200 in 68.5705 ms
2026-04-29 23:54:22.445 +05:30 [INF] Request finished HTTP/1.1 GET http://localhost:5283/api/forum/dm/0a478092-7251-4b11-a785-05efbf8ad1f6 - 200 null application/json; charset=utf-8 68.8017ms
2026-04-29 23:54:22.493 +05:30 [INF] Executed DbCommand (3ms) [Parameters=[@p1='?' (DbType = Guid), @p0='?' (DbType = Boolean)], CommandType='"Text"', CommandTimeout='300']
UPDATE "ForumMessages" SET "IsRead" = @p0
WHERE "Id" = @p1;
2026-04-29 23:54:22.494 +05:30 [INF] Executing StatusCodeResult, setting HTTP status code 204
2026-04-29 23:54:22.494 +05:30 [INF] Executed action TradingJournal.API.Controllers.ForumController.MarkAsRead (TradingJournal.API) in 117.4381ms
2026-04-29 23:54:22.494 +05:30 [INF] Executed endpoint 'TradingJournal.API.Controllers.ForumController.MarkAsRead (TradingJournal.API)'
2026-04-29 23:54:22.494 +05:30 [INF] HTTP PUT /api/forum/dm/read/0a478092-7251-4b11-a785-05efbf8ad1f6 responded 204 in 117.9474 ms
2026-04-29 23:54:22.494 +05:30 [INF] Request finished HTTP/1.1 PUT http://localhost:5283/api/forum/dm/read/0a478092-7251-4b11-a785-05efbf8ad1f6 - 204 null null 118.2124ms
2026-04-29 23:54:25.705 +05:30 [INF] Request starting HTTP/1.1 OPTIONS http://localhost:5283/api/forum/public?page=1&pageSize=50 - null null
2026-04-29 23:54:25.705 +05:30 [INF] CORS policy execution successful.
2026-04-29 23:54:25.705 +05:30 [INF] HTTP OPTIONS /api/forum/public responded 204 in 0.0767 ms
2026-04-29 23:54:25.705 +05:30 [INF] Request finished HTTP/1.1 OPTIONS http://localhost:5283/api/forum/public?page=1&pageSize=50 - 204 null null 0.3ms
2026-04-29 23:54:25.708 +05:30 [INF] Request starting HTTP/1.1 GET http://localhost:5283/api/forum/public?page=1&pageSize=50 - null null
2026-04-29 23:54:25.708 +05:30 [INF] CORS policy execution successful.
2026-04-29 23:54:25.708 +05:30 [INF] Executing endpoint 'TradingJournal.API.Controllers.ForumController.GetPublicMessages (TradingJournal.API)'
2026-04-29 23:54:25.709 +05:30 [INF] Route matched with {action = "GetPublicMessages", controller = "Forum"}. Executing controller action with signature System.Threading.Tasks.Task`1[Microsoft.AspNetCore.Mvc.IActionResult] GetPublicMessages(Int32, Int32) on controller TradingJournal.API.Controllers.ForumController (TradingJournal.API).
2026-04-29 23:54:25.757 +05:30 [INF] Executed DbCommand (3ms) [Parameters=[@p1='?' (DbType = Int32), @p='?' (DbType = Int32)], CommandType='"Text"', CommandTimeout='300']
SELECT f0."Id", f0."AuthorId", f0."ChannelType", f0."Content", f0."CreatedAt", f0."EditedAt", f0."IsDeleted", f0."IsEdited", f0."IsRead", f0."ParentMessageId", f0."ReceiverId", f0."SenderId", f0."UpdatedAt", u0."Id", u0."AccountBalance", u0."AllowedSections", u0."CreatedAt", u0."Email", u0."FirstName", u0."IsActive", u0."IsDeleted", u0."LastName", u0."PasswordHash", u0."ProfileImageUrl", u0."RefreshToken", u0."RefreshTokenExpiry", u0."Role", u0."UpdatedAt", f2."Id", f2."AuthorId", f2."ChannelType", f2."Content", f2."CreatedAt", f2."EditedAt", f2."IsDeleted", f2."IsEdited", f2."IsRead", f2."ParentMessageId", f2."ReceiverId", f2."SenderId", f2."UpdatedAt"
FROM (
    SELECT f."Id", f."AuthorId", f."ChannelType", f."Content", f."CreatedAt", f."EditedAt", f."IsDeleted", f."IsEdited", f."IsRead", f."ParentMessageId", f."ReceiverId", f."SenderId", f."UpdatedAt"
    FROM "ForumMessages" AS f
    WHERE NOT (f."IsDeleted") AND f."ChannelType" = 1 AND f."ParentMessageId" IS NULL
    ORDER BY f."CreatedAt" DESC
    LIMIT @p1 OFFSET @p
) AS f0
INNER JOIN (
    SELECT u."Id", u."AccountBalance", u."AllowedSections", u."CreatedAt", u."Email", u."FirstName", u."IsActive", u."IsDeleted", u."LastName", u."PasswordHash", u."ProfileImageUrl", u."RefreshToken", u."RefreshTokenExpiry", u."Role", u."UpdatedAt"
    FROM "Users" AS u
    WHERE NOT (u."IsDeleted")
) AS u0 ON f0."AuthorId" = u0."Id"
LEFT JOIN (
    SELECT f1."Id", f1."AuthorId", f1."ChannelType", f1."Content", f1."CreatedAt", f1."EditedAt", f1."IsDeleted", f1."IsEdited", f1."IsRead", f1."ParentMessageId", f1."ReceiverId", f1."SenderId", f1."UpdatedAt"
    FROM "ForumMessages" AS f1
    WHERE NOT (f1."IsDeleted")
) AS f2 ON f0."Id" = f2."ParentMessageId"
ORDER BY f0."CreatedAt" DESC, f0."Id", u0."Id"
2026-04-29 23:54:25.800 +05:30 [INF] Executed DbCommand (2ms) [Parameters=[], CommandType='"Text"', CommandTimeout='300']
SELECT count(*)::int
FROM "ForumMessages" AS f
WHERE NOT (f."IsDeleted") AND f."ChannelType" = 1 AND f."ParentMessageId" IS NULL
2026-04-29 23:54:25.801 +05:30 [INF] Executing OkObjectResult, writing value of type '<>f__AnonymousType2`2[[System.Collections.Generic.List`1[[TradingJournal.Application.DTOs.Forum.ForumMessageDto, TradingJournal.Application, Version=1.0.0.0, Culture=neutral, PublicKeyToken=null]], System.Private.CoreLib, Version=10.0.0.0, Culture=neutral, PublicKeyToken=7cec85d7bea7798e],[System.Int32, System.Private.CoreLib, Version=10.0.0.0, Culture=neutral, PublicKeyToken=7cec85d7bea7798e]]'.
2026-04-29 23:54:25.801 +05:30 [INF] Executed action TradingJournal.API.Controllers.ForumController.GetPublicMessages (TradingJournal.API) in 92.5262ms
2026-04-29 23:54:25.801 +05:30 [INF] Executed endpoint 'TradingJournal.API.Controllers.ForumController.GetPublicMessages (TradingJournal.API)'
2026-04-29 23:54:25.801 +05:30 [INF] HTTP GET /api/forum/public responded 200 in 93.1215 ms
2026-04-29 23:54:25.802 +05:30 [INF] Request finished HTTP/1.1 GET http://localhost:5283/api/forum/public?page=1&pageSize=50 - 200 null application/json; charset=utf-8 93.4474ms
2026-04-29 23:54:26.588 +05:30 [INF] Request starting HTTP/1.1 OPTIONS http://localhost:5283/api/announcements?page=1&pageSize=50 - null null
2026-04-29 23:54:26.588 +05:30 [INF] CORS policy execution successful.
2026-04-29 23:54:26.588 +05:30 [INF] HTTP OPTIONS /api/announcements responded 204 in 0.0835 ms
2026-04-29 23:54:26.588 +05:30 [INF] Request finished HTTP/1.1 OPTIONS http://localhost:5283/api/announcements?page=1&pageSize=50 - 204 null null 0.3043ms
2026-04-29 23:54:26.591 +05:30 [INF] Request starting HTTP/1.1 GET http://localhost:5283/api/announcements?page=1&pageSize=50 - null null
2026-04-29 23:54:26.591 +05:30 [INF] CORS policy execution successful.
2026-04-29 23:54:26.591 +05:30 [INF] Executing endpoint 'TradingJournal.API.Controllers.AnnouncementsController.GetAll (TradingJournal.API)'
2026-04-29 23:54:26.591 +05:30 [INF] Route matched with {action = "GetAll", controller = "Announcements"}. Executing controller action with signature System.Threading.Tasks.Task`1[Microsoft.AspNetCore.Mvc.IActionResult] GetAll(Int32, Int32) on controller TradingJournal.API.Controllers.AnnouncementsController (TradingJournal.API).
2026-04-29 23:54:26.638 +05:30 [INF] Executed DbCommand (3ms) [Parameters=[@p1='?' (DbType = Int32), @p='?' (DbType = Int32)], CommandType='"Text"', CommandTimeout='300']
SELECT a0."Id", a0."AdminId", a0."Content", a0."CreatedAt", a0."IsDeleted", a0."Priority", a0."Title", a0."UpdatedAt", u0."Id", u0."AccountBalance", u0."AllowedSections", u0."CreatedAt", u0."Email", u0."FirstName", u0."IsActive", u0."IsDeleted", u0."LastName", u0."PasswordHash", u0."ProfileImageUrl", u0."RefreshToken", u0."RefreshTokenExpiry", u0."Role", u0."UpdatedAt"
FROM (
    SELECT a."Id", a."AdminId", a."Content", a."CreatedAt", a."IsDeleted", a."Priority", a."Title", a."UpdatedAt"
    FROM "Announcements" AS a
    WHERE NOT (a."IsDeleted")
    ORDER BY a."CreatedAt" DESC
    LIMIT @p1 OFFSET @p
) AS a0
INNER JOIN (
    SELECT u."Id", u."AccountBalance", u."AllowedSections", u."CreatedAt", u."Email", u."FirstName", u."IsActive", u."IsDeleted", u."LastName", u."PasswordHash", u."ProfileImageUrl", u."RefreshToken", u."RefreshTokenExpiry", u."Role", u."UpdatedAt"
    FROM "Users" AS u
    WHERE NOT (u."IsDeleted")
) AS u0 ON a0."AdminId" = u0."Id"
ORDER BY a0."CreatedAt" DESC
2026-04-29 23:54:26.679 +05:30 [INF] Executed DbCommand (1ms) [Parameters=[], CommandType='"Text"', CommandTimeout='300']
SELECT count(*)::int
FROM "Announcements" AS a
WHERE NOT (a."IsDeleted")
2026-04-29 23:54:26.679 +05:30 [INF] Executing OkObjectResult, writing value of type '<>f__AnonymousType1`2[[System.Collections.Generic.List`1[[TradingJournal.Application.DTOs.Forum.AnnouncementDto, TradingJournal.Application, Version=1.0.0.0, Culture=neutral, PublicKeyToken=null]], System.Private.CoreLib, Version=10.0.0.0, Culture=neutral, PublicKeyToken=7cec85d7bea7798e],[System.Int32, System.Private.CoreLib, Version=10.0.0.0, Culture=neutral, PublicKeyToken=7cec85d7bea7798e]]'.
2026-04-29 23:54:26.680 +05:30 [INF] Executed action TradingJournal.API.Controllers.AnnouncementsController.GetAll (TradingJournal.API) in 88.4461ms
2026-04-29 23:54:26.680 +05:30 [INF] Executed endpoint 'TradingJournal.API.Controllers.AnnouncementsController.GetAll (TradingJournal.API)'
2026-04-29 23:54:26.680 +05:30 [INF] HTTP GET /api/announcements responded 200 in 88.9050 ms
2026-04-29 23:54:26.680 +05:30 [INF] Request finished HTTP/1.1 GET http://localhost:5283/api/announcements?page=1&pageSize=50 - 200 null application/json; charset=utf-8 89.1429ms
2026-04-29 23:54:27.688 +05:30 [INF] Request starting HTTP/1.1 GET http://localhost:5283/api/forum/public?page=1&pageSize=50 - null null
2026-04-29 23:54:27.689 +05:30 [INF] CORS policy execution successful.
2026-04-29 23:54:27.689 +05:30 [INF] Executing endpoint 'TradingJournal.API.Controllers.ForumController.GetPublicMessages (TradingJournal.API)'
2026-04-29 23:54:27.689 +05:30 [INF] Route matched with {action = "GetPublicMessages", controller = "Forum"}. Executing controller action with signature System.Threading.Tasks.Task`1[Microsoft.AspNetCore.Mvc.IActionResult] GetPublicMessages(Int32, Int32) on controller TradingJournal.API.Controllers.ForumController (TradingJournal.API).
2026-04-29 23:54:27.741 +05:30 [INF] Executed DbCommand (3ms) [Parameters=[@p1='?' (DbType = Int32), @p='?' (DbType = Int32)], CommandType='"Text"', CommandTimeout='300']
SELECT f0."Id", f0."AuthorId", f0."ChannelType", f0."Content", f0."CreatedAt", f0."EditedAt", f0."IsDeleted", f0."IsEdited", f0."IsRead", f0."ParentMessageId", f0."ReceiverId", f0."SenderId", f0."UpdatedAt", u0."Id", u0."AccountBalance", u0."AllowedSections", u0."CreatedAt", u0."Email", u0."FirstName", u0."IsActive", u0."IsDeleted", u0."LastName", u0."PasswordHash", u0."ProfileImageUrl", u0."RefreshToken", u0."RefreshTokenExpiry", u0."Role", u0."UpdatedAt", f2."Id", f2."AuthorId", f2."ChannelType", f2."Content", f2."CreatedAt", f2."EditedAt", f2."IsDeleted", f2."IsEdited", f2."IsRead", f2."ParentMessageId", f2."ReceiverId", f2."SenderId", f2."UpdatedAt"
FROM (
    SELECT f."Id", f."AuthorId", f."ChannelType", f."Content", f."CreatedAt", f."EditedAt", f."IsDeleted", f."IsEdited", f."IsRead", f."ParentMessageId", f."ReceiverId", f."SenderId", f."UpdatedAt"
    FROM "ForumMessages" AS f
    WHERE NOT (f."IsDeleted") AND f."ChannelType" = 1 AND f."ParentMessageId" IS NULL
    ORDER BY f."CreatedAt" DESC
    LIMIT @p1 OFFSET @p
) AS f0
INNER JOIN (
    SELECT u."Id", u."AccountBalance", u."AllowedSections", u."CreatedAt", u."Email", u."FirstName", u."IsActive", u."IsDeleted", u."LastName", u."PasswordHash", u."ProfileImageUrl", u."RefreshToken", u."RefreshTokenExpiry", u."Role", u."UpdatedAt"
    FROM "Users" AS u
    WHERE NOT (u."IsDeleted")
) AS u0 ON f0."AuthorId" = u0."Id"
LEFT JOIN (
    SELECT f1."Id", f1."AuthorId", f1."ChannelType", f1."Content", f1."CreatedAt", f1."EditedAt", f1."IsDeleted", f1."IsEdited", f1."IsRead", f1."ParentMessageId", f1."ReceiverId", f1."SenderId", f1."UpdatedAt"
    FROM "ForumMessages" AS f1
    WHERE NOT (f1."IsDeleted")
) AS f2 ON f0."Id" = f2."ParentMessageId"
ORDER BY f0."CreatedAt" DESC, f0."Id", u0."Id"
2026-04-29 23:54:27.784 +05:30 [INF] Executed DbCommand (2ms) [Parameters=[], CommandType='"Text"', CommandTimeout='300']
SELECT count(*)::int
FROM "ForumMessages" AS f
WHERE NOT (f."IsDeleted") AND f."ChannelType" = 1 AND f."ParentMessageId" IS NULL
2026-04-29 23:54:27.784 +05:30 [INF] Executing OkObjectResult, writing value of type '<>f__AnonymousType2`2[[System.Collections.Generic.List`1[[TradingJournal.Application.DTOs.Forum.ForumMessageDto, TradingJournal.Application, Version=1.0.0.0, Culture=neutral, PublicKeyToken=null]], System.Private.CoreLib, Version=10.0.0.0, Culture=neutral, PublicKeyToken=7cec85d7bea7798e],[System.Int32, System.Private.CoreLib, Version=10.0.0.0, Culture=neutral, PublicKeyToken=7cec85d7bea7798e]]'.
2026-04-29 23:54:27.785 +05:30 [INF] Executed action TradingJournal.API.Controllers.ForumController.GetPublicMessages (TradingJournal.API) in 95.6224ms
2026-04-29 23:54:27.785 +05:30 [INF] Executed endpoint 'TradingJournal.API.Controllers.ForumController.GetPublicMessages (TradingJournal.API)'
2026-04-29 23:54:27.785 +05:30 [INF] HTTP GET /api/forum/public responded 200 in 96.3038 ms
2026-04-29 23:54:27.785 +05:30 [INF] Request finished HTTP/1.1 GET http://localhost:5283/api/forum/public?page=1&pageSize=50 - 200 null application/json; charset=utf-8 96.6248ms
2026-04-29 23:54:28.190 +05:30 [INF] Request starting HTTP/1.1 OPTIONS http://localhost:5283/api/forum/users - null null
2026-04-29 23:54:28.190 +05:30 [INF] CORS policy execution successful.
2026-04-29 23:54:28.190 +05:30 [INF] HTTP OPTIONS /api/forum/users responded 204 in 0.1114 ms
2026-04-29 23:54:28.190 +05:30 [INF] Request finished HTTP/1.1 OPTIONS http://localhost:5283/api/forum/users - 204 null null 0.3976ms
2026-04-29 23:54:28.193 +05:30 [INF] Request starting HTTP/1.1 GET http://localhost:5283/api/forum/users - null null
2026-04-29 23:54:28.193 +05:30 [INF] CORS policy execution successful.
2026-04-29 23:54:28.193 +05:30 [INF] Executing endpoint 'TradingJournal.API.Controllers.ForumController.GetUsersForChat (TradingJournal.API)'
2026-04-29 23:54:28.193 +05:30 [INF] Route matched with {action = "GetUsersForChat", controller = "Forum"}. Executing controller action with signature System.Threading.Tasks.Task`1[Microsoft.AspNetCore.Mvc.IActionResult] GetUsersForChat(TradingJournal.Infrastructure.Data.ApplicationDbContext) on controller TradingJournal.API.Controllers.ForumController (TradingJournal.API).
2026-04-29 23:54:28.245 +05:30 [INF] Executed DbCommand (2ms) [Parameters=[@currentUserId='?' (DbType = Guid)], CommandType='"Text"', CommandTimeout='300']
SELECT u."Id", u."FirstName" || ' ' || u."LastName" AS "Name", u."Email"
FROM "Users" AS u
WHERE NOT (u."IsDeleted") AND u."Id" <> @currentUserId AND NOT (u."IsDeleted")
2026-04-29 23:54:28.245 +05:30 [INF] Executing OkObjectResult, writing value of type 'System.Collections.Generic.List`1[[<>f__AnonymousType3`3[[System.Guid, System.Private.CoreLib, Version=10.0.0.0, Culture=neutral, PublicKeyToken=7cec85d7bea7798e],[System.String, System.Private.CoreLib, Version=10.0.0.0, Culture=neutral, PublicKeyToken=7cec85d7bea7798e],[System.String, System.Private.CoreLib, Version=10.0.0.0, Culture=neutral, PublicKeyToken=7cec85d7bea7798e]], TradingJournal.API, Version=1.0.0.0, Culture=neutral, PublicKeyToken=null]]'.
2026-04-29 23:54:28.245 +05:30 [INF] Executed action TradingJournal.API.Controllers.ForumController.GetUsersForChat (TradingJournal.API) in 51.6991ms
2026-04-29 23:54:28.245 +05:30 [INF] Executed endpoint 'TradingJournal.API.Controllers.ForumController.GetUsersForChat (TradingJournal.API)'
2026-04-29 23:54:28.245 +05:30 [INF] HTTP GET /api/forum/users responded 200 in 52.1493 ms
2026-04-29 23:54:28.245 +05:30 [INF] Request finished HTTP/1.1 GET http://localhost:5283/api/forum/users - 200 null application/json; charset=utf-8 52.4186ms
2026-04-29 23:54:29.188 +05:30 [INF] Request starting HTTP/1.1 OPTIONS http://localhost:5283/api/forum/dm/read/0a478092-7251-4b11-a785-05efbf8ad1f6 - null null
2026-04-29 23:54:29.188 +05:30 [INF] CORS policy execution successful.
2026-04-29 23:54:29.188 +05:30 [INF] Request starting HTTP/1.1 OPTIONS http://localhost:5283/api/forum/dm/0a478092-7251-4b11-a785-05efbf8ad1f6 - null null
2026-04-29 23:54:29.188 +05:30 [INF] HTTP OPTIONS /api/forum/dm/read/0a478092-7251-4b11-a785-05efbf8ad1f6 responded 204 in 0.1462 ms
2026-04-29 23:54:29.188 +05:30 [INF] CORS policy execution successful.
2026-04-29 23:54:29.188 +05:30 [INF] Request finished HTTP/1.1 OPTIONS http://localhost:5283/api/forum/dm/read/0a478092-7251-4b11-a785-05efbf8ad1f6 - 204 null null 0.5391ms
2026-04-29 23:54:29.188 +05:30 [INF] HTTP OPTIONS /api/forum/dm/0a478092-7251-4b11-a785-05efbf8ad1f6 responded 204 in 0.1091 ms
2026-04-29 23:54:29.189 +05:30 [INF] Request finished HTTP/1.1 OPTIONS http://localhost:5283/api/forum/dm/0a478092-7251-4b11-a785-05efbf8ad1f6 - 204 null null 0.2753ms
2026-04-29 23:54:29.191 +05:30 [INF] Request starting HTTP/1.1 PUT http://localhost:5283/api/forum/dm/read/0a478092-7251-4b11-a785-05efbf8ad1f6 - application/json 2
2026-04-29 23:54:29.192 +05:30 [INF] CORS policy execution successful.
2026-04-29 23:54:29.192 +05:30 [INF] Request starting HTTP/1.1 GET http://localhost:5283/api/forum/dm/0a478092-7251-4b11-a785-05efbf8ad1f6 - null null
2026-04-29 23:54:29.192 +05:30 [INF] CORS policy execution successful.
2026-04-29 23:54:29.192 +05:30 [INF] Executing endpoint 'TradingJournal.API.Controllers.ForumController.MarkAsRead (TradingJournal.API)'
2026-04-29 23:54:29.192 +05:30 [INF] Executing endpoint 'TradingJournal.API.Controllers.ForumController.GetDirectMessages (TradingJournal.API)'
2026-04-29 23:54:29.192 +05:30 [INF] Route matched with {action = "MarkAsRead", controller = "Forum"}. Executing controller action with signature System.Threading.Tasks.Task`1[Microsoft.AspNetCore.Mvc.IActionResult] MarkAsRead(System.Guid) on controller TradingJournal.API.Controllers.ForumController (TradingJournal.API).
2026-04-29 23:54:29.192 +05:30 [INF] Route matched with {action = "GetDirectMessages", controller = "Forum"}. Executing controller action with signature System.Threading.Tasks.Task`1[Microsoft.AspNetCore.Mvc.IActionResult] GetDirectMessages(System.Guid) on controller TradingJournal.API.Controllers.ForumController (TradingJournal.API).
2026-04-29 23:54:29.265 +05:30 [INF] Executed DbCommand (4ms) [Parameters=[@userId='?' (DbType = Guid), @otherUserId='?' (DbType = Guid)], CommandType='"Text"', CommandTimeout='300']
SELECT f."Id", f."AuthorId", f."ChannelType", f."Content", f."CreatedAt", f."EditedAt", f."IsDeleted", f."IsEdited", f."IsRead", f."ParentMessageId", f."ReceiverId", f."SenderId", f."UpdatedAt", u0."Id", u0."AccountBalance", u0."AllowedSections", u0."CreatedAt", u0."Email", u0."FirstName", u0."IsActive", u0."IsDeleted", u0."LastName", u0."PasswordHash", u0."ProfileImageUrl", u0."RefreshToken", u0."RefreshTokenExpiry", u0."Role", u0."UpdatedAt"
FROM "ForumMessages" AS f
INNER JOIN (
    SELECT u."Id", u."AccountBalance", u."AllowedSections", u."CreatedAt", u."Email", u."FirstName", u."IsActive", u."IsDeleted", u."LastName", u."PasswordHash", u."ProfileImageUrl", u."RefreshToken", u."RefreshTokenExpiry", u."Role", u."UpdatedAt"
    FROM "Users" AS u
    WHERE NOT (u."IsDeleted")
) AS u0 ON f."AuthorId" = u0."Id"
WHERE NOT (f."IsDeleted") AND f."ChannelType" = 2 AND ((f."SenderId" = @userId AND f."ReceiverId" = @otherUserId) OR (f."SenderId" = @otherUserId AND f."ReceiverId" = @userId))
ORDER BY f."CreatedAt"
2026-04-29 23:54:29.265 +05:30 [INF] Executed DbCommand (2ms) [Parameters=[@senderId='?' (DbType = Guid), @receiverId='?' (DbType = Guid)], CommandType='"Text"', CommandTimeout='300']
SELECT f."Id", f."AuthorId", f."ChannelType", f."Content", f."CreatedAt", f."EditedAt", f."IsDeleted", f."IsEdited", f."IsRead", f."ParentMessageId", f."ReceiverId", f."SenderId", f."UpdatedAt"
FROM "ForumMessages" AS f
WHERE NOT (f."IsDeleted") AND f."ChannelType" = 2 AND f."SenderId" = @senderId AND f."ReceiverId" = @receiverId AND NOT (f."IsRead")
2026-04-29 23:54:29.266 +05:30 [INF] Executing StatusCodeResult, setting HTTP status code 204
2026-04-29 23:54:29.266 +05:30 [INF] Executing OkObjectResult, writing value of type 'System.Collections.Generic.List`1[[TradingJournal.Application.DTOs.Forum.DirectMessageDto, TradingJournal.Application, Version=1.0.0.0, Culture=neutral, PublicKeyToken=null]]'.
2026-04-29 23:54:29.266 +05:30 [INF] Executed action TradingJournal.API.Controllers.ForumController.MarkAsRead (TradingJournal.API) in 73.8001ms
2026-04-29 23:54:29.266 +05:30 [INF] Executed endpoint 'TradingJournal.API.Controllers.ForumController.MarkAsRead (TradingJournal.API)'
2026-04-29 23:54:29.266 +05:30 [INF] HTTP PUT /api/forum/dm/read/0a478092-7251-4b11-a785-05efbf8ad1f6 responded 204 in 74.4037 ms
2026-04-29 23:54:29.266 +05:30 [INF] Executed action TradingJournal.API.Controllers.ForumController.GetDirectMessages (TradingJournal.API) in 73.9308ms
2026-04-29 23:54:29.266 +05:30 [INF] Executed endpoint 'TradingJournal.API.Controllers.ForumController.GetDirectMessages (TradingJournal.API)'
2026-04-29 23:54:29.266 +05:30 [INF] Request finished HTTP/1.1 PUT http://localhost:5283/api/forum/dm/read/0a478092-7251-4b11-a785-05efbf8ad1f6 - 204 null null 74.7786ms
2026-04-29 23:54:29.266 +05:30 [INF] HTTP GET /api/forum/dm/0a478092-7251-4b11-a785-05efbf8ad1f6 responded 200 in 74.3665 ms
2026-04-29 23:54:29.266 +05:30 [INF] Request finished HTTP/1.1 GET http://localhost:5283/api/forum/dm/0a478092-7251-4b11-a785-05efbf8ad1f6 - 200 null application/json; charset=utf-8 74.5574ms
2026-04-29 23:54:39.446 +05:30 [INF] Request starting HTTP/1.1 OPTIONS http://localhost:5283/api/forum/dm - null null
2026-04-29 23:54:39.446 +05:30 [INF] CORS policy execution successful.
2026-04-29 23:54:39.446 +05:30 [INF] HTTP OPTIONS /api/forum/dm responded 204 in 0.1034 ms
2026-04-29 23:54:39.447 +05:30 [INF] Request finished HTTP/1.1 OPTIONS http://localhost:5283/api/forum/dm - 204 null null 0.3566ms
2026-04-29 23:54:39.449 +05:30 [INF] Request starting HTTP/1.1 POST http://localhost:5283/api/forum/dm - application/json 108
2026-04-29 23:54:39.449 +05:30 [INF] CORS policy execution successful.
2026-04-29 23:54:39.450 +05:30 [INF] Executing endpoint 'TradingJournal.API.Controllers.ForumController.SendDirectMessage (TradingJournal.API)'
2026-04-29 23:54:39.450 +05:30 [INF] Route matched with {action = "SendDirectMessage", controller = "Forum"}. Executing controller action with signature System.Threading.Tasks.Task`1[Microsoft.AspNetCore.Mvc.IActionResult] SendDirectMessage(TradingJournal.Application.DTOs.Forum.CreateForumMessageDto) on controller TradingJournal.API.Controllers.ForumController (TradingJournal.API).
2026-04-29 23:54:39.515 +05:30 [INF] Executed DbCommand (15ms) [Parameters=[@p0='?' (DbType = Guid), @p1='?' (DbType = Guid), @p2='?' (DbType = Int32), @p3='?', @p4='?' (DbType = DateTime), @p5='?' (DbType = DateTime), @p6='?' (DbType = Boolean), @p7='?' (DbType = Boolean), @p8='?' (DbType = Boolean), @p9='?' (DbType = Guid), @p10='?' (DbType = Guid), @p11='?' (DbType = Guid), @p12='?' (DbType = DateTime)], CommandType='"Text"', CommandTimeout='300']
INSERT INTO "ForumMessages" ("Id", "AuthorId", "ChannelType", "Content", "CreatedAt", "EditedAt", "IsDeleted", "IsEdited", "IsRead", "ParentMessageId", "ReceiverId", "SenderId", "UpdatedAt")
VALUES (@p0, @p1, @p2, @p3, @p4, @p5, @p6, @p7, @p8, @p9, @p10, @p11, @p12);
2026-04-29 23:54:39.577 +05:30 [INF] Executed DbCommand (2ms) [Parameters=[@p='?' (DbType = Guid)], CommandType='"Text"', CommandTimeout='300']
SELECT u."Id", u."AccountBalance", u."AllowedSections", u."CreatedAt", u."Email", u."FirstName", u."IsActive", u."IsDeleted", u."LastName", u."PasswordHash", u."ProfileImageUrl", u."RefreshToken", u."RefreshTokenExpiry", u."Role", u."UpdatedAt"
FROM "Users" AS u
WHERE NOT (u."IsDeleted") AND u."Id" = @p
LIMIT 1
2026-04-29 23:54:39.579 +05:30 [INF] Executing OkObjectResult, writing value of type 'TradingJournal.Application.DTOs.Forum.DirectMessageDto'.
2026-04-29 23:54:39.579 +05:30 [INF] Executed action TradingJournal.API.Controllers.ForumController.SendDirectMessage (TradingJournal.API) in 129.0154ms
2026-04-29 23:54:39.579 +05:30 [INF] Executed endpoint 'TradingJournal.API.Controllers.ForumController.SendDirectMessage (TradingJournal.API)'
2026-04-29 23:54:39.579 +05:30 [INF] HTTP POST /api/forum/dm responded 200 in 129.5055 ms
2026-04-29 23:54:39.579 +05:30 [INF] Request finished HTTP/1.1 POST http://localhost:5283/api/forum/dm - 200 null application/json; charset=utf-8 129.8063ms
2026-04-29 23:55:00.307 +05:30 [INF] Executed endpoint '/hubs/chat'
2026-04-29 23:55:00.307 +05:30 [INF] HTTP GET /hubs/chat responded 101 in 41354.7468 ms
2026-04-29 23:55:00.307 +05:30 [INF] Request finished HTTP/1.1 GET http://localhost:5283/hubs/chat?access_token=eyJhbGciOiJIUzI1NiIsInR5cCI6IkpXVCJ9.eyJzdWIiOiI5NTg3MGNjYi02MjQ4LTQxNDAtOTVjOS1mODViMWU3N2EzNGIiLCJlbWFpbCI6InRyYWRlckB0cmFkaW5nam91cm5hbC5jb20iLCJodHRwOi8vc2NoZW1hcy5taWNyb3NvZnQuY29tL3dzLzIwMDgvMDYvaWRlbnRpdHkvY2xhaW1zL3JvbGUiOiJVc2VyIiwiZmlyc3ROYW1lIjoiTWl0ZXNoIiwibGFzdE5hbWUiOiJUcmFkZXIiLCJqdGkiOiJhNjYzODBkMy01ZGEyLTQxYTItOGJmNi0xZGNhN2ZlNGIyODAiLCJleHAiOjE3Nzc0OTA2NTIsImlzcyI6IlRyYWRpbmdKb3VybmFsQVBJIiwiYXVkIjoiVHJhZGluZ0pvdXJuYWxDbGllbnQifQ.KEnVN3WgP5Q3F8CvCu7Aa8x5ZfjFrdrSk7vu5agt77I&id=VGVZ9n9XCzPpo29s7EbeyQ - 101 null null 41355.1987ms
2026-04-29 23:55:02.087 +05:30 [INF] Request starting HTTP/1.1 OPTIONS http://localhost:5283/hubs/chat/negotiate?access_token=eyJhbGciOiJIUzI1NiIsInR5cCI6IkpXVCJ9.eyJzdWIiOiI5NTg3MGNjYi02MjQ4LTQxNDAtOTVjOS1mODViMWU3N2EzNGIiLCJlbWFpbCI6InRyYWRlckB0cmFkaW5nam91cm5hbC5jb20iLCJodHRwOi8vc2NoZW1hcy5taWNyb3NvZnQuY29tL3dzLzIwMDgvMDYvaWRlbnRpdHkvY2xhaW1zL3JvbGUiOiJVc2VyIiwiZmlyc3ROYW1lIjoiTWl0ZXNoIiwibGFzdE5hbWUiOiJUcmFkZXIiLCJqdGkiOiJhNjYzODBkMy01ZGEyLTQxYTItOGJmNi0xZGNhN2ZlNGIyODAiLCJleHAiOjE3Nzc0OTA2NTIsImlzcyI6IlRyYWRpbmdKb3VybmFsQVBJIiwiYXVkIjoiVHJhZGluZ0pvdXJuYWxDbGllbnQifQ.KEnVN3WgP5Q3F8CvCu7Aa8x5ZfjFrdrSk7vu5agt77I&negotiateVersion=1 - null null
2026-04-29 23:55:02.087 +05:30 [INF] CORS policy execution successful.
2026-04-29 23:55:02.087 +05:30 [INF] HTTP OPTIONS /hubs/chat/negotiate responded 204 in 0.0618 ms
2026-04-29 23:55:02.087 +05:30 [INF] Request finished HTTP/1.1 OPTIONS http://localhost:5283/hubs/chat/negotiate?access_token=eyJhbGciOiJIUzI1NiIsInR5cCI6IkpXVCJ9.eyJzdWIiOiI5NTg3MGNjYi02MjQ4LTQxNDAtOTVjOS1mODViMWU3N2EzNGIiLCJlbWFpbCI6InRyYWRlckB0cmFkaW5nam91cm5hbC5jb20iLCJodHRwOi8vc2NoZW1hcy5taWNyb3NvZnQuY29tL3dzLzIwMDgvMDYvaWRlbnRpdHkvY2xhaW1zL3JvbGUiOiJVc2VyIiwiZmlyc3ROYW1lIjoiTWl0ZXNoIiwibGFzdE5hbWUiOiJUcmFkZXIiLCJqdGkiOiJhNjYzODBkMy01ZGEyLTQxYTItOGJmNi0xZGNhN2ZlNGIyODAiLCJleHAiOjE3Nzc0OTA2NTIsImlzcyI6IlRyYWRpbmdKb3VybmFsQVBJIiwiYXVkIjoiVHJhZGluZ0pvdXJuYWxDbGllbnQifQ.KEnVN3WgP5Q3F8CvCu7Aa8x5ZfjFrdrSk7vu5agt77I&negotiateVersion=1 - 204 null null 0.3117ms
2026-04-29 23:55:02.090 +05:30 [INF] Request starting HTTP/1.1 POST http://localhost:5283/hubs/chat/negotiate?access_token=eyJhbGciOiJIUzI1NiIsInR5cCI6IkpXVCJ9.eyJzdWIiOiI5NTg3MGNjYi02MjQ4LTQxNDAtOTVjOS1mODViMWU3N2EzNGIiLCJlbWFpbCI6InRyYWRlckB0cmFkaW5nam91cm5hbC5jb20iLCJodHRwOi8vc2NoZW1hcy5taWNyb3NvZnQuY29tL3dzLzIwMDgvMDYvaWRlbnRpdHkvY2xhaW1zL3JvbGUiOiJVc2VyIiwiZmlyc3ROYW1lIjoiTWl0ZXNoIiwibGFzdE5hbWUiOiJUcmFkZXIiLCJqdGkiOiJhNjYzODBkMy01ZGEyLTQxYTItOGJmNi0xZGNhN2ZlNGIyODAiLCJleHAiOjE3Nzc0OTA2NTIsImlzcyI6IlRyYWRpbmdKb3VybmFsQVBJIiwiYXVkIjoiVHJhZGluZ0pvdXJuYWxDbGllbnQifQ.KEnVN3WgP5Q3F8CvCu7Aa8x5ZfjFrdrSk7vu5agt77I&negotiateVersion=1 - null 0
2026-04-29 23:55:02.090 +05:30 [INF] CORS policy execution successful.
2026-04-29 23:55:02.090 +05:30 [INF] Executing endpoint '/hubs/chat/negotiate'
2026-04-29 23:55:02.090 +05:30 [INF] Request starting HTTP/1.1 OPTIONS http://localhost:5283/api/forum/dm/unread - null null
2026-04-29 23:55:02.090 +05:30 [INF] Executed endpoint '/hubs/chat/negotiate'
2026-04-29 23:55:02.090 +05:30 [INF] CORS policy execution successful.
2026-04-29 23:55:02.090 +05:30 [INF] HTTP POST /hubs/chat/negotiate responded 200 in 0.4753 ms
2026-04-29 23:55:02.090 +05:30 [INF] HTTP OPTIONS /api/forum/dm/unread responded 204 in 0.0680 ms
2026-04-29 23:55:02.090 +05:30 [INF] Request finished HTTP/1.1 POST http://localhost:5283/hubs/chat/negotiate?access_token=eyJhbGciOiJIUzI1NiIsInR5cCI6IkpXVCJ9.eyJzdWIiOiI5NTg3MGNjYi02MjQ4LTQxNDAtOTVjOS1mODViMWU3N2EzNGIiLCJlbWFpbCI6InRyYWRlckB0cmFkaW5nam91cm5hbC5jb20iLCJodHRwOi8vc2NoZW1hcy5taWNyb3NvZnQuY29tL3dzLzIwMDgvMDYvaWRlbnRpdHkvY2xhaW1zL3JvbGUiOiJVc2VyIiwiZmlyc3ROYW1lIjoiTWl0ZXNoIiwibGFzdE5hbWUiOiJUcmFkZXIiLCJqdGkiOiJhNjYzODBkMy01ZGEyLTQxYTItOGJmNi0xZGNhN2ZlNGIyODAiLCJleHAiOjE3Nzc0OTA2NTIsImlzcyI6IlRyYWRpbmdKb3VybmFsQVBJIiwiYXVkIjoiVHJhZGluZ0pvdXJuYWxDbGllbnQifQ.KEnVN3WgP5Q3F8CvCu7Aa8x5ZfjFrdrSk7vu5agt77I&negotiateVersion=1 - 200 316 application/json 0.6552ms
2026-04-29 23:55:02.090 +05:30 [INF] Request finished HTTP/1.1 OPTIONS http://localhost:5283/api/forum/dm/unread - 204 null null 0.2238ms
2026-04-29 23:55:02.093 +05:30 [INF] Request starting HTTP/1.1 GET http://localhost:5283/api/forum/dm/unread - null null
2026-04-29 23:55:02.093 +05:30 [INF] CORS policy execution successful.
2026-04-29 23:55:02.093 +05:30 [INF] Executing endpoint 'TradingJournal.API.Controllers.ForumController.GetUnreadCount (TradingJournal.API)'
2026-04-29 23:55:02.098 +05:30 [INF] Route matched with {action = "GetUnreadCount", controller = "Forum"}. Executing controller action with signature System.Threading.Tasks.Task`1[Microsoft.AspNetCore.Mvc.IActionResult] GetUnreadCount() on controller TradingJournal.API.Controllers.ForumController (TradingJournal.API).
2026-04-29 23:55:02.116 +05:30 [INF] Request starting HTTP/1.1 OPTIONS http://localhost:5283/hubs/chat/negotiate?access_token=eyJhbGciOiJIUzI1NiIsInR5cCI6IkpXVCJ9.eyJzdWIiOiI5NTg3MGNjYi02MjQ4LTQxNDAtOTVjOS1mODViMWU3N2EzNGIiLCJlbWFpbCI6InRyYWRlckB0cmFkaW5nam91cm5hbC5jb20iLCJodHRwOi8vc2NoZW1hcy5taWNyb3NvZnQuY29tL3dzLzIwMDgvMDYvaWRlbnRpdHkvY2xhaW1zL3JvbGUiOiJVc2VyIiwiZmlyc3ROYW1lIjoiTWl0ZXNoIiwibGFzdE5hbWUiOiJUcmFkZXIiLCJqdGkiOiJhNjYzODBkMy01ZGEyLTQxYTItOGJmNi0xZGNhN2ZlNGIyODAiLCJleHAiOjE3Nzc0OTA2NTIsImlzcyI6IlRyYWRpbmdKb3VybmFsQVBJIiwiYXVkIjoiVHJhZGluZ0pvdXJuYWxDbGllbnQifQ.KEnVN3WgP5Q3F8CvCu7Aa8x5ZfjFrdrSk7vu5agt77I&negotiateVersion=1 - null null
2026-04-29 23:55:02.116 +05:30 [INF] CORS policy execution successful.
2026-04-29 23:55:02.116 +05:30 [INF] HTTP OPTIONS /hubs/chat/negotiate responded 204 in 0.0966 ms
2026-04-29 23:55:02.116 +05:30 [INF] Request finished HTTP/1.1 OPTIONS http://localhost:5283/hubs/chat/negotiate?access_token=eyJhbGciOiJIUzI1NiIsInR5cCI6IkpXVCJ9.eyJzdWIiOiI5NTg3MGNjYi02MjQ4LTQxNDAtOTVjOS1mODViMWU3N2EzNGIiLCJlbWFpbCI6InRyYWRlckB0cmFkaW5nam91cm5hbC5jb20iLCJodHRwOi8vc2NoZW1hcy5taWNyb3NvZnQuY29tL3dzLzIwMDgvMDYvaWRlbnRpdHkvY2xhaW1zL3JvbGUiOiJVc2VyIiwiZmlyc3ROYW1lIjoiTWl0ZXNoIiwibGFzdE5hbWUiOiJUcmFkZXIiLCJqdGkiOiJhNjYzODBkMy01ZGEyLTQxYTItOGJmNi0xZGNhN2ZlNGIyODAiLCJleHAiOjE3Nzc0OTA2NTIsImlzcyI6IlRyYWRpbmdKb3VybmFsQVBJIiwiYXVkIjoiVHJhZGluZ0pvdXJuYWxDbGllbnQifQ.KEnVN3WgP5Q3F8CvCu7Aa8x5ZfjFrdrSk7vu5agt77I&negotiateVersion=1 - 204 null null 0.3088ms
2026-04-29 23:55:02.120 +05:30 [INF] Request starting HTTP/1.1 POST http://localhost:5283/hubs/chat/negotiate?access_token=eyJhbGciOiJIUzI1NiIsInR5cCI6IkpXVCJ9.eyJzdWIiOiI5NTg3MGNjYi02MjQ4LTQxNDAtOTVjOS1mODViMWU3N2EzNGIiLCJlbWFpbCI6InRyYWRlckB0cmFkaW5nam91cm5hbC5jb20iLCJodHRwOi8vc2NoZW1hcy5taWNyb3NvZnQuY29tL3dzLzIwMDgvMDYvaWRlbnRpdHkvY2xhaW1zL3JvbGUiOiJVc2VyIiwiZmlyc3ROYW1lIjoiTWl0ZXNoIiwibGFzdE5hbWUiOiJUcmFkZXIiLCJqdGkiOiJhNjYzODBkMy01ZGEyLTQxYTItOGJmNi0xZGNhN2ZlNGIyODAiLCJleHAiOjE3Nzc0OTA2NTIsImlzcyI6IlRyYWRpbmdKb3VybmFsQVBJIiwiYXVkIjoiVHJhZGluZ0pvdXJuYWxDbGllbnQifQ.KEnVN3WgP5Q3F8CvCu7Aa8x5ZfjFrdrSk7vu5agt77I&negotiateVersion=1 - null 0
2026-04-29 23:55:02.120 +05:30 [INF] CORS policy execution successful.
2026-04-29 23:55:02.120 +05:30 [INF] Executing endpoint '/hubs/chat/negotiate'
2026-04-29 23:55:02.121 +05:30 [INF] Executed endpoint '/hubs/chat/negotiate'
2026-04-29 23:55:02.121 +05:30 [INF] HTTP POST /hubs/chat/negotiate responded 200 in 0.7064 ms
2026-04-29 23:55:02.121 +05:30 [INF] Request finished HTTP/1.1 POST http://localhost:5283/hubs/chat/negotiate?access_token=eyJhbGciOiJIUzI1NiIsInR5cCI6IkpXVCJ9.eyJzdWIiOiI5NTg3MGNjYi02MjQ4LTQxNDAtOTVjOS1mODViMWU3N2EzNGIiLCJlbWFpbCI6InRyYWRlckB0cmFkaW5nam91cm5hbC5jb20iLCJodHRwOi8vc2NoZW1hcy5taWNyb3NvZnQuY29tL3dzLzIwMDgvMDYvaWRlbnRpdHkvY2xhaW1zL3JvbGUiOiJVc2VyIiwiZmlyc3ROYW1lIjoiTWl0ZXNoIiwibGFzdE5hbWUiOiJUcmFkZXIiLCJqdGkiOiJhNjYzODBkMy01ZGEyLTQxYTItOGJmNi0xZGNhN2ZlNGIyODAiLCJleHAiOjE3Nzc0OTA2NTIsImlzcyI6IlRyYWRpbmdKb3VybmFsQVBJIiwiYXVkIjoiVHJhZGluZ0pvdXJuYWxDbGllbnQifQ.KEnVN3WgP5Q3F8CvCu7Aa8x5ZfjFrdrSk7vu5agt77I&negotiateVersion=1 - 200 316 application/json 1.1075ms
2026-04-29 23:55:02.131 +05:30 [INF] Request starting HTTP/1.1 OPTIONS http://localhost:5283/api/forum/public?page=1&pageSize=50 - null null
2026-04-29 23:55:02.131 +05:30 [INF] CORS policy execution successful.
2026-04-29 23:55:02.131 +05:30 [INF] HTTP OPTIONS /api/forum/public responded 204 in 0.1011 ms
2026-04-29 23:55:02.131 +05:30 [INF] Request finished HTTP/1.1 OPTIONS http://localhost:5283/api/forum/public?page=1&pageSize=50 - 204 null null 0.285ms
2026-04-29 23:55:02.134 +05:30 [INF] Request starting HTTP/1.1 GET http://localhost:5283/api/forum/public?page=1&pageSize=50 - null null
2026-04-29 23:55:02.134 +05:30 [INF] CORS policy execution successful.
2026-04-29 23:55:02.135 +05:30 [INF] Executing endpoint 'TradingJournal.API.Controllers.ForumController.GetPublicMessages (TradingJournal.API)'
2026-04-29 23:55:02.135 +05:30 [INF] Route matched with {action = "GetPublicMessages", controller = "Forum"}. Executing controller action with signature System.Threading.Tasks.Task`1[Microsoft.AspNetCore.Mvc.IActionResult] GetPublicMessages(Int32, Int32) on controller TradingJournal.API.Controllers.ForumController (TradingJournal.API).
2026-04-29 23:55:02.160 +05:30 [INF] Executed DbCommand (3ms) [Parameters=[@userId='?' (DbType = Guid)], CommandType='"Text"', CommandTimeout='300']
SELECT count(*)::int
FROM "ForumMessages" AS f
WHERE NOT (f."IsDeleted") AND f."ChannelType" = 2 AND f."ReceiverId" = @userId AND NOT (f."IsRead")
2026-04-29 23:55:02.161 +05:30 [INF] Executing OkObjectResult, writing value of type 'TradingJournal.Application.DTOs.Forum.UnreadCountDto'.
2026-04-29 23:55:02.162 +05:30 [INF] Executed action TradingJournal.API.Controllers.ForumController.GetUnreadCount (TradingJournal.API) in 64.6519ms
2026-04-29 23:55:02.163 +05:30 [INF] Executed endpoint 'TradingJournal.API.Controllers.ForumController.GetUnreadCount (TradingJournal.API)'
2026-04-29 23:55:02.163 +05:30 [INF] HTTP GET /api/forum/dm/unread responded 200 in 69.9032 ms
2026-04-29 23:55:02.163 +05:30 [INF] Request finished HTTP/1.1 GET http://localhost:5283/api/forum/dm/unread - 200 null application/json; charset=utf-8 70.1186ms
2026-04-29 23:55:02.196 +05:30 [INF] Executed DbCommand (3ms) [Parameters=[@p1='?' (DbType = Int32), @p='?' (DbType = Int32)], CommandType='"Text"', CommandTimeout='300']
SELECT f0."Id", f0."AuthorId", f0."ChannelType", f0."Content", f0."CreatedAt", f0."EditedAt", f0."IsDeleted", f0."IsEdited", f0."IsRead", f0."ParentMessageId", f0."ReceiverId", f0."SenderId", f0."UpdatedAt", u0."Id", u0."AccountBalance", u0."AllowedSections", u0."CreatedAt", u0."Email", u0."FirstName", u0."IsActive", u0."IsDeleted", u0."LastName", u0."PasswordHash", u0."ProfileImageUrl", u0."RefreshToken", u0."RefreshTokenExpiry", u0."Role", u0."UpdatedAt", f2."Id", f2."AuthorId", f2."ChannelType", f2."Content", f2."CreatedAt", f2."EditedAt", f2."IsDeleted", f2."IsEdited", f2."IsRead", f2."ParentMessageId", f2."ReceiverId", f2."SenderId", f2."UpdatedAt"
FROM (
    SELECT f."Id", f."AuthorId", f."ChannelType", f."Content", f."CreatedAt", f."EditedAt", f."IsDeleted", f."IsEdited", f."IsRead", f."ParentMessageId", f."ReceiverId", f."SenderId", f."UpdatedAt"
    FROM "ForumMessages" AS f
    WHERE NOT (f."IsDeleted") AND f."ChannelType" = 1 AND f."ParentMessageId" IS NULL
    ORDER BY f."CreatedAt" DESC
    LIMIT @p1 OFFSET @p
) AS f0
INNER JOIN (
    SELECT u."Id", u."AccountBalance", u."AllowedSections", u."CreatedAt", u."Email", u."FirstName", u."IsActive", u."IsDeleted", u."LastName", u."PasswordHash", u."ProfileImageUrl", u."RefreshToken", u."RefreshTokenExpiry", u."Role", u."UpdatedAt"
    FROM "Users" AS u
    WHERE NOT (u."IsDeleted")
) AS u0 ON f0."AuthorId" = u0."Id"
LEFT JOIN (
    SELECT f1."Id", f1."AuthorId", f1."ChannelType", f1."Content", f1."CreatedAt", f1."EditedAt", f1."IsDeleted", f1."IsEdited", f1."IsRead", f1."ParentMessageId", f1."ReceiverId", f1."SenderId", f1."UpdatedAt"
    FROM "ForumMessages" AS f1
    WHERE NOT (f1."IsDeleted")
) AS f2 ON f0."Id" = f2."ParentMessageId"
ORDER BY f0."CreatedAt" DESC, f0."Id", u0."Id"
2026-04-29 23:55:02.256 +05:30 [INF] Executed DbCommand (2ms) [Parameters=[], CommandType='"Text"', CommandTimeout='300']
SELECT count(*)::int
FROM "ForumMessages" AS f
WHERE NOT (f."IsDeleted") AND f."ChannelType" = 1 AND f."ParentMessageId" IS NULL
2026-04-29 23:55:02.257 +05:30 [INF] Executing OkObjectResult, writing value of type '<>f__AnonymousType2`2[[System.Collections.Generic.List`1[[TradingJournal.Application.DTOs.Forum.ForumMessageDto, TradingJournal.Application, Version=1.0.0.0, Culture=neutral, PublicKeyToken=null]], System.Private.CoreLib, Version=10.0.0.0, Culture=neutral, PublicKeyToken=7cec85d7bea7798e],[System.Int32, System.Private.CoreLib, Version=10.0.0.0, Culture=neutral, PublicKeyToken=7cec85d7bea7798e]]'.
2026-04-29 23:55:02.257 +05:30 [INF] Executed action TradingJournal.API.Controllers.ForumController.GetPublicMessages (TradingJournal.API) in 121.7963ms
2026-04-29 23:55:02.257 +05:30 [INF] Executed endpoint 'TradingJournal.API.Controllers.ForumController.GetPublicMessages (TradingJournal.API)'
2026-04-29 23:55:02.257 +05:30 [INF] HTTP GET /api/forum/public responded 200 in 122.6217 ms
2026-04-29 23:55:02.257 +05:30 [INF] Request finished HTTP/1.1 GET http://localhost:5283/api/forum/public?page=1&pageSize=50 - 200 null application/json; charset=utf-8 122.8477ms
2026-04-29 23:55:02.559 +05:30 [INF] Request starting HTTP/1.1 GET http://localhost:5283/hubs/chat?access_token=eyJhbGciOiJIUzI1NiIsInR5cCI6IkpXVCJ9.eyJzdWIiOiI5NTg3MGNjYi02MjQ4LTQxNDAtOTVjOS1mODViMWU3N2EzNGIiLCJlbWFpbCI6InRyYWRlckB0cmFkaW5nam91cm5hbC5jb20iLCJodHRwOi8vc2NoZW1hcy5taWNyb3NvZnQuY29tL3dzLzIwMDgvMDYvaWRlbnRpdHkvY2xhaW1zL3JvbGUiOiJVc2VyIiwiZmlyc3ROYW1lIjoiTWl0ZXNoIiwibGFzdE5hbWUiOiJUcmFkZXIiLCJqdGkiOiJhNjYzODBkMy01ZGEyLTQxYTItOGJmNi0xZGNhN2ZlNGIyODAiLCJleHAiOjE3Nzc0OTA2NTIsImlzcyI6IlRyYWRpbmdKb3VybmFsQVBJIiwiYXVkIjoiVHJhZGluZ0pvdXJuYWxDbGllbnQifQ.KEnVN3WgP5Q3F8CvCu7Aa8x5ZfjFrdrSk7vu5agt77I&id=xLZjHIiGIi1nE2qJnmz_WQ - null null
2026-04-29 23:55:02.559 +05:30 [INF] CORS policy execution successful.
2026-04-29 23:55:02.559 +05:30 [INF] Executing endpoint '/hubs/chat'
2026-04-29 23:55:02.610 +05:30 [INF] Request starting HTTP/1.1 GET http://localhost:5283/hubs/chat?access_token=eyJhbGciOiJIUzI1NiIsInR5cCI6IkpXVCJ9.eyJzdWIiOiI5NTg3MGNjYi02MjQ4LTQxNDAtOTVjOS1mODViMWU3N2EzNGIiLCJlbWFpbCI6InRyYWRlckB0cmFkaW5nam91cm5hbC5jb20iLCJodHRwOi8vc2NoZW1hcy5taWNyb3NvZnQuY29tL3dzLzIwMDgvMDYvaWRlbnRpdHkvY2xhaW1zL3JvbGUiOiJVc2VyIiwiZmlyc3ROYW1lIjoiTWl0ZXNoIiwibGFzdE5hbWUiOiJUcmFkZXIiLCJqdGkiOiJhNjYzODBkMy01ZGEyLTQxYTItOGJmNi0xZGNhN2ZlNGIyODAiLCJleHAiOjE3Nzc0OTA2NTIsImlzcyI6IlRyYWRpbmdKb3VybmFsQVBJIiwiYXVkIjoiVHJhZGluZ0pvdXJuYWxDbGllbnQifQ.KEnVN3WgP5Q3F8CvCu7Aa8x5ZfjFrdrSk7vu5agt77I&id=_q83s4dHJ0efKekpmFv8Xw - null null
2026-04-29 23:55:02.610 +05:30 [INF] CORS policy execution successful.
2026-04-29 23:55:02.610 +05:30 [INF] Executing endpoint '/hubs/chat'
2026-04-29 23:55:23.990 +05:30 [INF] Request starting HTTP/1.1 OPTIONS http://localhost:5283/api/forum/users - null null
2026-04-29 23:55:23.990 +05:30 [INF] CORS policy execution successful.
2026-04-29 23:55:23.990 +05:30 [INF] HTTP OPTIONS /api/forum/users responded 204 in 0.0804 ms
2026-04-29 23:55:23.990 +05:30 [INF] Request finished HTTP/1.1 OPTIONS http://localhost:5283/api/forum/users - 204 null null 0.3443ms
2026-04-29 23:55:23.994 +05:30 [INF] Request starting HTTP/1.1 GET http://localhost:5283/api/forum/users - null null
2026-04-29 23:55:23.994 +05:30 [INF] CORS policy execution successful.
2026-04-29 23:55:23.995 +05:30 [INF] Executing endpoint 'TradingJournal.API.Controllers.ForumController.GetUsersForChat (TradingJournal.API)'
2026-04-29 23:55:23.995 +05:30 [INF] Route matched with {action = "GetUsersForChat", controller = "Forum"}. Executing controller action with signature System.Threading.Tasks.Task`1[Microsoft.AspNetCore.Mvc.IActionResult] GetUsersForChat(TradingJournal.Infrastructure.Data.ApplicationDbContext) on controller TradingJournal.API.Controllers.ForumController (TradingJournal.API).
2026-04-29 23:55:24.054 +05:30 [INF] Executed DbCommand (2ms) [Parameters=[@currentUserId='?' (DbType = Guid)], CommandType='"Text"', CommandTimeout='300']
SELECT u."Id", u."FirstName" || ' ' || u."LastName" AS "Name", u."Email"
FROM "Users" AS u
WHERE NOT (u."IsDeleted") AND u."Id" <> @currentUserId AND NOT (u."IsDeleted")
2026-04-29 23:55:24.054 +05:30 [INF] Executing OkObjectResult, writing value of type 'System.Collections.Generic.List`1[[<>f__AnonymousType3`3[[System.Guid, System.Private.CoreLib, Version=10.0.0.0, Culture=neutral, PublicKeyToken=7cec85d7bea7798e],[System.String, System.Private.CoreLib, Version=10.0.0.0, Culture=neutral, PublicKeyToken=7cec85d7bea7798e],[System.String, System.Private.CoreLib, Version=10.0.0.0, Culture=neutral, PublicKeyToken=7cec85d7bea7798e]], TradingJournal.API, Version=1.0.0.0, Culture=neutral, PublicKeyToken=null]]'.
2026-04-29 23:55:24.054 +05:30 [INF] Executed action TradingJournal.API.Controllers.ForumController.GetUsersForChat (TradingJournal.API) in 59.7112ms
2026-04-29 23:55:24.054 +05:30 [INF] Executed endpoint 'TradingJournal.API.Controllers.ForumController.GetUsersForChat (TradingJournal.API)'
2026-04-29 23:55:24.055 +05:30 [INF] HTTP GET /api/forum/users responded 200 in 60.7367 ms
2026-04-29 23:55:24.055 +05:30 [INF] Request finished HTTP/1.1 GET http://localhost:5283/api/forum/users - 200 null application/json; charset=utf-8 61.0809ms
2026-04-29 23:55:25.185 +05:30 [INF] Request starting HTTP/1.1 OPTIONS http://localhost:5283/api/forum/dm/read/0a478092-7251-4b11-a785-05efbf8ad1f6 - null null
2026-04-29 23:55:25.185 +05:30 [INF] CORS policy execution successful.
2026-04-29 23:55:25.186 +05:30 [INF] HTTP OPTIONS /api/forum/dm/read/0a478092-7251-4b11-a785-05efbf8ad1f6 responded 204 in 0.0946 ms
2026-04-29 23:55:25.186 +05:30 [INF] Request finished HTTP/1.1 OPTIONS http://localhost:5283/api/forum/dm/read/0a478092-7251-4b11-a785-05efbf8ad1f6 - 204 null null 0.4153ms
2026-04-29 23:55:25.186 +05:30 [INF] Request starting HTTP/1.1 OPTIONS http://localhost:5283/api/forum/dm/0a478092-7251-4b11-a785-05efbf8ad1f6 - null null
2026-04-29 23:55:25.186 +05:30 [INF] CORS policy execution successful.
2026-04-29 23:55:25.186 +05:30 [INF] HTTP OPTIONS /api/forum/dm/0a478092-7251-4b11-a785-05efbf8ad1f6 responded 204 in 0.0639 ms
2026-04-29 23:55:25.186 +05:30 [INF] Request finished HTTP/1.1 OPTIONS http://localhost:5283/api/forum/dm/0a478092-7251-4b11-a785-05efbf8ad1f6 - 204 null null 0.2075ms
2026-04-29 23:55:25.189 +05:30 [INF] Request starting HTTP/1.1 PUT http://localhost:5283/api/forum/dm/read/0a478092-7251-4b11-a785-05efbf8ad1f6 - application/json 2
2026-04-29 23:55:25.189 +05:30 [INF] CORS policy execution successful.
2026-04-29 23:55:25.189 +05:30 [INF] Executing endpoint 'TradingJournal.API.Controllers.ForumController.MarkAsRead (TradingJournal.API)'
2026-04-29 23:55:25.189 +05:30 [INF] Route matched with {action = "MarkAsRead", controller = "Forum"}. Executing controller action with signature System.Threading.Tasks.Task`1[Microsoft.AspNetCore.Mvc.IActionResult] MarkAsRead(System.Guid) on controller TradingJournal.API.Controllers.ForumController (TradingJournal.API).
2026-04-29 23:55:25.189 +05:30 [INF] Request starting HTTP/1.1 GET http://localhost:5283/api/forum/dm/0a478092-7251-4b11-a785-05efbf8ad1f6 - null null
2026-04-29 23:55:25.190 +05:30 [INF] CORS policy execution successful.
2026-04-29 23:55:25.190 +05:30 [INF] Executing endpoint 'TradingJournal.API.Controllers.ForumController.GetDirectMessages (TradingJournal.API)'
2026-04-29 23:55:25.190 +05:30 [INF] Route matched with {action = "GetDirectMessages", controller = "Forum"}. Executing controller action with signature System.Threading.Tasks.Task`1[Microsoft.AspNetCore.Mvc.IActionResult] GetDirectMessages(System.Guid) on controller TradingJournal.API.Controllers.ForumController (TradingJournal.API).
2026-04-29 23:55:25.261 +05:30 [INF] Executed DbCommand (4ms) [Parameters=[@senderId='?' (DbType = Guid), @receiverId='?' (DbType = Guid)], CommandType='"Text"', CommandTimeout='300']
SELECT f."Id", f."AuthorId", f."ChannelType", f."Content", f."CreatedAt", f."EditedAt", f."IsDeleted", f."IsEdited", f."IsRead", f."ParentMessageId", f."ReceiverId", f."SenderId", f."UpdatedAt"
FROM "ForumMessages" AS f
WHERE NOT (f."IsDeleted") AND f."ChannelType" = 2 AND f."SenderId" = @senderId AND f."ReceiverId" = @receiverId AND NOT (f."IsRead")
2026-04-29 23:55:25.261 +05:30 [INF] Executed DbCommand (5ms) [Parameters=[@userId='?' (DbType = Guid), @otherUserId='?' (DbType = Guid)], CommandType='"Text"', CommandTimeout='300']
SELECT f."Id", f."AuthorId", f."ChannelType", f."Content", f."CreatedAt", f."EditedAt", f."IsDeleted", f."IsEdited", f."IsRead", f."ParentMessageId", f."ReceiverId", f."SenderId", f."UpdatedAt", u0."Id", u0."AccountBalance", u0."AllowedSections", u0."CreatedAt", u0."Email", u0."FirstName", u0."IsActive", u0."IsDeleted", u0."LastName", u0."PasswordHash", u0."ProfileImageUrl", u0."RefreshToken", u0."RefreshTokenExpiry", u0."Role", u0."UpdatedAt"
FROM "ForumMessages" AS f
INNER JOIN (
    SELECT u."Id", u."AccountBalance", u."AllowedSections", u."CreatedAt", u."Email", u."FirstName", u."IsActive", u."IsDeleted", u."LastName", u."PasswordHash", u."ProfileImageUrl", u."RefreshToken", u."RefreshTokenExpiry", u."Role", u."UpdatedAt"
    FROM "Users" AS u
    WHERE NOT (u."IsDeleted")
) AS u0 ON f."AuthorId" = u0."Id"
WHERE NOT (f."IsDeleted") AND f."ChannelType" = 2 AND ((f."SenderId" = @userId AND f."ReceiverId" = @otherUserId) OR (f."SenderId" = @otherUserId AND f."ReceiverId" = @userId))
ORDER BY f."CreatedAt"
2026-04-29 23:55:25.261 +05:30 [INF] Executing StatusCodeResult, setting HTTP status code 204
2026-04-29 23:55:25.261 +05:30 [INF] Executed action TradingJournal.API.Controllers.ForumController.MarkAsRead (TradingJournal.API) in 71.9374ms
2026-04-29 23:55:25.261 +05:30 [INF] Executed endpoint 'TradingJournal.API.Controllers.ForumController.MarkAsRead (TradingJournal.API)'
2026-04-29 23:55:25.261 +05:30 [INF] HTTP PUT /api/forum/dm/read/0a478092-7251-4b11-a785-05efbf8ad1f6 responded 204 in 72.4078 ms
2026-04-29 23:55:25.261 +05:30 [INF] Request finished HTTP/1.1 PUT http://localhost:5283/api/forum/dm/read/0a478092-7251-4b11-a785-05efbf8ad1f6 - 204 null null 72.7005ms
2026-04-29 23:55:25.262 +05:30 [INF] Executing OkObjectResult, writing value of type 'System.Collections.Generic.List`1[[TradingJournal.Application.DTOs.Forum.DirectMessageDto, TradingJournal.Application, Version=1.0.0.0, Culture=neutral, PublicKeyToken=null]]'.
2026-04-29 23:55:25.262 +05:30 [INF] Executed action TradingJournal.API.Controllers.ForumController.GetDirectMessages (TradingJournal.API) in 71.8812ms
2026-04-29 23:55:25.262 +05:30 [INF] Executed endpoint 'TradingJournal.API.Controllers.ForumController.GetDirectMessages (TradingJournal.API)'
2026-04-29 23:55:25.262 +05:30 [INF] HTTP GET /api/forum/dm/0a478092-7251-4b11-a785-05efbf8ad1f6 responded 200 in 72.6115 ms
2026-04-29 23:55:25.262 +05:30 [INF] Request finished HTTP/1.1 GET http://localhost:5283/api/forum/dm/0a478092-7251-4b11-a785-05efbf8ad1f6 - 200 null application/json; charset=utf-8 72.9368ms
2026-04-29 23:55:42.708 +05:30 [INF] Executed endpoint '/hubs/chat'
2026-04-29 23:55:42.708 +05:30 [INF] HTTP GET /hubs/chat responded 101 in 40098.4719 ms
2026-04-29 23:55:42.709 +05:30 [INF] Request finished HTTP/1.1 GET http://localhost:5283/hubs/chat?access_token=eyJhbGciOiJIUzI1NiIsInR5cCI6IkpXVCJ9.eyJzdWIiOiI5NTg3MGNjYi02MjQ4LTQxNDAtOTVjOS1mODViMWU3N2EzNGIiLCJlbWFpbCI6InRyYWRlckB0cmFkaW5nam91cm5hbC5jb20iLCJodHRwOi8vc2NoZW1hcy5taWNyb3NvZnQuY29tL3dzLzIwMDgvMDYvaWRlbnRpdHkvY2xhaW1zL3JvbGUiOiJVc2VyIiwiZmlyc3ROYW1lIjoiTWl0ZXNoIiwibGFzdE5hbWUiOiJUcmFkZXIiLCJqdGkiOiJhNjYzODBkMy01ZGEyLTQxYTItOGJmNi0xZGNhN2ZlNGIyODAiLCJleHAiOjE3Nzc0OTA2NTIsImlzcyI6IlRyYWRpbmdKb3VybmFsQVBJIiwiYXVkIjoiVHJhZGluZ0pvdXJuYWxDbGllbnQifQ.KEnVN3WgP5Q3F8CvCu7Aa8x5ZfjFrdrSk7vu5agt77I&id=_q83s4dHJ0efKekpmFv8Xw - 101 null null 40098.7387ms
2026-04-29 23:55:46.458 +05:30 [INF] Request starting HTTP/1.1 OPTIONS http://localhost:5283/api/auth/login - null null
2026-04-29 23:55:46.458 +05:30 [INF] CORS policy execution successful.
2026-04-29 23:55:46.458 +05:30 [INF] HTTP OPTIONS /api/auth/login responded 204 in 0.0736 ms
2026-04-29 23:55:46.458 +05:30 [INF] Request finished HTTP/1.1 OPTIONS http://localhost:5283/api/auth/login - 204 null null 0.2947ms
2026-04-29 23:55:46.460 +05:30 [INF] Request starting HTTP/1.1 POST http://localhost:5283/api/auth/login - application/json 59
2026-04-29 23:55:46.460 +05:30 [INF] CORS policy execution successful.
2026-04-29 23:55:46.460 +05:30 [INF] Executing endpoint 'TradingJournal.API.Controllers.AuthController.Login (TradingJournal.API)'
2026-04-29 23:55:46.460 +05:30 [INF] Route matched with {action = "Login", controller = "Auth"}. Executing controller action with signature System.Threading.Tasks.Task`1[Microsoft.AspNetCore.Mvc.ActionResult`1[TradingJournal.Application.DTOs.Auth.AuthResponseDto]] Login(TradingJournal.Application.DTOs.Auth.LoginDto) on controller TradingJournal.API.Controllers.AuthController (TradingJournal.API).
2026-04-29 23:55:46.461 +05:30 [INF] Login attempt for email: admin@tradingjournal.com
2026-04-29 23:55:46.510 +05:30 [INF] Executed DbCommand (2ms) [Parameters=[@email='?'], CommandType='"Text"', CommandTimeout='300']
SELECT u."Id", u."AccountBalance", u."AllowedSections", u."CreatedAt", u."Email", u."FirstName", u."IsActive", u."IsDeleted", u."LastName", u."PasswordHash", u."ProfileImageUrl", u."RefreshToken", u."RefreshTokenExpiry", u."Role", u."UpdatedAt"
FROM "Users" AS u
WHERE NOT (u."IsDeleted") AND u."Email" = @email
LIMIT 1
2026-04-29 23:55:46.696 +05:30 [INF] Executed DbCommand (13ms) [Parameters=[@p14='?' (DbType = Guid), @p0='?' (DbType = Decimal), @p1='?' (DbType = Object), @p2='?' (DbType = DateTime), @p3='?', @p4='?', @p5='?' (DbType = Boolean), @p6='?' (DbType = Boolean), @p7='?', @p8='?', @p9='?', @p10='?', @p11='?' (DbType = DateTime), @p12='?' (DbType = Int32), @p13='?' (DbType = DateTime)], CommandType='"Text"', CommandTimeout='300']
UPDATE "Users" SET "AccountBalance" = @p0, "AllowedSections" = @p1, "CreatedAt" = @p2, "Email" = @p3, "FirstName" = @p4, "IsActive" = @p5, "IsDeleted" = @p6, "LastName" = @p7, "PasswordHash" = @p8, "ProfileImageUrl" = @p9, "RefreshToken" = @p10, "RefreshTokenExpiry" = @p11, "Role" = @p12, "UpdatedAt" = @p13
WHERE "Id" = @p14;
2026-04-29 23:55:46.697 +05:30 [INF] Successful login for email: admin@tradingjournal.com
2026-04-29 23:55:46.697 +05:30 [INF] Executing OkObjectResult, writing value of type 'TradingJournal.Application.DTOs.Auth.AuthResponseDto'.
2026-04-29 23:55:46.697 +05:30 [INF] Executed action TradingJournal.API.Controllers.AuthController.Login (TradingJournal.API) in 237.1045ms
2026-04-29 23:55:46.697 +05:30 [INF] Executed endpoint 'TradingJournal.API.Controllers.AuthController.Login (TradingJournal.API)'
2026-04-29 23:55:46.697 +05:30 [INF] HTTP POST /api/auth/login responded 200 in 237.5452 ms
2026-04-29 23:55:46.698 +05:30 [INF] Request finished HTTP/1.1 POST http://localhost:5283/api/auth/login - 200 null application/json; charset=utf-8 237.7644ms
2026-04-29 23:55:46.738 +05:30 [INF] Request starting HTTP/1.1 OPTIONS http://localhost:5283/hubs/chat/negotiate?access_token=eyJhbGciOiJIUzI1NiIsInR5cCI6IkpXVCJ9.eyJzdWIiOiIwYTQ3ODA5Mi03MjUxLTRiMTEtYTc4NS0wNWVmYmY4YWQxZjYiLCJlbWFpbCI6ImFkbWluQHRyYWRpbmdqb3VybmFsLmNvbSIsImh0dHA6Ly9zY2hlbWFzLm1pY3Jvc29mdC5jb20vd3MvMjAwOC8wNi9pZGVudGl0eS9jbGFpbXMvcm9sZSI6IkFkbWluIiwiZmlyc3ROYW1lIjoiQWRtaW4iLCJsYXN0TmFtZSI6IlVzZXIiLCJqdGkiOiI2YjI4MWM1OC1hOWNiLTQ5MzYtYjc3OC1lNDA4YzZlOGQ2OTIiLCJleHAiOjE3Nzc0OTA3NDYsImlzcyI6IlRyYWRpbmdKb3VybmFsQVBJIiwiYXVkIjoiVHJhZGluZ0pvdXJuYWxDbGllbnQifQ.hWElgmpkRZ1rzVQIL7NZTeOF2QeAN0RKsLmBCYHqMd0&negotiateVersion=1 - null null
2026-04-29 23:55:46.738 +05:30 [INF] CORS policy execution successful.
2026-04-29 23:55:46.738 +05:30 [INF] HTTP OPTIONS /hubs/chat/negotiate responded 204 in 0.1864 ms
2026-04-29 23:55:46.739 +05:30 [INF] Request finished HTTP/1.1 OPTIONS http://localhost:5283/hubs/chat/negotiate?access_token=eyJhbGciOiJIUzI1NiIsInR5cCI6IkpXVCJ9.eyJzdWIiOiIwYTQ3ODA5Mi03MjUxLTRiMTEtYTc4NS0wNWVmYmY4YWQxZjYiLCJlbWFpbCI6ImFkbWluQHRyYWRpbmdqb3VybmFsLmNvbSIsImh0dHA6Ly9zY2hlbWFzLm1pY3Jvc29mdC5jb20vd3MvMjAwOC8wNi9pZGVudGl0eS9jbGFpbXMvcm9sZSI6IkFkbWluIiwiZmlyc3ROYW1lIjoiQWRtaW4iLCJsYXN0TmFtZSI6IlVzZXIiLCJqdGkiOiI2YjI4MWM1OC1hOWNiLTQ5MzYtYjc3OC1lNDA4YzZlOGQ2OTIiLCJleHAiOjE3Nzc0OTA3NDYsImlzcyI6IlRyYWRpbmdKb3VybmFsQVBJIiwiYXVkIjoiVHJhZGluZ0pvdXJuYWxDbGllbnQifQ.hWElgmpkRZ1rzVQIL7NZTeOF2QeAN0RKsLmBCYHqMd0&negotiateVersion=1 - 204 null null 0.4834ms
2026-04-29 23:55:46.739 +05:30 [INF] Request starting HTTP/1.1 OPTIONS http://localhost:5283/api/forum/dm/unread - null null
2026-04-29 23:55:46.739 +05:30 [INF] CORS policy execution successful.
2026-04-29 23:55:46.739 +05:30 [INF] HTTP OPTIONS /api/forum/dm/unread responded 204 in 0.1013 ms
2026-04-29 23:55:46.739 +05:30 [INF] Request finished HTTP/1.1 OPTIONS http://localhost:5283/api/forum/dm/unread - 204 null null 0.2922ms
2026-04-29 23:55:46.742 +05:30 [INF] Request starting HTTP/1.1 OPTIONS http://localhost:5283/api/dashboard/summary - null null
2026-04-29 23:55:46.742 +05:30 [INF] CORS policy execution successful.
2026-04-29 23:55:46.742 +05:30 [INF] HTTP OPTIONS /api/dashboard/summary responded 204 in 0.1793 ms
2026-04-29 23:55:46.742 +05:30 [INF] Request finished HTTP/1.1 OPTIONS http://localhost:5283/api/dashboard/summary - 204 null null 0.4458ms
2026-04-29 23:55:46.747 +05:30 [INF] Request starting HTTP/1.1 POST http://localhost:5283/hubs/chat/negotiate?access_token=eyJhbGciOiJIUzI1NiIsInR5cCI6IkpXVCJ9.eyJzdWIiOiIwYTQ3ODA5Mi03MjUxLTRiMTEtYTc4NS0wNWVmYmY4YWQxZjYiLCJlbWFpbCI6ImFkbWluQHRyYWRpbmdqb3VybmFsLmNvbSIsImh0dHA6Ly9zY2hlbWFzLm1pY3Jvc29mdC5jb20vd3MvMjAwOC8wNi9pZGVudGl0eS9jbGFpbXMvcm9sZSI6IkFkbWluIiwiZmlyc3ROYW1lIjoiQWRtaW4iLCJsYXN0TmFtZSI6IlVzZXIiLCJqdGkiOiI2YjI4MWM1OC1hOWNiLTQ5MzYtYjc3OC1lNDA4YzZlOGQ2OTIiLCJleHAiOjE3Nzc0OTA3NDYsImlzcyI6IlRyYWRpbmdKb3VybmFsQVBJIiwiYXVkIjoiVHJhZGluZ0pvdXJuYWxDbGllbnQifQ.hWElgmpkRZ1rzVQIL7NZTeOF2QeAN0RKsLmBCYHqMd0&negotiateVersion=1 - null 0
2026-04-29 23:55:46.747 +05:30 [INF] CORS policy execution successful.
2026-04-29 23:55:46.748 +05:30 [INF] Executing endpoint '/hubs/chat/negotiate'
2026-04-29 23:55:46.748 +05:30 [INF] Request starting HTTP/1.1 GET http://localhost:5283/api/forum/dm/unread - null null
2026-04-29 23:55:46.748 +05:30 [INF] Executed endpoint '/hubs/chat/negotiate'
2026-04-29 23:55:46.748 +05:30 [INF] CORS policy execution successful.
2026-04-29 23:55:46.748 +05:30 [INF] HTTP POST /hubs/chat/negotiate responded 200 in 0.5680 ms
2026-04-29 23:55:46.748 +05:30 [INF] Request finished HTTP/1.1 POST http://localhost:5283/hubs/chat/negotiate?access_token=eyJhbGciOiJIUzI1NiIsInR5cCI6IkpXVCJ9.eyJzdWIiOiIwYTQ3ODA5Mi03MjUxLTRiMTEtYTc4NS0wNWVmYmY4YWQxZjYiLCJlbWFpbCI6ImFkbWluQHRyYWRpbmdqb3VybmFsLmNvbSIsImh0dHA6Ly9zY2hlbWFzLm1pY3Jvc29mdC5jb20vd3MvMjAwOC8wNi9pZGVudGl0eS9jbGFpbXMvcm9sZSI6IkFkbWluIiwiZmlyc3ROYW1lIjoiQWRtaW4iLCJsYXN0TmFtZSI6IlVzZXIiLCJqdGkiOiI2YjI4MWM1OC1hOWNiLTQ5MzYtYjc3OC1lNDA4YzZlOGQ2OTIiLCJleHAiOjE3Nzc0OTA3NDYsImlzcyI6IlRyYWRpbmdKb3VybmFsQVBJIiwiYXVkIjoiVHJhZGluZ0pvdXJuYWxDbGllbnQifQ.hWElgmpkRZ1rzVQIL7NZTeOF2QeAN0RKsLmBCYHqMd0&negotiateVersion=1 - 200 316 application/json 0.909ms
2026-04-29 23:55:46.748 +05:30 [INF] Executing endpoint 'TradingJournal.API.Controllers.ForumController.GetUnreadCount (TradingJournal.API)'
2026-04-29 23:55:46.748 +05:30 [INF] Route matched with {action = "GetUnreadCount", controller = "Forum"}. Executing controller action with signature System.Threading.Tasks.Task`1[Microsoft.AspNetCore.Mvc.IActionResult] GetUnreadCount() on controller TradingJournal.API.Controllers.ForumController (TradingJournal.API).
2026-04-29 23:55:46.750 +05:30 [INF] Request starting HTTP/1.1 GET http://localhost:5283/api/dashboard/summary - null null
2026-04-29 23:55:46.750 +05:30 [INF] CORS policy execution successful.
2026-04-29 23:55:46.751 +05:30 [INF] Executing endpoint 'TradingJournal.API.Controllers.DashboardController.GetSummary (TradingJournal.API)'
2026-04-29 23:55:46.751 +05:30 [INF] Route matched with {action = "GetSummary", controller = "Dashboard"}. Executing controller action with signature System.Threading.Tasks.Task`1[Microsoft.AspNetCore.Mvc.ActionResult`1[TradingJournal.Application.DTOs.Dashboard.DashboardSummaryDto]] GetSummary() on controller TradingJournal.API.Controllers.DashboardController (TradingJournal.API).
2026-04-29 23:55:46.751 +05:30 [INF] Fetching dashboard summary for user: "0a478092-7251-4b11-a785-05efbf8ad1f6"
2026-04-29 23:55:46.758 +05:30 [INF] Request starting HTTP/1.1 GET http://localhost:5283/hubs/chat?access_token=eyJhbGciOiJIUzI1NiIsInR5cCI6IkpXVCJ9.eyJzdWIiOiIwYTQ3ODA5Mi03MjUxLTRiMTEtYTc4NS0wNWVmYmY4YWQxZjYiLCJlbWFpbCI6ImFkbWluQHRyYWRpbmdqb3VybmFsLmNvbSIsImh0dHA6Ly9zY2hlbWFzLm1pY3Jvc29mdC5jb20vd3MvMjAwOC8wNi9pZGVudGl0eS9jbGFpbXMvcm9sZSI6IkFkbWluIiwiZmlyc3ROYW1lIjoiQWRtaW4iLCJsYXN0TmFtZSI6IlVzZXIiLCJqdGkiOiI2YjI4MWM1OC1hOWNiLTQ5MzYtYjc3OC1lNDA4YzZlOGQ2OTIiLCJleHAiOjE3Nzc0OTA3NDYsImlzcyI6IlRyYWRpbmdKb3VybmFsQVBJIiwiYXVkIjoiVHJhZGluZ0pvdXJuYWxDbGllbnQifQ.hWElgmpkRZ1rzVQIL7NZTeOF2QeAN0RKsLmBCYHqMd0&id=GuhE4sD2oPfvYToBbkHUuw - null null
2026-04-29 23:55:46.758 +05:30 [INF] CORS policy execution successful.
2026-04-29 23:55:46.760 +05:30 [INF] Executing endpoint '/hubs/chat'
2026-04-29 23:55:46.811 +05:30 [INF] Executed DbCommand (3ms) [Parameters=[@userId='?' (DbType = Guid)], CommandType='"Text"', CommandTimeout='300']
SELECT count(*)::int
FROM "ForumMessages" AS f
WHERE NOT (f."IsDeleted") AND f."ChannelType" = 2 AND f."ReceiverId" = @userId AND NOT (f."IsRead")
2026-04-29 23:55:46.811 +05:30 [INF] Executing OkObjectResult, writing value of type 'TradingJournal.Application.DTOs.Forum.UnreadCountDto'.
2026-04-29 23:55:46.811 +05:30 [INF] Executed action TradingJournal.API.Controllers.ForumController.GetUnreadCount (TradingJournal.API) in 63.126ms
2026-04-29 23:55:46.812 +05:30 [INF] Executed endpoint 'TradingJournal.API.Controllers.ForumController.GetUnreadCount (TradingJournal.API)'
2026-04-29 23:55:46.812 +05:30 [INF] HTTP GET /api/forum/dm/unread responded 200 in 63.5973 ms
2026-04-29 23:55:46.812 +05:30 [INF] Request finished HTTP/1.1 GET http://localhost:5283/api/forum/dm/unread - 200 null application/json; charset=utf-8 63.8389ms
2026-04-29 23:55:46.812 +05:30 [INF] Executed DbCommand (3ms) [Parameters=[@userId='?' (DbType = Guid)], CommandType='"Text"', CommandTimeout='300']
SELECT t."Id", t."CreatedAt", t."EntryPrice", t."ExitPrice", t."InstrumentId", t."IsDeleted", t."LotSize", t."Notes", t."ProfitLoss", t."Result", t."RiskPercentage", t."RiskRewardRatio", t."StopLoss", t."Tags", t."TakeProfit", t."TradeDate", t."TradeDurationMinutes", t."TradeType", t."TradingAccountId", t."UpdatedAt", t."UserId", i0."Id", i0."CreatedAt", i0."Description", i0."IsDeleted", i0."MaxLot", i0."Name", i0."Notes", i0."SafeLotSize", i0."Symbol", i0."UpdatedAt", i0."UserId", i0."VolatilityLevel"
FROM "Trades" AS t
INNER JOIN (
    SELECT i."Id", i."CreatedAt", i."Description", i."IsDeleted", i."MaxLot", i."Name", i."Notes", i."SafeLotSize", i."Symbol", i."UpdatedAt", i."UserId", i."VolatilityLevel"
    FROM "Instruments" AS i
    WHERE NOT (i."IsDeleted")
) AS i0 ON t."InstrumentId" = i0."Id"
WHERE NOT (t."IsDeleted") AND t."UserId" = @userId
ORDER BY t."TradeDate"
2026-04-29 23:55:46.857 +05:30 [INF] Executed DbCommand (1ms) [Parameters=[@userId='?' (DbType = Guid)], CommandType='"Text"', CommandTimeout='300']
SELECT t."Id", t."Balance", t."Broker", t."CreatedAt", t."Currency", t."DailyDrawdownLimitPct", t."Has5xLotRule", t."IsDefault", t."IsDeleted", t."IsPropFirm", t."MaxAllowedLotSize", t."MaxOverallLossPct", t."MaxRiskPerTradePctOfDailyLimit", t."Name", t."ProfitSplitPct", t."ProfitTargetPct", t."UpdatedAt", t."UseDynamicEquity", t."UserId"
FROM "TradingAccounts" AS t
WHERE NOT (t."IsDeleted") AND t."UserId" = @userId AND t."IsDefault" AND NOT (t."IsDeleted")
LIMIT 1
2026-04-29 23:55:46.899 +05:30 [INF] Executed DbCommand (2ms) [Parameters=[@userId='?' (DbType = Guid)], CommandType='"Text"', CommandTimeout='300']
SELECT t."Id", t."Balance", t."Broker", t."CreatedAt", t."Currency", t."DailyDrawdownLimitPct", t."Has5xLotRule", t."IsDefault", t."IsDeleted", t."IsPropFirm", t."MaxAllowedLotSize", t."MaxOverallLossPct", t."MaxRiskPerTradePctOfDailyLimit", t."Name", t."ProfitSplitPct", t."ProfitTargetPct", t."UpdatedAt", t."UseDynamicEquity", t."UserId"
FROM "TradingAccounts" AS t
WHERE NOT (t."IsDeleted") AND t."UserId" = @userId AND NOT (t."IsDeleted")
ORDER BY t."CreatedAt" DESC
LIMIT 1
2026-04-29 23:55:46.945 +05:30 [INF] Executed DbCommand (1ms) [Parameters=[@userId='?' (DbType = Guid)], CommandType='"Text"', CommandTimeout='300']
SELECT a."Id", a."CreatedAt", a."DailyLossLimit", a."Email", a."EmailAlertEnabled", a."IsActive", a."IsDeleted", a."MaxDrawdownPercent", a."MaxTradesPerDay", a."UpdatedAt", a."UserId"
FROM "Alerts" AS a
WHERE a."UserId" = @userId
LIMIT 1
2026-04-29 23:55:46.990 +05:30 [INF] Executed DbCommand (1ms) [Parameters=[@userId='?' (DbType = Guid)], CommandType='"Text"', CommandTimeout='300']
SELECT i."Id", i."CreatedAt", i."Description", i."IsDeleted", i."MaxLot", i."Name", i."Notes", i."SafeLotSize", i."Symbol", i."UpdatedAt", i."UserId", i."VolatilityLevel"
FROM "Instruments" AS i
WHERE NOT (i."IsDeleted") AND i."UserId" = @userId
2026-04-29 23:55:46.990 +05:30 [INF] Executing OkObjectResult, writing value of type 'TradingJournal.Application.DTOs.Dashboard.DashboardSummaryDto'.
2026-04-29 23:55:46.990 +05:30 [INF] Executed action TradingJournal.API.Controllers.DashboardController.GetSummary (TradingJournal.API) in 239.7058ms
2026-04-29 23:55:46.990 +05:30 [INF] Executed endpoint 'TradingJournal.API.Controllers.DashboardController.GetSummary (TradingJournal.API)'
2026-04-29 23:55:46.991 +05:30 [INF] HTTP GET /api/dashboard/summary responded 200 in 240.2231 ms
2026-04-29 23:55:46.991 +05:30 [INF] Request finished HTTP/1.1 GET http://localhost:5283/api/dashboard/summary - 200 null application/json; charset=utf-8 240.4945ms
2026-04-29 23:55:52.549 +05:30 [INF] Request starting HTTP/1.1 OPTIONS http://localhost:5283/api/forum/public?page=1&pageSize=50 - null null
2026-04-29 23:55:52.549 +05:30 [INF] CORS policy execution successful.
2026-04-29 23:55:52.549 +05:30 [INF] HTTP OPTIONS /api/forum/public responded 204 in 0.0865 ms
2026-04-29 23:55:52.549 +05:30 [INF] Request finished HTTP/1.1 OPTIONS http://localhost:5283/api/forum/public?page=1&pageSize=50 - 204 null null 0.3444ms
2026-04-29 23:55:52.552 +05:30 [INF] Request starting HTTP/1.1 GET http://localhost:5283/api/forum/public?page=1&pageSize=50 - null null
2026-04-29 23:55:52.552 +05:30 [INF] CORS policy execution successful.
2026-04-29 23:55:52.553 +05:30 [INF] Executing endpoint 'TradingJournal.API.Controllers.ForumController.GetPublicMessages (TradingJournal.API)'
2026-04-29 23:55:52.553 +05:30 [INF] Route matched with {action = "GetPublicMessages", controller = "Forum"}. Executing controller action with signature System.Threading.Tasks.Task`1[Microsoft.AspNetCore.Mvc.IActionResult] GetPublicMessages(Int32, Int32) on controller TradingJournal.API.Controllers.ForumController (TradingJournal.API).
2026-04-29 23:55:52.607 +05:30 [INF] Executed DbCommand (3ms) [Parameters=[@p1='?' (DbType = Int32), @p='?' (DbType = Int32)], CommandType='"Text"', CommandTimeout='300']
SELECT f0."Id", f0."AuthorId", f0."ChannelType", f0."Content", f0."CreatedAt", f0."EditedAt", f0."IsDeleted", f0."IsEdited", f0."IsRead", f0."ParentMessageId", f0."ReceiverId", f0."SenderId", f0."UpdatedAt", u0."Id", u0."AccountBalance", u0."AllowedSections", u0."CreatedAt", u0."Email", u0."FirstName", u0."IsActive", u0."IsDeleted", u0."LastName", u0."PasswordHash", u0."ProfileImageUrl", u0."RefreshToken", u0."RefreshTokenExpiry", u0."Role", u0."UpdatedAt", f2."Id", f2."AuthorId", f2."ChannelType", f2."Content", f2."CreatedAt", f2."EditedAt", f2."IsDeleted", f2."IsEdited", f2."IsRead", f2."ParentMessageId", f2."ReceiverId", f2."SenderId", f2."UpdatedAt"
FROM (
    SELECT f."Id", f."AuthorId", f."ChannelType", f."Content", f."CreatedAt", f."EditedAt", f."IsDeleted", f."IsEdited", f."IsRead", f."ParentMessageId", f."ReceiverId", f."SenderId", f."UpdatedAt"
    FROM "ForumMessages" AS f
    WHERE NOT (f."IsDeleted") AND f."ChannelType" = 1 AND f."ParentMessageId" IS NULL
    ORDER BY f."CreatedAt" DESC
    LIMIT @p1 OFFSET @p
) AS f0
INNER JOIN (
    SELECT u."Id", u."AccountBalance", u."AllowedSections", u."CreatedAt", u."Email", u."FirstName", u."IsActive", u."IsDeleted", u."LastName", u."PasswordHash", u."ProfileImageUrl", u."RefreshToken", u."RefreshTokenExpiry", u."Role", u."UpdatedAt"
    FROM "Users" AS u
    WHERE NOT (u."IsDeleted")
) AS u0 ON f0."AuthorId" = u0."Id"
LEFT JOIN (
    SELECT f1."Id", f1."AuthorId", f1."ChannelType", f1."Content", f1."CreatedAt", f1."EditedAt", f1."IsDeleted", f1."IsEdited", f1."IsRead", f1."ParentMessageId", f1."ReceiverId", f1."SenderId", f1."UpdatedAt"
    FROM "ForumMessages" AS f1
    WHERE NOT (f1."IsDeleted")
) AS f2 ON f0."Id" = f2."ParentMessageId"
ORDER BY f0."CreatedAt" DESC, f0."Id", u0."Id"
2026-04-29 23:55:52.654 +05:30 [INF] Executed DbCommand (2ms) [Parameters=[], CommandType='"Text"', CommandTimeout='300']
SELECT count(*)::int
FROM "ForumMessages" AS f
WHERE NOT (f."IsDeleted") AND f."ChannelType" = 1 AND f."ParentMessageId" IS NULL
2026-04-29 23:55:52.655 +05:30 [INF] Executing OkObjectResult, writing value of type '<>f__AnonymousType2`2[[System.Collections.Generic.List`1[[TradingJournal.Application.DTOs.Forum.ForumMessageDto, TradingJournal.Application, Version=1.0.0.0, Culture=neutral, PublicKeyToken=null]], System.Private.CoreLib, Version=10.0.0.0, Culture=neutral, PublicKeyToken=7cec85d7bea7798e],[System.Int32, System.Private.CoreLib, Version=10.0.0.0, Culture=neutral, PublicKeyToken=7cec85d7bea7798e]]'.
2026-04-29 23:55:52.655 +05:30 [INF] Executed action TradingJournal.API.Controllers.ForumController.GetPublicMessages (TradingJournal.API) in 102.255ms
2026-04-29 23:55:52.655 +05:30 [INF] Executed endpoint 'TradingJournal.API.Controllers.ForumController.GetPublicMessages (TradingJournal.API)'
2026-04-29 23:55:52.655 +05:30 [INF] HTTP GET /api/forum/public responded 200 in 103.0216 ms
2026-04-29 23:55:52.655 +05:30 [INF] Request finished HTTP/1.1 GET http://localhost:5283/api/forum/public?page=1&pageSize=50 - 200 null application/json; charset=utf-8 103.2866ms
2026-04-29 23:55:53.772 +05:30 [INF] Request starting HTTP/1.1 OPTIONS http://localhost:5283/api/forum/users - null null
2026-04-29 23:55:53.772 +05:30 [INF] CORS policy execution successful.
2026-04-29 23:55:53.772 +05:30 [INF] HTTP OPTIONS /api/forum/users responded 204 in 0.0808 ms
2026-04-29 23:55:53.772 +05:30 [INF] Request finished HTTP/1.1 OPTIONS http://localhost:5283/api/forum/users - 204 null null 0.3029ms
2026-04-29 23:55:53.776 +05:30 [INF] Request starting HTTP/1.1 GET http://localhost:5283/api/forum/users - null null
2026-04-29 23:55:53.776 +05:30 [INF] CORS policy execution successful.
2026-04-29 23:55:53.776 +05:30 [INF] Executing endpoint 'TradingJournal.API.Controllers.ForumController.GetUsersForChat (TradingJournal.API)'
2026-04-29 23:55:53.776 +05:30 [INF] Route matched with {action = "GetUsersForChat", controller = "Forum"}. Executing controller action with signature System.Threading.Tasks.Task`1[Microsoft.AspNetCore.Mvc.IActionResult] GetUsersForChat(TradingJournal.Infrastructure.Data.ApplicationDbContext) on controller TradingJournal.API.Controllers.ForumController (TradingJournal.API).
2026-04-29 23:55:53.834 +05:30 [INF] Executed DbCommand (1ms) [Parameters=[@currentUserId='?' (DbType = Guid)], CommandType='"Text"', CommandTimeout='300']
SELECT u."Id", u."FirstName" || ' ' || u."LastName" AS "Name", u."Email"
FROM "Users" AS u
WHERE NOT (u."IsDeleted") AND u."Id" <> @currentUserId AND NOT (u."IsDeleted")
2026-04-29 23:55:53.834 +05:30 [INF] Executing OkObjectResult, writing value of type 'System.Collections.Generic.List`1[[<>f__AnonymousType3`3[[System.Guid, System.Private.CoreLib, Version=10.0.0.0, Culture=neutral, PublicKeyToken=7cec85d7bea7798e],[System.String, System.Private.CoreLib, Version=10.0.0.0, Culture=neutral, PublicKeyToken=7cec85d7bea7798e],[System.String, System.Private.CoreLib, Version=10.0.0.0, Culture=neutral, PublicKeyToken=7cec85d7bea7798e]], TradingJournal.API, Version=1.0.0.0, Culture=neutral, PublicKeyToken=null]]'.
2026-04-29 23:55:53.834 +05:30 [INF] Executed action TradingJournal.API.Controllers.ForumController.GetUsersForChat (TradingJournal.API) in 57.8201ms
2026-04-29 23:55:53.834 +05:30 [INF] Executed endpoint 'TradingJournal.API.Controllers.ForumController.GetUsersForChat (TradingJournal.API)'
2026-04-29 23:55:53.834 +05:30 [INF] HTTP GET /api/forum/users responded 200 in 58.4979 ms
2026-04-29 23:55:53.835 +05:30 [INF] Request finished HTTP/1.1 GET http://localhost:5283/api/forum/users - 200 null application/json; charset=utf-8 58.7856ms
2026-04-29 23:55:54.941 +05:30 [INF] Request starting HTTP/1.1 OPTIONS http://localhost:5283/api/forum/dm/read/95870ccb-6248-4140-95c9-f85b1e77a34b - null null
2026-04-29 23:55:54.941 +05:30 [INF] CORS policy execution successful.
2026-04-29 23:55:54.941 +05:30 [INF] Request starting HTTP/1.1 OPTIONS http://localhost:5283/api/forum/dm/95870ccb-6248-4140-95c9-f85b1e77a34b - null null
2026-04-29 23:55:54.941 +05:30 [INF] HTTP OPTIONS /api/forum/dm/read/95870ccb-6248-4140-95c9-f85b1e77a34b responded 204 in 0.1488 ms
2026-04-29 23:55:54.941 +05:30 [INF] CORS policy execution successful.
2026-04-29 23:55:54.941 +05:30 [INF] Request finished HTTP/1.1 OPTIONS http://localhost:5283/api/forum/dm/read/95870ccb-6248-4140-95c9-f85b1e77a34b - 204 null null 0.4616ms
2026-04-29 23:55:54.941 +05:30 [INF] HTTP OPTIONS /api/forum/dm/95870ccb-6248-4140-95c9-f85b1e77a34b responded 204 in 0.0775 ms
2026-04-29 23:55:54.942 +05:30 [INF] Request finished HTTP/1.1 OPTIONS http://localhost:5283/api/forum/dm/95870ccb-6248-4140-95c9-f85b1e77a34b - 204 null null 0.2115ms
2026-04-29 23:55:54.944 +05:30 [INF] Request starting HTTP/1.1 PUT http://localhost:5283/api/forum/dm/read/95870ccb-6248-4140-95c9-f85b1e77a34b - application/json 2
2026-04-29 23:55:54.944 +05:30 [INF] CORS policy execution successful.
2026-04-29 23:55:54.944 +05:30 [INF] Request starting HTTP/1.1 GET http://localhost:5283/api/forum/dm/95870ccb-6248-4140-95c9-f85b1e77a34b - null null
2026-04-29 23:55:54.944 +05:30 [INF] CORS policy execution successful.
2026-04-29 23:55:54.944 +05:30 [INF] Executing endpoint 'TradingJournal.API.Controllers.ForumController.GetDirectMessages (TradingJournal.API)'
2026-04-29 23:55:54.944 +05:30 [INF] Executing endpoint 'TradingJournal.API.Controllers.ForumController.MarkAsRead (TradingJournal.API)'
2026-04-29 23:55:54.944 +05:30 [INF] Route matched with {action = "GetDirectMessages", controller = "Forum"}. Executing controller action with signature System.Threading.Tasks.Task`1[Microsoft.AspNetCore.Mvc.IActionResult] GetDirectMessages(System.Guid) on controller TradingJournal.API.Controllers.ForumController (TradingJournal.API).
2026-04-29 23:55:54.944 +05:30 [INF] Route matched with {action = "MarkAsRead", controller = "Forum"}. Executing controller action with signature System.Threading.Tasks.Task`1[Microsoft.AspNetCore.Mvc.IActionResult] MarkAsRead(System.Guid) on controller TradingJournal.API.Controllers.ForumController (TradingJournal.API).
2026-04-29 23:55:55.011 +05:30 [INF] Executed DbCommand (4ms) [Parameters=[@senderId='?' (DbType = Guid), @receiverId='?' (DbType = Guid)], CommandType='"Text"', CommandTimeout='300']
SELECT f."Id", f."AuthorId", f."ChannelType", f."Content", f."CreatedAt", f."EditedAt", f."IsDeleted", f."IsEdited", f."IsRead", f."ParentMessageId", f."ReceiverId", f."SenderId", f."UpdatedAt"
FROM "ForumMessages" AS f
WHERE NOT (f."IsDeleted") AND f."ChannelType" = 2 AND f."SenderId" = @senderId AND f."ReceiverId" = @receiverId AND NOT (f."IsRead")
2026-04-29 23:55:55.011 +05:30 [INF] Executed DbCommand (5ms) [Parameters=[@userId='?' (DbType = Guid), @otherUserId='?' (DbType = Guid)], CommandType='"Text"', CommandTimeout='300']
SELECT f."Id", f."AuthorId", f."ChannelType", f."Content", f."CreatedAt", f."EditedAt", f."IsDeleted", f."IsEdited", f."IsRead", f."ParentMessageId", f."ReceiverId", f."SenderId", f."UpdatedAt", u0."Id", u0."AccountBalance", u0."AllowedSections", u0."CreatedAt", u0."Email", u0."FirstName", u0."IsActive", u0."IsDeleted", u0."LastName", u0."PasswordHash", u0."ProfileImageUrl", u0."RefreshToken", u0."RefreshTokenExpiry", u0."Role", u0."UpdatedAt"
FROM "ForumMessages" AS f
INNER JOIN (
    SELECT u."Id", u."AccountBalance", u."AllowedSections", u."CreatedAt", u."Email", u."FirstName", u."IsActive", u."IsDeleted", u."LastName", u."PasswordHash", u."ProfileImageUrl", u."RefreshToken", u."RefreshTokenExpiry", u."Role", u."UpdatedAt"
    FROM "Users" AS u
    WHERE NOT (u."IsDeleted")
) AS u0 ON f."AuthorId" = u0."Id"
WHERE NOT (f."IsDeleted") AND f."ChannelType" = 2 AND ((f."SenderId" = @userId AND f."ReceiverId" = @otherUserId) OR (f."SenderId" = @otherUserId AND f."ReceiverId" = @userId))
ORDER BY f."CreatedAt"
2026-04-29 23:55:55.011 +05:30 [INF] Executing OkObjectResult, writing value of type 'System.Collections.Generic.List`1[[TradingJournal.Application.DTOs.Forum.DirectMessageDto, TradingJournal.Application, Version=1.0.0.0, Culture=neutral, PublicKeyToken=null]]'.
2026-04-29 23:55:55.012 +05:30 [INF] Executed action TradingJournal.API.Controllers.ForumController.GetDirectMessages (TradingJournal.API) in 67.3851ms
2026-04-29 23:55:55.012 +05:30 [INF] Executed endpoint 'TradingJournal.API.Controllers.ForumController.GetDirectMessages (TradingJournal.API)'
2026-04-29 23:55:55.012 +05:30 [INF] HTTP GET /api/forum/dm/95870ccb-6248-4140-95c9-f85b1e77a34b responded 200 in 67.7840 ms
2026-04-29 23:55:55.012 +05:30 [INF] Request finished HTTP/1.1 GET http://localhost:5283/api/forum/dm/95870ccb-6248-4140-95c9-f85b1e77a34b - 200 null application/json; charset=utf-8 68.0597ms
2026-04-29 23:55:55.064 +05:30 [INF] Executed DbCommand (2ms) [Parameters=[@p1='?' (DbType = Guid), @p0='?' (DbType = Boolean)], CommandType='"Text"', CommandTimeout='300']
UPDATE "ForumMessages" SET "IsRead" = @p0
WHERE "Id" = @p1;
2026-04-29 23:55:55.065 +05:30 [INF] Executing StatusCodeResult, setting HTTP status code 204
2026-04-29 23:55:55.066 +05:30 [INF] Executed action TradingJournal.API.Controllers.ForumController.MarkAsRead (TradingJournal.API) in 120.9869ms
2026-04-29 23:55:55.066 +05:30 [INF] Executed endpoint 'TradingJournal.API.Controllers.ForumController.MarkAsRead (TradingJournal.API)'
2026-04-29 23:55:55.066 +05:30 [INF] HTTP PUT /api/forum/dm/read/95870ccb-6248-4140-95c9-f85b1e77a34b responded 204 in 121.4315 ms
2026-04-29 23:55:55.066 +05:30 [INF] Request finished HTTP/1.1 PUT http://localhost:5283/api/forum/dm/read/95870ccb-6248-4140-95c9-f85b1e77a34b - 204 null null 121.6763ms
