2026-05-10 17:59:19.778 +05:30 [WRN] Entity 'User' has a global query filter defined and is the required end of a relationship with the entity 'Alert'. This may lead to unexpected results when the required entity is filtered out. Either configure the navigation as optional, or define matching query filters for both entities in the navigation. See https://go.microsoft.com/fwlink/?linkid=2131316 for more information.
2026-05-10 18:18:08.547 +05:30 [WRN] Entity 'User' has a global query filter defined and is the required end of a relationship with the entity 'Alert'. This may lead to unexpected results when the required entity is filtered out. Either configure the navigation as optional, or define matching query filters for both entities in the navigation. See https://go.microsoft.com/fwlink/?linkid=2131316 for more information.
2026-05-10 18:18:08.982 +05:30 [INF] Executed DbCommand (24ms) [Parameters=[], CommandType='"Text"', CommandTimeout='300']
SELECT "MigrationId", "ProductVersion"
FROM "__EFMigrationsHistory"
ORDER BY "MigrationId";
2026-05-10 18:18:09.266 +05:30 [INF] Executed DbCommand (6ms) [Parameters=[], CommandType='"Text"', CommandTimeout='300']
SELECT 1
2026-05-10 18:18:09.420 +05:30 [INF] Executed DbCommand (22ms) [Parameters=[], CommandType='"Text"', CommandTimeout='300']
CREATE TABLE IF NOT EXISTS "__EFMigrationsHistory" (
    "MigrationId" character varying(150) NOT NULL,
    "ProductVersion" character varying(32) NOT NULL,
    CONSTRAINT "PK___EFMigrationsHistory" PRIMARY KEY ("MigrationId")
);
2026-05-10 18:18:09.447 +05:30 [INF] Executed DbCommand (6ms) [Parameters=[], CommandType='"Text"', CommandTimeout='300']
LOCK TABLE "__EFMigrationsHistory" IN ACCESS EXCLUSIVE MODE
2026-05-10 18:18:09.454 +05:30 [INF] Executed DbCommand (4ms) [Parameters=[], CommandType='"Text"', CommandTimeout='300']
SELECT "MigrationId", "ProductVersion"
FROM "__EFMigrationsHistory"
ORDER BY "MigrationId";
2026-05-10 18:18:09.465 +05:30 [INF] Applying migration '20260510122921_AddPropFirmPresetAndAccountFields'.
2026-05-10 18:18:09.579 +05:30 [INF] Executed DbCommand (70ms) [Parameters=[], CommandType='"Text"', CommandTimeout='300']
ALTER TABLE "TradingAccounts" ALTER COLUMN "Name" TYPE character varying(100);
2026-05-10 18:18:09.583 +05:30 [INF] Executed DbCommand (3ms) [Parameters=[], CommandType='"Text"', CommandTimeout='300']
ALTER TABLE "TradingAccounts" ADD "MinTradingDays" integer NOT NULL DEFAULT 0;
2026-05-10 18:18:09.584 +05:30 [INF] Executed DbCommand (1ms) [Parameters=[], CommandType='"Text"', CommandTimeout='300']
ALTER TABLE "TradingAccounts" ADD "NewsTradeAllowed" boolean NOT NULL DEFAULT FALSE;
2026-05-10 18:18:09.586 +05:30 [INF] Executed DbCommand (1ms) [Parameters=[], CommandType='"Text"', CommandTimeout='300']
ALTER TABLE "TradingAccounts" ADD "PropFirmName" character varying(100);
2026-05-10 18:18:09.587 +05:30 [INF] Executed DbCommand (1ms) [Parameters=[], CommandType='"Text"', CommandTimeout='300']
ALTER TABLE "TradingAccounts" ADD "PropFirmPlan" character varying(150);
2026-05-10 18:18:09.588 +05:30 [INF] Executed DbCommand (1ms) [Parameters=[], CommandType='"Text"', CommandTimeout='300']
ALTER TABLE "TradingAccounts" ADD "WeekendHoldingAllowed" boolean NOT NULL DEFAULT FALSE;
2026-05-10 18:18:09.606 +05:30 [INF] Executed DbCommand (18ms) [Parameters=[], CommandType='"Text"', CommandTimeout='300']
CREATE TABLE "PropFirmPresets" (
    "Id" uuid NOT NULL,
    "FirmName" character varying(100) NOT NULL,
    "PlanName" character varying(150) NOT NULL,
    "AccountSize" numeric(18,2) NOT NULL,
    "DailyDrawdownLimitPct" numeric(5,2) NOT NULL,
    "MaxOverallLossPct" numeric(5,2) NOT NULL,
    "ProfitTargetPct" numeric(5,2) NOT NULL,
    "ProfitSplitPct" numeric(5,2) NOT NULL,
    "MinTradingDays" integer NOT NULL,
    "MaxAllowedLotSize" numeric(18,4) NOT NULL,
    "Has5xLotRule" boolean NOT NULL,
    "MaxRiskPerTradePctOfDailyLimit" numeric(5,2) NOT NULL,
    "UseDynamicEquity" boolean NOT NULL,
    "NewsTradeAllowed" boolean NOT NULL,
    "WeekendHoldingAllowed" boolean NOT NULL,
    "IsActive" boolean NOT NULL,
    "CreatedAt" timestamp with time zone NOT NULL,
    "UpdatedAt" timestamp with time zone NOT NULL,
    "IsDeleted" boolean NOT NULL,
    CONSTRAINT "PK_PropFirmPresets" PRIMARY KEY ("Id")
);
2026-05-10 18:18:09.611 +05:30 [INF] Executed DbCommand (5ms) [Parameters=[], CommandType='"Text"', CommandTimeout='300']
CREATE UNIQUE INDEX "IX_PropFirmPresets_FirmName_PlanName" ON "PropFirmPresets" ("FirmName", "PlanName");
2026-05-10 18:18:09.614 +05:30 [INF] Executed DbCommand (3ms) [Parameters=[], CommandType='"Text"', CommandTimeout='300']
INSERT INTO "__EFMigrationsHistory" ("MigrationId", "ProductVersion")
VALUES ('20260510122921_AddPropFirmPresetAndAccountFields', '10.0.7');
2026-05-10 18:18:10.150 +05:30 [INF] Executed DbCommand (2ms) [Parameters=[], CommandType='"Text"', CommandTimeout='300']
SELECT EXISTS (
    SELECT 1
    FROM "PropFirmPresets" AS p)
2026-05-10 18:18:10.478 +05:30 [INF] Executed DbCommand (27ms) [Parameters=[@p0='?' (DbType = Guid), @p1='?' (DbType = Decimal), @p2='?' (DbType = DateTime), @p3='?' (DbType = Decimal), @p4='?', @p5='?' (DbType = Boolean), @p6='?' (DbType = Boolean), @p7='?' (DbType = Boolean), @p8='?' (DbType = Decimal), @p9='?' (DbType = Decimal), @p10='?' (DbType = Decimal), @p11='?' (DbType = Int32), @p12='?' (DbType = Boolean), @p13='?', @p14='?' (DbType = Decimal), @p15='?' (DbType = Decimal), @p16='?' (DbType = DateTime), @p17='?' (DbType = Boolean), @p18='?' (DbType = Boolean), @p19='?' (DbType = Guid), @p20='?' (DbType = Decimal), @p21='?' (DbType = DateTime), @p22='?' (DbType = Decimal), @p23='?', @p24='?' (DbType = Boolean), @p25='?' (DbType = Boolean), @p26='?' (DbType = Boolean), @p27='?' (DbType = Decimal), @p28='?' (DbType = Decimal), @p29='?' (DbType = Decimal), @p30='?' (DbType = Int32), @p31='?' (DbType = Boolean), @p32='?', @p33='?' (DbType = Decimal), @p34='?' (DbType = Decimal), @p35='?' (DbType = DateTime), @p36='?' (DbType = Boolean), @p37='?' (DbType = Boolean), @p38='?' (DbType = Guid), @p39='?' (DbType = Decimal), @p40='?' (DbType = DateTime), @p41='?' (DbType = Decimal), @p42='?', @p43='?' (DbType = Boolean), @p44='?' (DbType = Boolean), @p45='?' (DbType = Boolean), @p46='?' (DbType = Decimal), @p47='?' (DbType = Decimal), @p48='?' (DbType = Decimal), @p49='?' (DbType = Int32), @p50='?' (DbType = Boolean), @p51='?', @p52='?' (DbType = Decimal), @p53='?' (DbType = Decimal), @p54='?' (DbType = DateTime), @p55='?' (DbType = Boolean), @p56='?' (DbType = Boolean), @p57='?' (DbType = Guid), @p58='?' (DbType = Decimal), @p59='?' (DbType = DateTime), @p60='?' (DbType = Decimal), @p61='?', @p62='?' (DbType = Boolean), @p63='?' (DbType = Boolean), @p64='?' (DbType = Boolean), @p65='?' (DbType = Decimal), @p66='?' (DbType = Decimal), @p67='?' (DbType = Decimal), @p68='?' (DbType = Int32), @p69='?' (DbType = Boolean), @p70='?', @p71='?' (DbType = Decimal), @p72='?' (DbType = Decimal), @p73='?' (DbType = DateTime), @p74='?' (DbType = Boolean), @p75='?' (DbType = Boolean), @p76='?' (DbType = Guid), @p77='?' (DbType = Decimal), @p78='?' (DbType = DateTime), @p79='?' (DbType = Decimal), @p80='?', @p81='?' (DbType = Boolean), @p82='?' (DbType = Boolean), @p83='?' (DbType = Boolean), @p84='?' (DbType = Decimal), @p85='?' (DbType = Decimal), @p86='?' (DbType = Decimal), @p87='?' (DbType = Int32), @p88='?' (DbType = Boolean), @p89='?', @p90='?' (DbType = Decimal), @p91='?' (DbType = Decimal), @p92='?' (DbType = DateTime), @p93='?' (DbType = Boolean), @p94='?' (DbType = Boolean), @p95='?' (DbType = Guid), @p96='?' (DbType = Decimal), @p97='?' (DbType = DateTime), @p98='?' (DbType = Decimal), @p99='?', @p100='?' (DbType = Boolean), @p101='?' (DbType = Boolean), @p102='?' (DbType = Boolean), @p103='?' (DbType = Decimal), @p104='?' (DbType = Decimal), @p105='?' (DbType = Decimal), @p106='?' (DbType = Int32), @p107='?' (DbType = Boolean), @p108='?', @p109='?' (DbType = Decimal), @p110='?' (DbType = Decimal), @p111='?' (DbType = DateTime), @p112='?' (DbType = Boolean), @p113='?' (DbType = Boolean), @p114='?' (DbType = Guid), @p115='?' (DbType = Decimal), @p116='?' (DbType = DateTime), @p117='?' (DbType = Decimal), @p118='?', @p119='?' (DbType = Boolean), @p120='?' (DbType = Boolean), @p121='?' (DbType = Boolean), @p122='?' (DbType = Decimal), @p123='?' (DbType = Decimal), @p124='?' (DbType = Decimal), @p125='?' (DbType = Int32), @p126='?' (DbType = Boolean), @p127='?', @p128='?' (DbType = Decimal), @p129='?' (DbType = Decimal), @p130='?' (DbType = DateTime), @p131='?' (DbType = Boolean), @p132='?' (DbType = Boolean), @p133='?' (DbType = Guid), @p134='?' (DbType = Decimal), @p135='?' (DbType = DateTime), @p136='?' (DbType = Decimal), @p137='?', @p138='?' (DbType = Boolean), @p139='?' (DbType = Boolean), @p140='?' (DbType = Boolean), @p141='?' (DbType = Decimal), @p142='?' (DbType = Decimal), @p143='?' (DbType = Decimal), @p144='?' (DbType = Int32), @p145='?' (DbType = Boolean), @p146='?', @p147='?' (DbType = Decimal), @p148='?' (DbType = Decimal), @p149='?' (DbType = DateTime), @p150='?' (DbType = Boolean), @p151='?' (DbType = Boolean), @p152='?' (DbType = Guid), @p153='?' (DbType = Decimal), @p154='?' (DbType = DateTime), @p155='?' (DbType = Decimal), @p156='?', @p157='?' (DbType = Boolean), @p158='?' (DbType = Boolean), @p159='?' (DbType = Boolean), @p160='?' (DbType = Decimal), @p161='?' (DbType = Decimal), @p162='?' (DbType = Decimal), @p163='?' (DbType = Int32), @p164='?' (DbType = Boolean), @p165='?', @p166='?' (DbType = Decimal), @p167='?' (DbType = Decimal), @p168='?' (DbType = DateTime), @p169='?' (DbType = Boolean), @p170='?' (DbType = Boolean), @p171='?' (DbType = Guid), @p172='?' (DbType = Decimal), @p173='?' (DbType = DateTime), @p174='?' (DbType = Decimal), @p175='?', @p176='?' (DbType = Boolean), @p177='?' (DbType = Boolean), @p178='?' (DbType = Boolean), @p179='?' (DbType = Decimal), @p180='?' (DbType = Decimal), @p181='?' (DbType = Decimal), @p182='?' (DbType = Int32), @p183='?' (DbType = Boolean), @p184='?', @p185='?' (DbType = Decimal), @p186='?' (DbType = Decimal), @p187='?' (DbType = DateTime), @p188='?' (DbType = Boolean), @p189='?' (DbType = Boolean), @p190='?' (DbType = Guid), @p191='?' (DbType = Decimal), @p192='?' (DbType = DateTime), @p193='?' (DbType = Decimal), @p194='?', @p195='?' (DbType = Boolean), @p196='?' (DbType = Boolean), @p197='?' (DbType = Boolean), @p198='?' (DbType = Decimal), @p199='?' (DbType = Decimal), @p200='?' (DbType = Decimal), @p201='?' (DbType = Int32), @p202='?' (DbType = Boolean), @p203='?', @p204='?' (DbType = Decimal), @p205='?' (DbType = Decimal), @p206='?' (DbType = DateTime), @p207='?' (DbType = Boolean), @p208='?' (DbType = Boolean), @p209='?' (DbType = Guid), @p210='?' (DbType = Decimal), @p211='?' (DbType = DateTime), @p212='?' (DbType = Decimal), @p213='?', @p214='?' (DbType = Boolean), @p215='?' (DbType = Boolean), @p216='?' (DbType = Boolean), @p217='?' (DbType = Decimal), @p218='?' (DbType = Decimal), @p219='?' (DbType = Decimal), @p220='?' (DbType = Int32), @p221='?' (DbType = Boolean), @p222='?', @p223='?' (DbType = Decimal), @p224='?' (DbType = Decimal), @p225='?' (DbType = DateTime), @p226='?' (DbType = Boolean), @p227='?' (DbType = Boolean), @p228='?' (DbType = Guid), @p229='?' (DbType = Decimal), @p230='?' (DbType = DateTime), @p231='?' (DbType = Decimal), @p232='?', @p233='?' (DbType = Boolean), @p234='?' (DbType = Boolean), @p235='?' (DbType = Boolean), @p236='?' (DbType = Decimal), @p237='?' (DbType = Decimal), @p238='?' (DbType = Decimal), @p239='?' (DbType = Int32), @p240='?' (DbType = Boolean), @p241='?', @p242='?' (DbType = Decimal), @p243='?' (DbType = Decimal), @p244='?' (DbType = DateTime), @p245='?' (DbType = Boolean), @p246='?' (DbType = Boolean), @p247='?' (DbType = Guid), @p248='?' (DbType = Decimal), @p249='?' (DbType = DateTime), @p250='?' (DbType = Decimal), @p251='?', @p252='?' (DbType = Boolean), @p253='?' (DbType = Boolean), @p254='?' (DbType = Boolean), @p255='?' (DbType = Decimal), @p256='?' (DbType = Decimal), @p257='?' (DbType = Decimal), @p258='?' (DbType = Int32), @p259='?' (DbType = Boolean), @p260='?', @p261='?' (DbType = Decimal), @p262='?' (DbType = Decimal), @p263='?' (DbType = DateTime), @p264='?' (DbType = Boolean), @p265='?' (DbType = Boolean)], CommandType='"Text"', CommandTimeout='300']
INSERT INTO "PropFirmPresets" ("Id", "AccountSize", "CreatedAt", "DailyDrawdownLimitPct", "FirmName", "Has5xLotRule", "IsActive", "IsDeleted", "MaxAllowedLotSize", "MaxOverallLossPct", "MaxRiskPerTradePctOfDailyLimit", "MinTradingDays", "NewsTradeAllowed", "PlanName", "ProfitSplitPct", "ProfitTargetPct", "UpdatedAt", "UseDynamicEquity", "WeekendHoldingAllowed")
VALUES (@p0, @p1, @p2, @p3, @p4, @p5, @p6, @p7, @p8, @p9, @p10, @p11, @p12, @p13, @p14, @p15, @p16, @p17, @p18);
INSERT INTO "PropFirmPresets" ("Id", "AccountSize", "CreatedAt", "DailyDrawdownLimitPct", "FirmName", "Has5xLotRule", "IsActive", "IsDeleted", "MaxAllowedLotSize", "MaxOverallLossPct", "MaxRiskPerTradePctOfDailyLimit", "MinTradingDays", "NewsTradeAllowed", "PlanName", "ProfitSplitPct", "ProfitTargetPct", "UpdatedAt", "UseDynamicEquity", "WeekendHoldingAllowed")
VALUES (@p19, @p20, @p21, @p22, @p23, @p24, @p25, @p26, @p27, @p28, @p29, @p30, @p31, @p32, @p33, @p34, @p35, @p36, @p37);
INSERT INTO "PropFirmPresets" ("Id", "AccountSize", "CreatedAt", "DailyDrawdownLimitPct", "FirmName", "Has5xLotRule", "IsActive", "IsDeleted", "MaxAllowedLotSize", "MaxOverallLossPct", "MaxRiskPerTradePctOfDailyLimit", "MinTradingDays", "NewsTradeAllowed", "PlanName", "ProfitSplitPct", "ProfitTargetPct", "UpdatedAt", "UseDynamicEquity", "WeekendHoldingAllowed")
VALUES (@p38, @p39, @p40, @p41, @p42, @p43, @p44, @p45, @p46, @p47, @p48, @p49, @p50, @p51, @p52, @p53, @p54, @p55, @p56);
INSERT INTO "PropFirmPresets" ("Id", "AccountSize", "CreatedAt", "DailyDrawdownLimitPct", "FirmName", "Has5xLotRule", "IsActive", "IsDeleted", "MaxAllowedLotSize", "MaxOverallLossPct", "MaxRiskPerTradePctOfDailyLimit", "MinTradingDays", "NewsTradeAllowed", "PlanName", "ProfitSplitPct", "ProfitTargetPct", "UpdatedAt", "UseDynamicEquity", "WeekendHoldingAllowed")
VALUES (@p57, @p58, @p59, @p60, @p61, @p62, @p63, @p64, @p65, @p66, @p67, @p68, @p69, @p70, @p71, @p72, @p73, @p74, @p75);
INSERT INTO "PropFirmPresets" ("Id", "AccountSize", "CreatedAt", "DailyDrawdownLimitPct", "FirmName", "Has5xLotRule", "IsActive", "IsDeleted", "MaxAllowedLotSize", "MaxOverallLossPct", "MaxRiskPerTradePctOfDailyLimit", "MinTradingDays", "NewsTradeAllowed", "PlanName", "ProfitSplitPct", "ProfitTargetPct", "UpdatedAt", "UseDynamicEquity", "WeekendHoldingAllowed")
VALUES (@p76, @p77, @p78, @p79, @p80, @p81, @p82, @p83, @p84, @p85, @p86, @p87, @p88, @p89, @p90, @p91, @p92, @p93, @p94);
INSERT INTO "PropFirmPresets" ("Id", "AccountSize", "CreatedAt", "DailyDrawdownLimitPct", "FirmName", "Has5xLotRule", "IsActive", "IsDeleted", "MaxAllowedLotSize", "MaxOverallLossPct", "MaxRiskPerTradePctOfDailyLimit", "MinTradingDays", "NewsTradeAllowed", "PlanName", "ProfitSplitPct", "ProfitTargetPct", "UpdatedAt", "UseDynamicEquity", "WeekendHoldingAllowed")
VALUES (@p95, @p96, @p97, @p98, @p99, @p100, @p101, @p102, @p103, @p104, @p105, @p106, @p107, @p108, @p109, @p110, @p111, @p112, @p113);
INSERT INTO "PropFirmPresets" ("Id", "AccountSize", "CreatedAt", "DailyDrawdownLimitPct", "FirmName", "Has5xLotRule", "IsActive", "IsDeleted", "MaxAllowedLotSize", "MaxOverallLossPct", "MaxRiskPerTradePctOfDailyLimit", "MinTradingDays", "NewsTradeAllowed", "PlanName", "ProfitSplitPct", "ProfitTargetPct", "UpdatedAt", "UseDynamicEquity", "WeekendHoldingAllowed")
VALUES (@p114, @p115, @p116, @p117, @p118, @p119, @p120, @p121, @p122, @p123, @p124, @p125, @p126, @p127, @p128, @p129, @p130, @p131, @p132);
INSERT INTO "PropFirmPresets" ("Id", "AccountSize", "CreatedAt", "DailyDrawdownLimitPct", "FirmName", "Has5xLotRule", "IsActive", "IsDeleted", "MaxAllowedLotSize", "MaxOverallLossPct", "MaxRiskPerTradePctOfDailyLimit", "MinTradingDays", "NewsTradeAllowed", "PlanName", "ProfitSplitPct", "ProfitTargetPct", "UpdatedAt", "UseDynamicEquity", "WeekendHoldingAllowed")
VALUES (@p133, @p134, @p135, @p136, @p137, @p138, @p139, @p140, @p141, @p142, @p143, @p144, @p145, @p146, @p147, @p148, @p149, @p150, @p151);
INSERT INTO "PropFirmPresets" ("Id", "AccountSize", "CreatedAt", "DailyDrawdownLimitPct", "FirmName", "Has5xLotRule", "IsActive", "IsDeleted", "MaxAllowedLotSize", "MaxOverallLossPct", "MaxRiskPerTradePctOfDailyLimit", "MinTradingDays", "NewsTradeAllowed", "PlanName", "ProfitSplitPct", "ProfitTargetPct", "UpdatedAt", "UseDynamicEquity", "WeekendHoldingAllowed")
VALUES (@p152, @p153, @p154, @p155, @p156, @p157, @p158, @p159, @p160, @p161, @p162, @p163, @p164, @p165, @p166, @p167, @p168, @p169, @p170);
INSERT INTO "PropFirmPresets" ("Id", "AccountSize", "CreatedAt", "DailyDrawdownLimitPct", "FirmName", "Has5xLotRule", "IsActive", "IsDeleted", "MaxAllowedLotSize", "MaxOverallLossPct", "MaxRiskPerTradePctOfDailyLimit", "MinTradingDays", "NewsTradeAllowed", "PlanName", "ProfitSplitPct", "ProfitTargetPct", "UpdatedAt", "UseDynamicEquity", "WeekendHoldingAllowed")
VALUES (@p171, @p172, @p173, @p174, @p175, @p176, @p177, @p178, @p179, @p180, @p181, @p182, @p183, @p184, @p185, @p186, @p187, @p188, @p189);
INSERT INTO "PropFirmPresets" ("Id", "AccountSize", "CreatedAt", "DailyDrawdownLimitPct", "FirmName", "Has5xLotRule", "IsActive", "IsDeleted", "MaxAllowedLotSize", "MaxOverallLossPct", "MaxRiskPerTradePctOfDailyLimit", "MinTradingDays", "NewsTradeAllowed", "PlanName", "ProfitSplitPct", "ProfitTargetPct", "UpdatedAt", "UseDynamicEquity", "WeekendHoldingAllowed")
VALUES (@p190, @p191, @p192, @p193, @p194, @p195, @p196, @p197, @p198, @p199, @p200, @p201, @p202, @p203, @p204, @p205, @p206, @p207, @p208);
INSERT INTO "PropFirmPresets" ("Id", "AccountSize", "CreatedAt", "DailyDrawdownLimitPct", "FirmName", "Has5xLotRule", "IsActive", "IsDeleted", "MaxAllowedLotSize", "MaxOverallLossPct", "MaxRiskPerTradePctOfDailyLimit", "MinTradingDays", "NewsTradeAllowed", "PlanName", "ProfitSplitPct", "ProfitTargetPct", "UpdatedAt", "UseDynamicEquity", "WeekendHoldingAllowed")
VALUES (@p209, @p210, @p211, @p212, @p213, @p214, @p215, @p216, @p217, @p218, @p219, @p220, @p221, @p222, @p223, @p224, @p225, @p226, @p227);
INSERT INTO "PropFirmPresets" ("Id", "AccountSize", "CreatedAt", "DailyDrawdownLimitPct", "FirmName", "Has5xLotRule", "IsActive", "IsDeleted", "MaxAllowedLotSize", "MaxOverallLossPct", "MaxRiskPerTradePctOfDailyLimit", "MinTradingDays", "NewsTradeAllowed", "PlanName", "ProfitSplitPct", "ProfitTargetPct", "UpdatedAt", "UseDynamicEquity", "WeekendHoldingAllowed")
VALUES (@p228, @p229, @p230, @p231, @p232, @p233, @p234, @p235, @p236, @p237, @p238, @p239, @p240, @p241, @p242, @p243, @p244, @p245, @p246);
INSERT INTO "PropFirmPresets" ("Id", "AccountSize", "CreatedAt", "DailyDrawdownLimitPct", "FirmName", "Has5xLotRule", "IsActive", "IsDeleted", "MaxAllowedLotSize", "MaxOverallLossPct", "MaxRiskPerTradePctOfDailyLimit", "MinTradingDays", "NewsTradeAllowed", "PlanName", "ProfitSplitPct", "ProfitTargetPct", "UpdatedAt", "UseDynamicEquity", "WeekendHoldingAllowed")
VALUES (@p247, @p248, @p249, @p250, @p251, @p252, @p253, @p254, @p255, @p256, @p257, @p258, @p259, @p260, @p261, @p262, @p263, @p264, @p265);
2026-05-10 18:18:10.608 +05:30 [INF] Executed DbCommand (4ms) [Parameters=[], CommandType='"Text"', CommandTimeout='300']
SELECT EXISTS (
    SELECT 1
    FROM "Users" AS u
    WHERE NOT (u."IsDeleted"))
2026-05-10 18:18:10.830 +05:30 [INF] User profile is available. Using 'C:\Users\coolm\AppData\Local\ASP.NET\DataProtection-Keys' as key repository and Windows DPAPI to encrypt keys at rest.
2026-05-10 18:18:10.877 +05:30 [INF] Creating key {0beaabf1-4f73-4f22-83ba-530cf16f8286} with creation date 2026-05-10 12:48:10Z, activation date 2026-05-11 17:22:28Z, and expiration date 2026-08-08 12:48:10Z.
2026-05-10 18:18:10.887 +05:30 [INF] Writing data to file 'C:\Users\coolm\AppData\Local\ASP.NET\DataProtection-Keys\key-0beaabf1-4f73-4f22-83ba-530cf16f8286.xml'.
2026-05-10 18:18:11.016 +05:30 [INF] Now listening on: http://localhost:5283
2026-05-10 18:18:11.018 +05:30 [INF] Application started. Press Ctrl+C to shut down.
2026-05-10 18:18:11.018 +05:30 [INF] Hosting environment: Development
2026-05-10 18:18:11.018 +05:30 [INF] Content root path: D:\Mitesh\StockMarket\TradingJournalApp\TradingJournal.API
2026-05-10 18:18:39.487 +05:30 [INF] Request starting HTTP/1.1 OPTIONS http://localhost:5283/hubs/chat/negotiate?access_token=eyJhbGciOiJIUzI1NiIsInR5cCI6IkpXVCJ9.eyJzdWIiOiI5NTg3MGNjYi02MjQ4LTQxNDAtOTVjOS1mODViMWU3N2EzNGIiLCJlbWFpbCI6InRyYWRlckB0cmFkaW5nam91cm5hbC5jb20iLCJodHRwOi8vc2NoZW1hcy5taWNyb3NvZnQuY29tL3dzLzIwMDgvMDYvaWRlbnRpdHkvY2xhaW1zL3JvbGUiOiJVc2VyIiwiZmlyc3ROYW1lIjoiTWl0ZXNoIiwibGFzdE5hbWUiOiJUcmFkZXIiLCJqdGkiOiI5NzVkYWVjNS02NjlmLTQwYWQtYWQ3My1hMWVjYWJhNjcwOGQiLCJleHAiOjE3NzY4NzY2ODksImlzcyI6IlRyYWRpbmdKb3VybmFsQVBJIiwiYXVkIjoiVHJhZGluZ0pvdXJuYWxDbGllbnQifQ.zyozMUCQd7L18hjFvH4jYXSeQpHZl53CCjfd4fwnFno&negotiateVersion=1 - null null
2026-05-10 18:18:39.487 +05:30 [INF] Request starting HTTP/1.1 OPTIONS http://localhost:5283/api/forum/dm/unread - null null
2026-05-10 18:18:39.551 +05:30 [WRN] Failed to determine the https port for redirect.
2026-05-10 18:18:39.553 +05:30 [INF] CORS policy execution successful.
2026-05-10 18:18:39.553 +05:30 [INF] CORS policy execution successful.
2026-05-10 18:18:39.558 +05:30 [INF] HTTP OPTIONS /hubs/chat/negotiate responded 204 in 30.5855 ms
2026-05-10 18:18:39.558 +05:30 [INF] HTTP OPTIONS /api/forum/dm/unread responded 204 in 30.5983 ms
2026-05-10 18:18:39.582 +05:30 [INF] Request finished HTTP/1.1 OPTIONS http://localhost:5283/api/forum/dm/unread - 204 null null 97.2596ms
2026-05-10 18:18:39.582 +05:30 [INF] Request finished HTTP/1.1 OPTIONS http://localhost:5283/hubs/chat/negotiate?access_token=eyJhbGciOiJIUzI1NiIsInR5cCI6IkpXVCJ9.eyJzdWIiOiI5NTg3MGNjYi02MjQ4LTQxNDAtOTVjOS1mODViMWU3N2EzNGIiLCJlbWFpbCI6InRyYWRlckB0cmFkaW5nam91cm5hbC5jb20iLCJodHRwOi8vc2NoZW1hcy5taWNyb3NvZnQuY29tL3dzLzIwMDgvMDYvaWRlbnRpdHkvY2xhaW1zL3JvbGUiOiJVc2VyIiwiZmlyc3ROYW1lIjoiTWl0ZXNoIiwibGFzdE5hbWUiOiJUcmFkZXIiLCJqdGkiOiI5NzVkYWVjNS02NjlmLTQwYWQtYWQ3My1hMWVjYWJhNjcwOGQiLCJleHAiOjE3NzY4NzY2ODksImlzcyI6IlRyYWRpbmdKb3VybmFsQVBJIiwiYXVkIjoiVHJhZGluZ0pvdXJuYWxDbGllbnQifQ.zyozMUCQd7L18hjFvH4jYXSeQpHZl53CCjfd4fwnFno&negotiateVersion=1 - 204 null null 97.2587ms
2026-05-10 18:18:39.587 +05:30 [INF] Request starting HTTP/1.1 GET http://localhost:5283/api/forum/dm/unread - null null
2026-05-10 18:18:39.601 +05:30 [INF] CORS policy execution successful.
2026-05-10 18:18:39.800 +05:30 [INF] Failed to validate the token.
Microsoft.IdentityModel.Tokens.SecurityTokenExpiredException: IDX10223: Lifetime validation failed. The token is expired. ValidTo (UTC): '22-04-2026 16:51:29', Current time (UTC): '10-05-2026 12:48:39'.
   at Microsoft.IdentityModel.Tokens.ValidatorUtilities.ValidateLifetime(Nullable`1 notBefore, Nullable`1 expires, SecurityToken securityToken, TokenValidationParameters validationParameters)
   at Microsoft.IdentityModel.Tokens.Validators.ValidateLifetime(Nullable`1 notBefore, Nullable`1 expires, SecurityToken securityToken, TokenValidationParameters validationParameters)
   at Microsoft.IdentityModel.JsonWebTokens.JsonWebTokenHandler.ValidateTokenPayloadAsync(JsonWebToken jsonWebToken, TokenValidationParameters validationParameters, BaseConfiguration configuration)
   at Microsoft.IdentityModel.JsonWebTokens.JsonWebTokenHandler.ValidateJWSAsync(JsonWebToken jsonWebToken, TokenValidationParameters validationParameters, BaseConfiguration configuration)
2026-05-10 18:18:39.819 +05:30 [INF] Bearer was not authenticated. Failure message: IDX10223: Lifetime validation failed. The token is expired. ValidTo (UTC): '22-04-2026 16:51:29', Current time (UTC): '10-05-2026 12:48:39'.
2026-05-10 18:18:39.827 +05:30 [INF] Authorization failed. These requirements were not met:
DenyAnonymousAuthorizationRequirement: Requires an authenticated user.
2026-05-10 18:18:39.833 +05:30 [INF] AuthenticationScheme: Bearer was challenged.
2026-05-10 18:18:39.833 +05:30 [INF] HTTP GET /api/forum/dm/unread responded 401 in 238.6432 ms
2026-05-10 18:18:39.834 +05:30 [INF] Request finished HTTP/1.1 GET http://localhost:5283/api/forum/dm/unread - 401 0 null 246.7735ms
2026-05-10 18:18:39.844 +05:30 [INF] Request starting HTTP/1.1 GET http://localhost:5283/api/dashboard/summary - null null
2026-05-10 18:18:39.844 +05:30 [INF] Request starting HTTP/1.1 GET http://localhost:5283/api/dashboard/prop-firm-status - null null
2026-05-10 18:18:39.846 +05:30 [INF] CORS policy execution successful.
2026-05-10 18:18:39.846 +05:30 [INF] CORS policy execution successful.
2026-05-10 18:18:39.855 +05:30 [INF] Authorization failed. These requirements were not met:
DenyAnonymousAuthorizationRequirement: Requires an authenticated user.
2026-05-10 18:18:39.855 +05:30 [INF] Authorization failed. These requirements were not met:
DenyAnonymousAuthorizationRequirement: Requires an authenticated user.
2026-05-10 18:18:39.856 +05:30 [INF] AuthenticationScheme: Bearer was challenged.
2026-05-10 18:18:39.856 +05:30 [INF] AuthenticationScheme: Bearer was challenged.
2026-05-10 18:18:39.856 +05:30 [INF] HTTP GET /api/dashboard/prop-firm-status responded 401 in 12.0607 ms
2026-05-10 18:18:39.856 +05:30 [INF] HTTP GET /api/dashboard/summary responded 401 in 12.1371 ms
2026-05-10 18:18:39.857 +05:30 [INF] Request finished HTTP/1.1 GET http://localhost:5283/api/dashboard/prop-firm-status - 401 0 null 13.0337ms
2026-05-10 18:18:39.857 +05:30 [INF] Request finished HTTP/1.1 GET http://localhost:5283/api/dashboard/summary - 401 0 null 13.0335ms
2026-05-10 18:18:44.105 +05:30 [INF] Request starting HTTP/1.1 OPTIONS http://localhost:5283/api/auth/login - null null
2026-05-10 18:18:44.105 +05:30 [INF] CORS policy execution successful.
2026-05-10 18:18:44.106 +05:30 [INF] HTTP OPTIONS /api/auth/login responded 204 in 0.3480 ms
2026-05-10 18:18:44.106 +05:30 [INF] Request finished HTTP/1.1 OPTIONS http://localhost:5283/api/auth/login - 204 null null 1.2347ms
2026-05-10 18:18:44.110 +05:30 [INF] Request starting HTTP/1.1 POST http://localhost:5283/api/auth/login - application/json 52
2026-05-10 18:18:44.113 +05:30 [INF] CORS policy execution successful.
2026-05-10 18:18:44.119 +05:30 [INF] Executing endpoint 'TradingJournal.API.Controllers.AuthController.Login (TradingJournal.API)'
2026-05-10 18:18:44.157 +05:30 [INF] Route matched with {action = "Login", controller = "Auth"}. Executing controller action with signature System.Threading.Tasks.Task`1[Microsoft.AspNetCore.Mvc.ActionResult`1[TradingJournal.Application.DTOs.Auth.AuthResponseDto]] Login(TradingJournal.Application.DTOs.Auth.LoginDto) on controller TradingJournal.API.Controllers.AuthController (TradingJournal.API).
2026-05-10 18:18:44.216 +05:30 [INF] Login attempt for email: admin@example.com
2026-05-10 18:18:44.391 +05:30 [INF] Executed DbCommand (2ms) [Parameters=[@email='?'], CommandType='"Text"', CommandTimeout='300']
SELECT u."Id", u."AccountBalance", u."AllowedSections", u."CreatedAt", u."Email", u."FirstName", u."IsActive", u."IsDeleted", u."LastName", u."PasswordHash", u."ProfileImageUrl", u."RefreshToken", u."RefreshTokenExpiry", u."Role", u."UpdatedAt"
FROM "Users" AS u
WHERE NOT (u."IsDeleted") AND u."Email" = @email
LIMIT 1
2026-05-10 18:18:44.395 +05:30 [WRN] Invalid login attempt for email: admin@example.com
2026-05-10 18:18:44.402 +05:30 [INF] Executing UnauthorizedObjectResult, writing value of type '<>f__AnonymousType0`1[[System.String, System.Private.CoreLib, Version=10.0.0.0, Culture=neutral, PublicKeyToken=7cec85d7bea7798e]]'.
2026-05-10 18:18:44.419 +05:30 [INF] Executed action TradingJournal.API.Controllers.AuthController.Login (TradingJournal.API) in 257.2588ms
2026-05-10 18:18:44.419 +05:30 [INF] Executed endpoint 'TradingJournal.API.Controllers.AuthController.Login (TradingJournal.API)'
2026-05-10 18:18:44.422 +05:30 [INF] HTTP POST /api/auth/login responded 401 in 309.1065 ms
2026-05-10 18:18:44.427 +05:30 [INF] Request finished HTTP/1.1 POST http://localhost:5283/api/auth/login - 401 null application/json; charset=utf-8 317.1566ms
2026-05-10 18:19:00.736 +05:30 [INF] Request starting HTTP/1.1 OPTIONS http://localhost:5283/api/auth/login - null null
2026-05-10 18:19:00.737 +05:30 [INF] CORS policy execution successful.
2026-05-10 18:19:00.737 +05:30 [INF] HTTP OPTIONS /api/auth/login responded 204 in 0.8311 ms
2026-05-10 18:19:00.738 +05:30 [INF] Request finished HTTP/1.1 OPTIONS http://localhost:5283/api/auth/login - 204 null null 2.2134ms
2026-05-10 18:19:00.741 +05:30 [INF] Request starting HTTP/1.1 POST http://localhost:5283/api/auth/login - application/json 52
2026-05-10 18:19:00.742 +05:30 [INF] CORS policy execution successful.
2026-05-10 18:19:00.743 +05:30 [INF] Executing endpoint 'TradingJournal.API.Controllers.AuthController.Login (TradingJournal.API)'
2026-05-10 18:19:00.744 +05:30 [INF] Route matched with {action = "Login", controller = "Auth"}. Executing controller action with signature System.Threading.Tasks.Task`1[Microsoft.AspNetCore.Mvc.ActionResult`1[TradingJournal.Application.DTOs.Auth.AuthResponseDto]] Login(TradingJournal.Application.DTOs.Auth.LoginDto) on controller TradingJournal.API.Controllers.AuthController (TradingJournal.API).
2026-05-10 18:19:00.753 +05:30 [INF] Login attempt for email: admin@example.com
2026-05-10 18:19:00.962 +05:30 [INF] Executed DbCommand (5ms) [Parameters=[@email='?'], CommandType='"Text"', CommandTimeout='300']
SELECT u."Id", u."AccountBalance", u."AllowedSections", u."CreatedAt", u."Email", u."FirstName", u."IsActive", u."IsDeleted", u."LastName", u."PasswordHash", u."ProfileImageUrl", u."RefreshToken", u."RefreshTokenExpiry", u."Role", u."UpdatedAt"
FROM "Users" AS u
WHERE NOT (u."IsDeleted") AND u."Email" = @email
LIMIT 1
2026-05-10 18:19:00.963 +05:30 [WRN] Invalid login attempt for email: admin@example.com
2026-05-10 18:19:00.964 +05:30 [INF] Executing UnauthorizedObjectResult, writing value of type '<>f__AnonymousType0`1[[System.String, System.Private.CoreLib, Version=10.0.0.0, Culture=neutral, PublicKeyToken=7cec85d7bea7798e]]'.
2026-05-10 18:19:00.966 +05:30 [INF] Executed action TradingJournal.API.Controllers.AuthController.Login (TradingJournal.API) in 221.2494ms
2026-05-10 18:19:00.966 +05:30 [INF] Executed endpoint 'TradingJournal.API.Controllers.AuthController.Login (TradingJournal.API)'
2026-05-10 18:19:00.967 +05:30 [INF] HTTP POST /api/auth/login responded 401 in 224.7295 ms
2026-05-10 18:19:00.967 +05:30 [INF] Request finished HTTP/1.1 POST http://localhost:5283/api/auth/login - 401 null application/json; charset=utf-8 225.5797ms
2026-05-10 18:19:20.749 +05:30 [INF] Request starting HTTP/1.1 OPTIONS http://localhost:5283/api/auth/login - null null
2026-05-10 18:19:20.750 +05:30 [INF] CORS policy execution successful.
2026-05-10 18:19:20.750 +05:30 [INF] HTTP OPTIONS /api/auth/login responded 204 in 0.6455 ms
2026-05-10 18:19:20.750 +05:30 [INF] Request finished HTTP/1.1 OPTIONS http://localhost:5283/api/auth/login - 204 null null 1.9554ms
2026-05-10 18:19:20.759 +05:30 [INF] Request starting HTTP/1.1 POST http://localhost:5283/api/auth/login - application/json 59
2026-05-10 18:19:20.760 +05:30 [INF] CORS policy execution successful.
2026-05-10 18:19:20.761 +05:30 [INF] Executing endpoint 'TradingJournal.API.Controllers.AuthController.Login (TradingJournal.API)'
2026-05-10 18:19:20.762 +05:30 [INF] Route matched with {action = "Login", controller = "Auth"}. Executing controller action with signature System.Threading.Tasks.Task`1[Microsoft.AspNetCore.Mvc.ActionResult`1[TradingJournal.Application.DTOs.Auth.AuthResponseDto]] Login(TradingJournal.Application.DTOs.Auth.LoginDto) on controller TradingJournal.API.Controllers.AuthController (TradingJournal.API).
2026-05-10 18:19:20.775 +05:30 [INF] Login attempt for email: admin@tradingjournal.com
2026-05-10 18:19:20.962 +05:30 [INF] Executed DbCommand (9ms) [Parameters=[@email='?'], CommandType='"Text"', CommandTimeout='300']
SELECT u."Id", u."AccountBalance", u."AllowedSections", u."CreatedAt", u."Email", u."FirstName", u."IsActive", u."IsDeleted", u."LastName", u."PasswordHash", u."ProfileImageUrl", u."RefreshToken", u."RefreshTokenExpiry", u."Role", u."UpdatedAt"
FROM "Users" AS u
WHERE NOT (u."IsDeleted") AND u."Email" = @email
LIMIT 1
2026-05-10 18:19:21.599 +05:30 [INF] Executed DbCommand (19ms) [Parameters=[@p14='?' (DbType = Guid), @p0='?' (DbType = Decimal), @p1='?' (DbType = Object), @p2='?' (DbType = DateTime), @p3='?', @p4='?', @p5='?' (DbType = Boolean), @p6='?' (DbType = Boolean), @p7='?', @p8='?', @p9='?', @p10='?', @p11='?' (DbType = DateTime), @p12='?' (DbType = Int32), @p13='?' (DbType = DateTime)], CommandType='"Text"', CommandTimeout='300']
UPDATE "Users" SET "AccountBalance" = @p0, "AllowedSections" = @p1, "CreatedAt" = @p2, "Email" = @p3, "FirstName" = @p4, "IsActive" = @p5, "IsDeleted" = @p6, "LastName" = @p7, "PasswordHash" = @p8, "ProfileImageUrl" = @p9, "RefreshToken" = @p10, "RefreshTokenExpiry" = @p11, "Role" = @p12, "UpdatedAt" = @p13
WHERE "Id" = @p14;
2026-05-10 18:19:21.621 +05:30 [INF] Successful login for email: admin@tradingjournal.com
2026-05-10 18:19:21.621 +05:30 [INF] Executing OkObjectResult, writing value of type 'TradingJournal.Application.DTOs.Auth.AuthResponseDto'.
2026-05-10 18:19:21.652 +05:30 [INF] Executed action TradingJournal.API.Controllers.AuthController.Login (TradingJournal.API) in 888.6549ms
2026-05-10 18:19:21.653 +05:30 [INF] Executed endpoint 'TradingJournal.API.Controllers.AuthController.Login (TradingJournal.API)'
2026-05-10 18:19:21.653 +05:30 [INF] HTTP POST /api/auth/login responded 200 in 893.2316 ms
2026-05-10 18:19:21.653 +05:30 [INF] Request finished HTTP/1.1 POST http://localhost:5283/api/auth/login - 200 null application/json; charset=utf-8 894.7698ms
2026-05-10 18:19:21.676 +05:30 [INF] Request starting HTTP/1.1 OPTIONS http://localhost:5283/hubs/chat/negotiate?access_token=eyJhbGciOiJIUzI1NiIsInR5cCI6IkpXVCJ9.eyJzdWIiOiIwYTQ3ODA5Mi03MjUxLTRiMTEtYTc4NS0wNWVmYmY4YWQxZjYiLCJlbWFpbCI6ImFkbWluQHRyYWRpbmdqb3VybmFsLmNvbSIsImh0dHA6Ly9zY2hlbWFzLm1pY3Jvc29mdC5jb20vd3MvMjAwOC8wNi9pZGVudGl0eS9jbGFpbXMvcm9sZSI6IkFkbWluIiwiZmlyc3ROYW1lIjoiQWRtaW4iLCJsYXN0TmFtZSI6IlVzZXIiLCJqdGkiOiJhOTUwZWY1My0xM2M4LTRkMWQtOTU4NS02ZWFkYjk5NmIwNzMiLCJleHAiOjE3Nzg0MjA5NjEsImlzcyI6IlRyYWRpbmdKb3VybmFsQVBJIiwiYXVkIjoiVHJhZGluZ0pvdXJuYWxDbGllbnQifQ.oBMO2v3-gPanqE0M0aZNDwWvNlPjTJ4oNRZi2tgU7w4&negotiateVersion=1 - null null
2026-05-10 18:19:21.676 +05:30 [INF] CORS policy execution successful.
2026-05-10 18:19:21.677 +05:30 [INF] HTTP OPTIONS /hubs/chat/negotiate responded 204 in 1.0040 ms
2026-05-10 18:19:21.678 +05:30 [INF] Request finished HTTP/1.1 OPTIONS http://localhost:5283/hubs/chat/negotiate?access_token=eyJhbGciOiJIUzI1NiIsInR5cCI6IkpXVCJ9.eyJzdWIiOiIwYTQ3ODA5Mi03MjUxLTRiMTEtYTc4NS0wNWVmYmY4YWQxZjYiLCJlbWFpbCI6ImFkbWluQHRyYWRpbmdqb3VybmFsLmNvbSIsImh0dHA6Ly9zY2hlbWFzLm1pY3Jvc29mdC5jb20vd3MvMjAwOC8wNi9pZGVudGl0eS9jbGFpbXMvcm9sZSI6IkFkbWluIiwiZmlyc3ROYW1lIjoiQWRtaW4iLCJsYXN0TmFtZSI6IlVzZXIiLCJqdGkiOiJhOTUwZWY1My0xM2M4LTRkMWQtOTU4NS02ZWFkYjk5NmIwNzMiLCJleHAiOjE3Nzg0MjA5NjEsImlzcyI6IlRyYWRpbmdKb3VybmFsQVBJIiwiYXVkIjoiVHJhZGluZ0pvdXJuYWxDbGllbnQifQ.oBMO2v3-gPanqE0M0aZNDwWvNlPjTJ4oNRZi2tgU7w4&negotiateVersion=1 - 204 null null 2.2506ms
2026-05-10 18:19:21.680 +05:30 [INF] Request starting HTTP/1.1 OPTIONS http://localhost:5283/api/forum/dm/unread - null null
2026-05-10 18:19:21.680 +05:30 [INF] CORS policy execution successful.
2026-05-10 18:19:21.680 +05:30 [INF] HTTP OPTIONS /api/forum/dm/unread responded 204 in 0.3915 ms
2026-05-10 18:19:21.681 +05:30 [INF] Request finished HTTP/1.1 OPTIONS http://localhost:5283/api/forum/dm/unread - 204 null null 0.9173ms
2026-05-10 18:19:21.687 +05:30 [INF] Request starting HTTP/1.1 GET http://localhost:5283/api/forum/dm/unread - null null
2026-05-10 18:19:21.688 +05:30 [INF] CORS policy execution successful.
2026-05-10 18:19:21.699 +05:30 [INF] Request starting HTTP/1.1 OPTIONS http://localhost:5283/api/dashboard/summary - null null
2026-05-10 18:19:21.704 +05:30 [INF] Request starting HTTP/1.1 OPTIONS http://localhost:5283/api/dashboard/prop-firm-status - null null
2026-05-10 18:19:21.704 +05:30 [INF] CORS policy execution successful.
2026-05-10 18:19:21.704 +05:30 [INF] CORS policy execution successful.
2026-05-10 18:19:21.704 +05:30 [INF] HTTP OPTIONS /api/dashboard/prop-firm-status responded 204 in 0.2777 ms
2026-05-10 18:19:21.704 +05:30 [INF] HTTP OPTIONS /api/dashboard/summary responded 204 in 0.3888 ms
2026-05-10 18:19:21.705 +05:30 [INF] Request finished HTTP/1.1 OPTIONS http://localhost:5283/api/dashboard/prop-firm-status - 204 null null 1.0138ms
2026-05-10 18:19:21.705 +05:30 [INF] Request finished HTTP/1.1 OPTIONS http://localhost:5283/api/dashboard/summary - 204 null null 5.7873ms
2026-05-10 18:19:21.713 +05:30 [INF] Request starting HTTP/1.1 GET http://localhost:5283/api/dashboard/prop-firm-status - null null
2026-05-10 18:19:21.714 +05:30 [INF] CORS policy execution successful.
2026-05-10 18:19:21.715 +05:30 [INF] Request starting HTTP/1.1 GET http://localhost:5283/api/dashboard/summary - null null
2026-05-10 18:19:21.715 +05:30 [INF] CORS policy execution successful.
2026-05-10 18:19:21.725 +05:30 [INF] Executing endpoint 'TradingJournal.API.Controllers.DashboardController.GetPropFirmStatus (TradingJournal.API)'
2026-05-10 18:19:21.725 +05:30 [INF] Executing endpoint 'TradingJournal.API.Controllers.ForumController.GetUnreadCount (TradingJournal.API)'
2026-05-10 18:19:21.725 +05:30 [INF] Executing endpoint 'TradingJournal.API.Controllers.DashboardController.GetSummary (TradingJournal.API)'
2026-05-10 18:19:21.739 +05:30 [INF] Route matched with {action = "GetPropFirmStatus", controller = "Dashboard"}. Executing controller action with signature System.Threading.Tasks.Task`1[Microsoft.AspNetCore.Mvc.ActionResult`1[TradingJournal.Application.DTOs.Dashboard.PropFirmStatusDto]] GetPropFirmStatus() on controller TradingJournal.API.Controllers.DashboardController (TradingJournal.API).
2026-05-10 18:19:21.739 +05:30 [INF] Route matched with {action = "GetUnreadCount", controller = "Forum"}. Executing controller action with signature System.Threading.Tasks.Task`1[Microsoft.AspNetCore.Mvc.IActionResult] GetUnreadCount() on controller TradingJournal.API.Controllers.ForumController (TradingJournal.API).
2026-05-10 18:19:21.739 +05:30 [INF] Route matched with {action = "GetSummary", controller = "Dashboard"}. Executing controller action with signature System.Threading.Tasks.Task`1[Microsoft.AspNetCore.Mvc.ActionResult`1[TradingJournal.Application.DTOs.Dashboard.DashboardSummaryDto]] GetSummary() on controller TradingJournal.API.Controllers.DashboardController (TradingJournal.API).
2026-05-10 18:19:21.773 +05:30 [INF] Fetching prop firm status for user: "0a478092-7251-4b11-a785-05efbf8ad1f6"
2026-05-10 18:19:21.773 +05:30 [INF] Fetching dashboard summary for user: "0a478092-7251-4b11-a785-05efbf8ad1f6"
2026-05-10 18:19:21.904 +05:30 [INF] Executed DbCommand (5ms) [Parameters=[@userId='?' (DbType = Guid)], CommandType='"Text"', CommandTimeout='300']
SELECT t."Id", t."Balance", t."Broker", t."CreatedAt", t."Currency", t."DailyDrawdownLimitPct", t."Has5xLotRule", t."IsDefault", t."IsDeleted", t."IsPropFirm", t."MaxAllowedLotSize", t."MaxOverallLossPct", t."MaxRiskPerTradePctOfDailyLimit", t."MinTradingDays", t."Name", t."NewsTradeAllowed", t."ProfitSplitPct", t."ProfitTargetPct", t."PropFirmName", t."PropFirmPlan", t."UpdatedAt", t."UseDynamicEquity", t."UserId", t."WeekendHoldingAllowed"
FROM "TradingAccounts" AS t
WHERE NOT (t."IsDeleted") AND t."UserId" = @userId AND t."IsDefault" AND NOT (t."IsDeleted")
LIMIT 1
2026-05-10 18:19:21.948 +05:30 [INF] Executed DbCommand (13ms) [Parameters=[@userId='?' (DbType = Guid)], CommandType='"Text"', CommandTimeout='300']
SELECT count(*)::int
FROM "ForumMessages" AS f
WHERE NOT (f."IsDeleted") AND f."ChannelType" = 2 AND f."ReceiverId" = @userId AND NOT (f."IsRead")
2026-05-10 18:19:21.953 +05:30 [INF] Executing OkObjectResult, writing value of type 'TradingJournal.Application.DTOs.Forum.UnreadCountDto'.
2026-05-10 18:19:21.958 +05:30 [INF] Executed action TradingJournal.API.Controllers.ForumController.GetUnreadCount (TradingJournal.API) in 218.1071ms
2026-05-10 18:19:21.958 +05:30 [INF] Executed endpoint 'TradingJournal.API.Controllers.ForumController.GetUnreadCount (TradingJournal.API)'
2026-05-10 18:19:21.958 +05:30 [INF] HTTP GET /api/forum/dm/unread responded 200 in 270.7322 ms
2026-05-10 18:19:21.959 +05:30 [INF] Request finished HTTP/1.1 GET http://localhost:5283/api/forum/dm/unread - 200 null application/json; charset=utf-8 271.6396ms
2026-05-10 18:19:22.036 +05:30 [INF] Executed DbCommand (14ms) [Parameters=[@userId='?' (DbType = Guid)], CommandType='"Text"', CommandTimeout='300']
SELECT t."Id", t."CreatedAt", t."EntryPrice", t."ExitPrice", t."InstrumentId", t."IsDeleted", t."LotSize", t."Notes", t."ProfitLoss", t."Result", t."RiskPercentage", t."RiskRewardRatio", t."StopLoss", t."Tags", t."TakeProfit", t."TradeDate", t."TradeDurationMinutes", t."TradeType", t."TradingAccountId", t."UpdatedAt", t."UserId", i0."Id", i0."CreatedAt", i0."Description", i0."IsDeleted", i0."MaxLot", i0."Name", i0."Notes", i0."SafeLotSize", i0."Symbol", i0."UpdatedAt", i0."UserId", i0."VolatilityLevel"
FROM "Trades" AS t
INNER JOIN (
    SELECT i."Id", i."CreatedAt", i."Description", i."IsDeleted", i."MaxLot", i."Name", i."Notes", i."SafeLotSize", i."Symbol", i."UpdatedAt", i."UserId", i."VolatilityLevel"
    FROM "Instruments" AS i
    WHERE NOT (i."IsDeleted")
) AS i0 ON t."InstrumentId" = i0."Id"
WHERE NOT (t."IsDeleted") AND t."UserId" = @userId
ORDER BY t."TradeDate"
2026-05-10 18:19:22.106 +05:30 [INF] Executed DbCommand (2ms) [Parameters=[@userId='?' (DbType = Guid)], CommandType='"Text"', CommandTimeout='300']
SELECT t."Id", t."Balance", t."Broker", t."CreatedAt", t."Currency", t."DailyDrawdownLimitPct", t."Has5xLotRule", t."IsDefault", t."IsDeleted", t."IsPropFirm", t."MaxAllowedLotSize", t."MaxOverallLossPct", t."MaxRiskPerTradePctOfDailyLimit", t."MinTradingDays", t."Name", t."NewsTradeAllowed", t."ProfitSplitPct", t."ProfitTargetPct", t."PropFirmName", t."PropFirmPlan", t."UpdatedAt", t."UseDynamicEquity", t."UserId", t."WeekendHoldingAllowed"
FROM "TradingAccounts" AS t
WHERE NOT (t."IsDeleted") AND t."UserId" = @userId AND NOT (t."IsDeleted")
ORDER BY t."CreatedAt" DESC
LIMIT 1
2026-05-10 18:19:22.106 +05:30 [INF] Executed DbCommand (3ms) [Parameters=[@userId='?' (DbType = Guid)], CommandType='"Text"', CommandTimeout='300']
SELECT t."Id", t."Balance", t."Broker", t."CreatedAt", t."Currency", t."DailyDrawdownLimitPct", t."Has5xLotRule", t."IsDefault", t."IsDeleted", t."IsPropFirm", t."MaxAllowedLotSize", t."MaxOverallLossPct", t."MaxRiskPerTradePctOfDailyLimit", t."MinTradingDays", t."Name", t."NewsTradeAllowed", t."ProfitSplitPct", t."ProfitTargetPct", t."PropFirmName", t."PropFirmPlan", t."UpdatedAt", t."UseDynamicEquity", t."UserId", t."WeekendHoldingAllowed"
FROM "TradingAccounts" AS t
WHERE NOT (t."IsDeleted") AND t."UserId" = @userId AND t."IsDefault" AND NOT (t."IsDeleted")
LIMIT 1
2026-05-10 18:19:22.107 +05:30 [INF] No prop firm account found for user: "0a478092-7251-4b11-a785-05efbf8ad1f6" — returning null
2026-05-10 18:19:22.108 +05:30 [INF] Executing OkObjectResult, writing value of type 'null'.
2026-05-10 18:19:22.108 +05:30 [INF] Executed action TradingJournal.API.Controllers.DashboardController.GetPropFirmStatus (TradingJournal.API) in 368.2106ms
2026-05-10 18:19:22.108 +05:30 [INF] Executed endpoint 'TradingJournal.API.Controllers.DashboardController.GetPropFirmStatus (TradingJournal.API)'
2026-05-10 18:19:22.108 +05:30 [INF] HTTP GET /api/dashboard/prop-firm-status responded 204 in 394.7800 ms
2026-05-10 18:19:22.109 +05:30 [INF] Request finished HTTP/1.1 GET http://localhost:5283/api/dashboard/prop-firm-status - 204 null null 396.1042ms
2026-05-10 18:19:22.171 +05:30 [INF] Executed DbCommand (2ms) [Parameters=[@userId='?' (DbType = Guid)], CommandType='"Text"', CommandTimeout='300']
SELECT t."Id", t."Balance", t."Broker", t."CreatedAt", t."Currency", t."DailyDrawdownLimitPct", t."Has5xLotRule", t."IsDefault", t."IsDeleted", t."IsPropFirm", t."MaxAllowedLotSize", t."MaxOverallLossPct", t."MaxRiskPerTradePctOfDailyLimit", t."MinTradingDays", t."Name", t."NewsTradeAllowed", t."ProfitSplitPct", t."ProfitTargetPct", t."PropFirmName", t."PropFirmPlan", t."UpdatedAt", t."UseDynamicEquity", t."UserId", t."WeekendHoldingAllowed"
FROM "TradingAccounts" AS t
WHERE NOT (t."IsDeleted") AND t."UserId" = @userId AND NOT (t."IsDeleted")
ORDER BY t."CreatedAt" DESC
LIMIT 1
2026-05-10 18:19:22.277 +05:30 [INF] Executed DbCommand (5ms) [Parameters=[@userId='?' (DbType = Guid)], CommandType='"Text"', CommandTimeout='300']
SELECT a."Id", a."CreatedAt", a."DailyLossLimit", a."Email", a."EmailAlertEnabled", a."IsActive", a."IsDeleted", a."MaxDrawdownPercent", a."MaxTradesPerDay", a."UpdatedAt", a."UserId"
FROM "Alerts" AS a
WHERE a."UserId" = @userId
LIMIT 1
2026-05-10 18:19:22.384 +05:30 [INF] Executed DbCommand (3ms) [Parameters=[@userId='?' (DbType = Guid)], CommandType='"Text"', CommandTimeout='300']
SELECT i."Id", i."CreatedAt", i."Description", i."IsDeleted", i."MaxLot", i."Name", i."Notes", i."SafeLotSize", i."Symbol", i."UpdatedAt", i."UserId", i."VolatilityLevel"
FROM "Instruments" AS i
WHERE NOT (i."IsDeleted") AND i."UserId" = @userId
2026-05-10 18:19:22.432 +05:30 [INF] Executing OkObjectResult, writing value of type 'TradingJournal.Application.DTOs.Dashboard.DashboardSummaryDto'.
2026-05-10 18:19:22.446 +05:30 [INF] Executed action TradingJournal.API.Controllers.DashboardController.GetSummary (TradingJournal.API) in 706.2096ms
2026-05-10 18:19:22.447 +05:30 [INF] Executed endpoint 'TradingJournal.API.Controllers.DashboardController.GetSummary (TradingJournal.API)'
2026-05-10 18:19:22.447 +05:30 [INF] HTTP GET /api/dashboard/summary responded 200 in 731.7094 ms
2026-05-10 18:19:22.447 +05:30 [INF] Request finished HTTP/1.1 GET http://localhost:5283/api/dashboard/summary - 200 null application/json; charset=utf-8 732.4649ms
2026-05-10 18:19:39.733 +05:30 [INF] Request starting HTTP/1.1 OPTIONS http://localhost:5283/api/auth/login - null null
2026-05-10 18:19:39.734 +05:30 [INF] CORS policy execution successful.
2026-05-10 18:19:39.734 +05:30 [INF] HTTP OPTIONS /api/auth/login responded 204 in 0.8708 ms
2026-05-10 18:19:39.735 +05:30 [INF] Request finished HTTP/1.1 OPTIONS http://localhost:5283/api/auth/login - 204 null null 1.5661ms
2026-05-10 18:19:39.737 +05:30 [INF] Request starting HTTP/1.1 POST http://localhost:5283/api/auth/login - application/json 61
2026-05-10 18:19:39.737 +05:30 [INF] CORS policy execution successful.
2026-05-10 18:19:39.738 +05:30 [INF] Executing endpoint 'TradingJournal.API.Controllers.AuthController.Login (TradingJournal.API)'
2026-05-10 18:19:39.738 +05:30 [INF] Route matched with {action = "Login", controller = "Auth"}. Executing controller action with signature System.Threading.Tasks.Task`1[Microsoft.AspNetCore.Mvc.ActionResult`1[TradingJournal.Application.DTOs.Auth.AuthResponseDto]] Login(TradingJournal.Application.DTOs.Auth.LoginDto) on controller TradingJournal.API.Controllers.AuthController (TradingJournal.API).
2026-05-10 18:19:39.739 +05:30 [INF] Login attempt for email: trader@tradingjournal.com
2026-05-10 18:19:39.804 +05:30 [INF] Executed DbCommand (2ms) [Parameters=[@email='?'], CommandType='"Text"', CommandTimeout='300']
SELECT u."Id", u."AccountBalance", u."AllowedSections", u."CreatedAt", u."Email", u."FirstName", u."IsActive", u."IsDeleted", u."LastName", u."PasswordHash", u."ProfileImageUrl", u."RefreshToken", u."RefreshTokenExpiry", u."Role", u."UpdatedAt"
FROM "Users" AS u
WHERE NOT (u."IsDeleted") AND u."Email" = @email
LIMIT 1
2026-05-10 18:19:40.147 +05:30 [INF] Executed DbCommand (11ms) [Parameters=[@p14='?' (DbType = Guid), @p0='?' (DbType = Decimal), @p1='?' (DbType = Object), @p2='?' (DbType = DateTime), @p3='?', @p4='?', @p5='?' (DbType = Boolean), @p6='?' (DbType = Boolean), @p7='?', @p8='?', @p9='?', @p10='?', @p11='?' (DbType = DateTime), @p12='?' (DbType = Int32), @p13='?' (DbType = DateTime)], CommandType='"Text"', CommandTimeout='300']
UPDATE "Users" SET "AccountBalance" = @p0, "AllowedSections" = @p1, "CreatedAt" = @p2, "Email" = @p3, "FirstName" = @p4, "IsActive" = @p5, "IsDeleted" = @p6, "LastName" = @p7, "PasswordHash" = @p8, "ProfileImageUrl" = @p9, "RefreshToken" = @p10, "RefreshTokenExpiry" = @p11, "Role" = @p12, "UpdatedAt" = @p13
WHERE "Id" = @p14;
2026-05-10 18:19:40.148 +05:30 [INF] Successful login for email: trader@tradingjournal.com
2026-05-10 18:19:40.148 +05:30 [INF] Executing OkObjectResult, writing value of type 'TradingJournal.Application.DTOs.Auth.AuthResponseDto'.
2026-05-10 18:19:40.148 +05:30 [INF] Executed action TradingJournal.API.Controllers.AuthController.Login (TradingJournal.API) in 410.1819ms
2026-05-10 18:19:40.148 +05:30 [INF] Executed endpoint 'TradingJournal.API.Controllers.AuthController.Login (TradingJournal.API)'
2026-05-10 18:19:40.148 +05:30 [INF] HTTP POST /api/auth/login responded 200 in 411.0225 ms
2026-05-10 18:19:40.149 +05:30 [INF] Request finished HTTP/1.1 POST http://localhost:5283/api/auth/login - 200 null application/json; charset=utf-8 411.449ms
2026-05-10 18:19:40.169 +05:30 [INF] Request starting HTTP/1.1 OPTIONS http://localhost:5283/hubs/chat/negotiate?access_token=eyJhbGciOiJIUzI1NiIsInR5cCI6IkpXVCJ9.eyJzdWIiOiI5NTg3MGNjYi02MjQ4LTQxNDAtOTVjOS1mODViMWU3N2EzNGIiLCJlbWFpbCI6InRyYWRlckB0cmFkaW5nam91cm5hbC5jb20iLCJodHRwOi8vc2NoZW1hcy5taWNyb3NvZnQuY29tL3dzLzIwMDgvMDYvaWRlbnRpdHkvY2xhaW1zL3JvbGUiOiJVc2VyIiwiZmlyc3ROYW1lIjoiTWl0ZXNoIiwibGFzdE5hbWUiOiJUcmFkZXIiLCJqdGkiOiJiODNmODIwZi0wODgwLTQ0NDYtYmE0My04ZTAzNzNkMDdjZDYiLCJleHAiOjE3Nzg0MjA5ODAsImlzcyI6IlRyYWRpbmdKb3VybmFsQVBJIiwiYXVkIjoiVHJhZGluZ0pvdXJuYWxDbGllbnQifQ.GBpmq1Hj9ef9t-XudPGjaDbpsvGM4_S4fG3Y4VTRGCk&negotiateVersion=1 - null null
2026-05-10 18:19:40.170 +05:30 [INF] CORS policy execution successful.
2026-05-10 18:19:40.170 +05:30 [INF] HTTP OPTIONS /hubs/chat/negotiate responded 204 in 0.3612 ms
2026-05-10 18:19:40.170 +05:30 [INF] Request starting HTTP/1.1 OPTIONS http://localhost:5283/api/forum/dm/unread - null null
2026-05-10 18:19:40.170 +05:30 [INF] Request finished HTTP/1.1 OPTIONS http://localhost:5283/hubs/chat/negotiate?access_token=eyJhbGciOiJIUzI1NiIsInR5cCI6IkpXVCJ9.eyJzdWIiOiI5NTg3MGNjYi02MjQ4LTQxNDAtOTVjOS1mODViMWU3N2EzNGIiLCJlbWFpbCI6InRyYWRlckB0cmFkaW5nam91cm5hbC5jb20iLCJodHRwOi8vc2NoZW1hcy5taWNyb3NvZnQuY29tL3dzLzIwMDgvMDYvaWRlbnRpdHkvY2xhaW1zL3JvbGUiOiJVc2VyIiwiZmlyc3ROYW1lIjoiTWl0ZXNoIiwibGFzdE5hbWUiOiJUcmFkZXIiLCJqdGkiOiJiODNmODIwZi0wODgwLTQ0NDYtYmE0My04ZTAzNzNkMDdjZDYiLCJleHAiOjE3Nzg0MjA5ODAsImlzcyI6IlRyYWRpbmdKb3VybmFsQVBJIiwiYXVkIjoiVHJhZGluZ0pvdXJuYWxDbGllbnQifQ.GBpmq1Hj9ef9t-XudPGjaDbpsvGM4_S4fG3Y4VTRGCk&negotiateVersion=1 - 204 null null 1.0351ms
2026-05-10 18:19:40.170 +05:30 [INF] CORS policy execution successful.
2026-05-10 18:19:40.170 +05:30 [INF] HTTP OPTIONS /api/forum/dm/unread responded 204 in 0.2072 ms
2026-05-10 18:19:40.170 +05:30 [INF] Request finished HTTP/1.1 OPTIONS http://localhost:5283/api/forum/dm/unread - 204 null null 0.5096ms
2026-05-10 18:19:40.172 +05:30 [INF] Request starting HTTP/1.1 OPTIONS http://localhost:5283/api/dashboard/summary - null null
2026-05-10 18:19:40.173 +05:30 [INF] CORS policy execution successful.
2026-05-10 18:19:40.173 +05:30 [INF] HTTP OPTIONS /api/dashboard/summary responded 204 in 0.2585 ms
2026-05-10 18:19:40.173 +05:30 [INF] Request finished HTTP/1.1 OPTIONS http://localhost:5283/api/dashboard/summary - 204 null null 0.666ms
2026-05-10 18:19:40.174 +05:30 [INF] Request starting HTTP/1.1 OPTIONS http://localhost:5283/api/dashboard/prop-firm-status - null null
2026-05-10 18:19:40.174 +05:30 [INF] CORS policy execution successful.
2026-05-10 18:19:40.174 +05:30 [INF] HTTP OPTIONS /api/dashboard/prop-firm-status responded 204 in 0.2494 ms
2026-05-10 18:19:40.174 +05:30 [INF] Request finished HTTP/1.1 OPTIONS http://localhost:5283/api/dashboard/prop-firm-status - 204 null null 0.6491ms
2026-05-10 18:19:40.181 +05:30 [INF] Request starting HTTP/1.1 GET http://localhost:5283/api/forum/dm/unread - null null
2026-05-10 18:19:40.181 +05:30 [INF] CORS policy execution successful.
2026-05-10 18:19:40.182 +05:30 [INF] Request starting HTTP/1.1 GET http://localhost:5283/api/dashboard/summary - null null
2026-05-10 18:19:40.182 +05:30 [INF] CORS policy execution successful.
2026-05-10 18:19:40.184 +05:30 [INF] Executing endpoint 'TradingJournal.API.Controllers.ForumController.GetUnreadCount (TradingJournal.API)'
2026-05-10 18:19:40.184 +05:30 [INF] Executing endpoint 'TradingJournal.API.Controllers.DashboardController.GetSummary (TradingJournal.API)'
2026-05-10 18:19:40.184 +05:30 [INF] Route matched with {action = "GetUnreadCount", controller = "Forum"}. Executing controller action with signature System.Threading.Tasks.Task`1[Microsoft.AspNetCore.Mvc.IActionResult] GetUnreadCount() on controller TradingJournal.API.Controllers.ForumController (TradingJournal.API).
2026-05-10 18:19:40.184 +05:30 [INF] Route matched with {action = "GetSummary", controller = "Dashboard"}. Executing controller action with signature System.Threading.Tasks.Task`1[Microsoft.AspNetCore.Mvc.ActionResult`1[TradingJournal.Application.DTOs.Dashboard.DashboardSummaryDto]] GetSummary() on controller TradingJournal.API.Controllers.DashboardController (TradingJournal.API).
2026-05-10 18:19:40.185 +05:30 [INF] Request starting HTTP/1.1 GET http://localhost:5283/api/dashboard/prop-firm-status - null null
2026-05-10 18:19:40.185 +05:30 [INF] CORS policy execution successful.
2026-05-10 18:19:40.186 +05:30 [INF] Executing endpoint 'TradingJournal.API.Controllers.DashboardController.GetPropFirmStatus (TradingJournal.API)'
2026-05-10 18:19:40.186 +05:30 [INF] Route matched with {action = "GetPropFirmStatus", controller = "Dashboard"}. Executing controller action with signature System.Threading.Tasks.Task`1[Microsoft.AspNetCore.Mvc.ActionResult`1[TradingJournal.Application.DTOs.Dashboard.PropFirmStatusDto]] GetPropFirmStatus() on controller TradingJournal.API.Controllers.DashboardController (TradingJournal.API).
2026-05-10 18:19:40.191 +05:30 [INF] Fetching prop firm status for user: "95870ccb-6248-4140-95c9-f85b1e77a34b"
2026-05-10 18:19:40.191 +05:30 [INF] Fetching dashboard summary for user: "95870ccb-6248-4140-95c9-f85b1e77a34b"
2026-05-10 18:19:40.278 +05:30 [INF] Executed DbCommand (4ms) [Parameters=[@userId='?' (DbType = Guid)], CommandType='"Text"', CommandTimeout='300']
SELECT count(*)::int
FROM "ForumMessages" AS f
WHERE NOT (f."IsDeleted") AND f."ChannelType" = 2 AND f."ReceiverId" = @userId AND NOT (f."IsRead")
2026-05-10 18:19:40.279 +05:30 [INF] Executing OkObjectResult, writing value of type 'TradingJournal.Application.DTOs.Forum.UnreadCountDto'.
2026-05-10 18:19:40.279 +05:30 [INF] Executed action TradingJournal.API.Controllers.ForumController.GetUnreadCount (TradingJournal.API) in 95.303ms
2026-05-10 18:19:40.279 +05:30 [INF] Executed endpoint 'TradingJournal.API.Controllers.ForumController.GetUnreadCount (TradingJournal.API)'
2026-05-10 18:19:40.279 +05:30 [INF] HTTP GET /api/forum/dm/unread responded 200 in 98.3570 ms
2026-05-10 18:19:40.280 +05:30 [INF] Request finished HTTP/1.1 GET http://localhost:5283/api/forum/dm/unread - 200 null application/json; charset=utf-8 98.8584ms
2026-05-10 18:19:40.288 +05:30 [INF] Executed DbCommand (5ms) [Parameters=[@userId='?' (DbType = Guid)], CommandType='"Text"', CommandTimeout='300']
SELECT t."Id", t."CreatedAt", t."EntryPrice", t."ExitPrice", t."InstrumentId", t."IsDeleted", t."LotSize", t."Notes", t."ProfitLoss", t."Result", t."RiskPercentage", t."RiskRewardRatio", t."StopLoss", t."Tags", t."TakeProfit", t."TradeDate", t."TradeDurationMinutes", t."TradeType", t."TradingAccountId", t."UpdatedAt", t."UserId", i0."Id", i0."CreatedAt", i0."Description", i0."IsDeleted", i0."MaxLot", i0."Name", i0."Notes", i0."SafeLotSize", i0."Symbol", i0."UpdatedAt", i0."UserId", i0."VolatilityLevel"
FROM "Trades" AS t
INNER JOIN (
    SELECT i."Id", i."CreatedAt", i."Description", i."IsDeleted", i."MaxLot", i."Name", i."Notes", i."SafeLotSize", i."Symbol", i."UpdatedAt", i."UserId", i."VolatilityLevel"
    FROM "Instruments" AS i
    WHERE NOT (i."IsDeleted")
) AS i0 ON t."InstrumentId" = i0."Id"
WHERE NOT (t."IsDeleted") AND t."UserId" = @userId
ORDER BY t."TradeDate"
2026-05-10 18:19:40.289 +05:30 [INF] Executed DbCommand (2ms) [Parameters=[@userId='?' (DbType = Guid)], CommandType='"Text"', CommandTimeout='300']
SELECT t."Id", t."Balance", t."Broker", t."CreatedAt", t."Currency", t."DailyDrawdownLimitPct", t."Has5xLotRule", t."IsDefault", t."IsDeleted", t."IsPropFirm", t."MaxAllowedLotSize", t."MaxOverallLossPct", t."MaxRiskPerTradePctOfDailyLimit", t."MinTradingDays", t."Name", t."NewsTradeAllowed", t."ProfitSplitPct", t."ProfitTargetPct", t."PropFirmName", t."PropFirmPlan", t."UpdatedAt", t."UseDynamicEquity", t."UserId", t."WeekendHoldingAllowed"
FROM "TradingAccounts" AS t
WHERE NOT (t."IsDeleted") AND t."UserId" = @userId AND t."IsDefault" AND NOT (t."IsDeleted")
LIMIT 1
2026-05-10 18:19:40.332 +05:30 [INF] No prop firm account found for user: "95870ccb-6248-4140-95c9-f85b1e77a34b" — returning null
2026-05-10 18:19:40.332 +05:30 [INF] Executing OkObjectResult, writing value of type 'null'.
2026-05-10 18:19:40.332 +05:30 [INF] Executed action TradingJournal.API.Controllers.DashboardController.GetPropFirmStatus (TradingJournal.API) in 145.9343ms
2026-05-10 18:19:40.332 +05:30 [INF] Executed endpoint 'TradingJournal.API.Controllers.DashboardController.GetPropFirmStatus (TradingJournal.API)'
2026-05-10 18:19:40.332 +05:30 [INF] HTTP GET /api/dashboard/prop-firm-status responded 204 in 147.2046 ms
2026-05-10 18:19:40.332 +05:30 [INF] Request finished HTTP/1.1 GET http://localhost:5283/api/dashboard/prop-firm-status - 204 null null 147.7001ms
2026-05-10 18:19:40.423 +05:30 [INF] Executed DbCommand (2ms) [Parameters=[@userId='?' (DbType = Guid)], CommandType='"Text"', CommandTimeout='300']
SELECT t."Id", t."Balance", t."Broker", t."CreatedAt", t."Currency", t."DailyDrawdownLimitPct", t."Has5xLotRule", t."IsDefault", t."IsDeleted", t."IsPropFirm", t."MaxAllowedLotSize", t."MaxOverallLossPct", t."MaxRiskPerTradePctOfDailyLimit", t."MinTradingDays", t."Name", t."NewsTradeAllowed", t."ProfitSplitPct", t."ProfitTargetPct", t."PropFirmName", t."PropFirmPlan", t."UpdatedAt", t."UseDynamicEquity", t."UserId", t."WeekendHoldingAllowed"
FROM "TradingAccounts" AS t
WHERE NOT (t."IsDeleted") AND t."UserId" = @userId AND t."IsDefault" AND NOT (t."IsDeleted")
LIMIT 1
2026-05-10 18:19:40.501 +05:30 [INF] Executed DbCommand (8ms) [Parameters=[@userId='?' (DbType = Guid)], CommandType='"Text"', CommandTimeout='300']
SELECT a."Id", a."CreatedAt", a."DailyLossLimit", a."Email", a."EmailAlertEnabled", a."IsActive", a."IsDeleted", a."MaxDrawdownPercent", a."MaxTradesPerDay", a."UpdatedAt", a."UserId"
FROM "Alerts" AS a
WHERE a."UserId" = @userId
LIMIT 1
2026-05-10 18:19:40.602 +05:30 [INF] Executed DbCommand (2ms) [Parameters=[@userId='?' (DbType = Guid)], CommandType='"Text"', CommandTimeout='300']
SELECT i."Id", i."CreatedAt", i."Description", i."IsDeleted", i."MaxLot", i."Name", i."Notes", i."SafeLotSize", i."Symbol", i."UpdatedAt", i."UserId", i."VolatilityLevel"
FROM "Instruments" AS i
WHERE NOT (i."IsDeleted") AND i."UserId" = @userId
2026-05-10 18:19:40.618 +05:30 [INF] Executing OkObjectResult, writing value of type 'TradingJournal.Application.DTOs.Dashboard.DashboardSummaryDto'.
2026-05-10 18:19:40.620 +05:30 [INF] Executed action TradingJournal.API.Controllers.DashboardController.GetSummary (TradingJournal.API) in 436.2399ms
2026-05-10 18:19:40.620 +05:30 [INF] Executed endpoint 'TradingJournal.API.Controllers.DashboardController.GetSummary (TradingJournal.API)'
2026-05-10 18:19:40.620 +05:30 [INF] HTTP GET /api/dashboard/summary responded 200 in 438.5594 ms
2026-05-10 18:19:40.621 +05:30 [INF] Request finished HTTP/1.1 GET http://localhost:5283/api/dashboard/summary - 200 null application/json; charset=utf-8 439.0188ms
2026-05-10 18:19:54.670 +05:30 [INF] Request starting HTTP/1.1 OPTIONS http://localhost:5283/api/instruments - null null
2026-05-10 18:19:54.670 +05:30 [INF] CORS policy execution successful.
2026-05-10 18:19:54.671 +05:30 [INF] HTTP OPTIONS /api/instruments responded 204 in 0.4913 ms
2026-05-10 18:19:54.671 +05:30 [INF] Request finished HTTP/1.1 OPTIONS http://localhost:5283/api/instruments - 204 null null 1.2394ms
2026-05-10 18:19:54.674 +05:30 [INF] Request starting HTTP/1.1 GET http://localhost:5283/api/instruments - null null
2026-05-10 18:19:54.674 +05:30 [INF] CORS policy execution successful.
2026-05-10 18:19:54.675 +05:30 [INF] Executing endpoint 'TradingJournal.API.Controllers.InstrumentsController.GetAll (TradingJournal.API)'
2026-05-10 18:19:54.688 +05:30 [INF] Route matched with {action = "GetAll", controller = "Instruments"}. Executing controller action with signature System.Threading.Tasks.Task`1[Microsoft.AspNetCore.Mvc.ActionResult`1[System.Collections.Generic.List`1[TradingJournal.Application.DTOs.Instruments.InstrumentDto]]] GetAll() on controller TradingJournal.API.Controllers.InstrumentsController (TradingJournal.API).
2026-05-10 18:19:54.690 +05:30 [INF] Fetching all instruments for user: "95870ccb-6248-4140-95c9-f85b1e77a34b"
2026-05-10 18:19:54.868 +05:30 [INF] Executed DbCommand (2ms) [Parameters=[@userId='?' (DbType = Guid)], CommandType='"Text"', CommandTimeout='300']
SELECT i."Id", i."CreatedAt", i."Description", i."IsDeleted", i."MaxLot", i."Name", i."Notes", i."SafeLotSize", i."Symbol", i."UpdatedAt", i."UserId", i."VolatilityLevel"
FROM "Instruments" AS i
WHERE NOT (i."IsDeleted") AND i."UserId" = @userId
2026-05-10 18:19:54.933 +05:30 [INF] Executed DbCommand (3ms) [Parameters=[@userId='?' (DbType = Guid)], CommandType='"Text"', CommandTimeout='300']
SELECT t."Id", t."CreatedAt", t."EntryPrice", t."ExitPrice", t."InstrumentId", t."IsDeleted", t."LotSize", t."Notes", t."ProfitLoss", t."Result", t."RiskPercentage", t."RiskRewardRatio", t."StopLoss", t."Tags", t."TakeProfit", t."TradeDate", t."TradeDurationMinutes", t."TradeType", t."TradingAccountId", t."UpdatedAt", t."UserId", i0."Id", i0."CreatedAt", i0."Description", i0."IsDeleted", i0."MaxLot", i0."Name", i0."Notes", i0."SafeLotSize", i0."Symbol", i0."UpdatedAt", i0."UserId", i0."VolatilityLevel"
FROM "Trades" AS t
INNER JOIN (
    SELECT i."Id", i."CreatedAt", i."Description", i."IsDeleted", i."MaxLot", i."Name", i."Notes", i."SafeLotSize", i."Symbol", i."UpdatedAt", i."UserId", i."VolatilityLevel"
    FROM "Instruments" AS i
    WHERE NOT (i."IsDeleted")
) AS i0 ON t."InstrumentId" = i0."Id"
WHERE NOT (t."IsDeleted") AND t."UserId" = @userId
ORDER BY t."TradeDate"
2026-05-10 18:19:54.939 +05:30 [INF] Executing OkObjectResult, writing value of type 'System.Collections.Generic.List`1[[TradingJournal.Application.DTOs.Instruments.InstrumentDto, TradingJournal.Application, Version=1.0.0.0, Culture=neutral, PublicKeyToken=null]]'.
2026-05-10 18:19:54.948 +05:30 [INF] Executed action TradingJournal.API.Controllers.InstrumentsController.GetAll (TradingJournal.API) in 260.7256ms
2026-05-10 18:19:54.949 +05:30 [INF] Executed endpoint 'TradingJournal.API.Controllers.InstrumentsController.GetAll (TradingJournal.API)'
2026-05-10 18:19:54.949 +05:30 [INF] HTTP GET /api/instruments responded 200 in 275.1139 ms
2026-05-10 18:19:54.949 +05:30 [INF] Request finished HTTP/1.1 GET http://localhost:5283/api/instruments - 200 null application/json; charset=utf-8 275.7388ms
2026-05-10 18:20:04.665 +05:30 [INF] Request starting HTTP/1.1 OPTIONS http://localhost:5283/api/instruments - null null
2026-05-10 18:20:04.666 +05:30 [INF] CORS policy execution successful.
2026-05-10 18:20:04.666 +05:30 [INF] HTTP OPTIONS /api/instruments responded 204 in 0.4775 ms
2026-05-10 18:20:04.667 +05:30 [INF] Request finished HTTP/1.1 OPTIONS http://localhost:5283/api/instruments - 204 null null 1.2868ms
2026-05-10 18:20:04.667 +05:30 [INF] Request starting HTTP/1.1 OPTIONS http://localhost:5283/api/trades?page=1&pageSize=20 - null null
2026-05-10 18:20:04.667 +05:30 [INF] CORS policy execution successful.
2026-05-10 18:20:04.668 +05:30 [INF] HTTP OPTIONS /api/trades responded 204 in 0.3274 ms
2026-05-10 18:20:04.668 +05:30 [INF] Request finished HTTP/1.1 OPTIONS http://localhost:5283/api/trades?page=1&pageSize=20 - 204 null null 0.8216ms
2026-05-10 18:20:04.672 +05:30 [INF] Request starting HTTP/1.1 GET http://localhost:5283/api/trades?page=1&pageSize=20 - null null
2026-05-10 18:20:04.672 +05:30 [INF] Request starting HTTP/1.1 GET http://localhost:5283/api/instruments - null null
2026-05-10 18:20:04.672 +05:30 [INF] CORS policy execution successful.
2026-05-10 18:20:04.672 +05:30 [INF] CORS policy execution successful.
2026-05-10 18:20:04.673 +05:30 [INF] Executing endpoint 'TradingJournal.API.Controllers.InstrumentsController.GetAll (TradingJournal.API)'
2026-05-10 18:20:04.673 +05:30 [INF] Route matched with {action = "GetAll", controller = "Instruments"}. Executing controller action with signature System.Threading.Tasks.Task`1[Microsoft.AspNetCore.Mvc.ActionResult`1[System.Collections.Generic.List`1[TradingJournal.Application.DTOs.Instruments.InstrumentDto]]] GetAll() on controller TradingJournal.API.Controllers.InstrumentsController (TradingJournal.API).
2026-05-10 18:20:04.674 +05:30 [INF] Fetching all instruments for user: "95870ccb-6248-4140-95c9-f85b1e77a34b"
2026-05-10 18:20:04.680 +05:30 [INF] Executing endpoint 'TradingJournal.API.Controllers.TradesController.GetAll (TradingJournal.API)'
2026-05-10 18:20:04.740 +05:30 [INF] Route matched with {action = "GetAll", controller = "Trades"}. Executing controller action with signature System.Threading.Tasks.Task`1[Microsoft.AspNetCore.Mvc.ActionResult`1[TradingJournal.Application.DTOs.Trades.PagedTradesDto]] GetAll(TradingJournal.Application.DTOs.Trades.TradeFilterDto) on controller TradingJournal.API.Controllers.TradesController (TradingJournal.API).
2026-05-10 18:20:04.770 +05:30 [INF] Fetching trades for user: "95870ccb-6248-4140-95c9-f85b1e77a34b"
2026-05-10 18:20:04.817 +05:30 [INF] Executed DbCommand (5ms) [Parameters=[@userId='?' (DbType = Guid)], CommandType='"Text"', CommandTimeout='300']
SELECT i."Id", i."CreatedAt", i."Description", i."IsDeleted", i."MaxLot", i."Name", i."Notes", i."SafeLotSize", i."Symbol", i."UpdatedAt", i."UserId", i."VolatilityLevel"
FROM "Instruments" AS i
WHERE NOT (i."IsDeleted") AND i."UserId" = @userId
2026-05-10 18:20:04.900 +05:30 [INF] Executed DbCommand (7ms) [Parameters=[@userId='?' (DbType = Guid)], CommandType='"Text"', CommandTimeout='300']
SELECT count(*)::int
FROM "Trades" AS t
WHERE NOT (t."IsDeleted") AND t."UserId" = @userId
2026-05-10 18:20:04.922 +05:30 [INF] Executed DbCommand (5ms) [Parameters=[@userId='?' (DbType = Guid)], CommandType='"Text"', CommandTimeout='300']
SELECT t."Id", t."CreatedAt", t."EntryPrice", t."ExitPrice", t."InstrumentId", t."IsDeleted", t."LotSize", t."Notes", t."ProfitLoss", t."Result", t."RiskPercentage", t."RiskRewardRatio", t."StopLoss", t."Tags", t."TakeProfit", t."TradeDate", t."TradeDurationMinutes", t."TradeType", t."TradingAccountId", t."UpdatedAt", t."UserId", i0."Id", i0."CreatedAt", i0."Description", i0."IsDeleted", i0."MaxLot", i0."Name", i0."Notes", i0."SafeLotSize", i0."Symbol", i0."UpdatedAt", i0."UserId", i0."VolatilityLevel"
FROM "Trades" AS t
INNER JOIN (
    SELECT i."Id", i."CreatedAt", i."Description", i."IsDeleted", i."MaxLot", i."Name", i."Notes", i."SafeLotSize", i."Symbol", i."UpdatedAt", i."UserId", i."VolatilityLevel"
    FROM "Instruments" AS i
    WHERE NOT (i."IsDeleted")
) AS i0 ON t."InstrumentId" = i0."Id"
WHERE NOT (t."IsDeleted") AND t."UserId" = @userId
ORDER BY t."TradeDate"
2026-05-10 18:20:04.924 +05:30 [INF] Executing OkObjectResult, writing value of type 'System.Collections.Generic.List`1[[TradingJournal.Application.DTOs.Instruments.InstrumentDto, TradingJournal.Application, Version=1.0.0.0, Culture=neutral, PublicKeyToken=null]]'.
2026-05-10 18:20:04.925 +05:30 [INF] Executed action TradingJournal.API.Controllers.InstrumentsController.GetAll (TradingJournal.API) in 251.849ms
2026-05-10 18:20:04.925 +05:30 [INF] Executed endpoint 'TradingJournal.API.Controllers.InstrumentsController.GetAll (TradingJournal.API)'
2026-05-10 18:20:04.925 +05:30 [INF] HTTP GET /api/instruments responded 200 in 253.5510 ms
2026-05-10 18:20:04.926 +05:30 [INF] Request finished HTTP/1.1 GET http://localhost:5283/api/instruments - 200 null application/json; charset=utf-8 253.9888ms
2026-05-10 18:20:05.024 +05:30 [INF] Executed DbCommand (4ms) [Parameters=[@userId='?' (DbType = Guid), @p2='?' (DbType = Int32), @p='?' (DbType = Int32)], CommandType='"Text"', CommandTimeout='300']
SELECT t0."Id", t0."CreatedAt", t0."EntryPrice", t0."ExitPrice", t0."InstrumentId", t0."IsDeleted", t0."LotSize", t0."Notes", t0."ProfitLoss", t0."Result", t0."RiskPercentage", t0."RiskRewardRatio", t0."StopLoss", t0."Tags", t0."TakeProfit", t0."TradeDate", t0."TradeDurationMinutes", t0."TradeType", t0."TradingAccountId", t0."UpdatedAt", t0."UserId", i0."Id", i0."CreatedAt", i0."Description", i0."IsDeleted", i0."MaxLot", i0."Name", i0."Notes", i0."SafeLotSize", i0."Symbol", i0."UpdatedAt", i0."UserId", i0."VolatilityLevel"
FROM (
    SELECT t."Id", t."CreatedAt", t."EntryPrice", t."ExitPrice", t."InstrumentId", t."IsDeleted", t."LotSize", t."Notes", t."ProfitLoss", t."Result", t."RiskPercentage", t."RiskRewardRatio", t."StopLoss", t."Tags", t."TakeProfit", t."TradeDate", t."TradeDurationMinutes", t."TradeType", t."TradingAccountId", t."UpdatedAt", t."UserId"
    FROM "Trades" AS t
    WHERE NOT (t."IsDeleted") AND t."UserId" = @userId
    ORDER BY t."TradeDate" DESC
    LIMIT @p2 OFFSET @p
) AS t0
INNER JOIN (
    SELECT i."Id", i."CreatedAt", i."Description", i."IsDeleted", i."MaxLot", i."Name", i."Notes", i."SafeLotSize", i."Symbol", i."UpdatedAt", i."UserId", i."VolatilityLevel"
    FROM "Instruments" AS i
    WHERE NOT (i."IsDeleted")
) AS i0 ON t0."InstrumentId" = i0."Id"
ORDER BY t0."TradeDate" DESC
2026-05-10 18:20:05.103 +05:30 [INF] Executed DbCommand (2ms) [Parameters=[@userId='?' (DbType = Guid)], CommandType='"Text"', CommandTimeout='300']
SELECT t."Id", t."Balance", t."Broker", t."CreatedAt", t."Currency", t."DailyDrawdownLimitPct", t."Has5xLotRule", t."IsDefault", t."IsDeleted", t."IsPropFirm", t."MaxAllowedLotSize", t."MaxOverallLossPct", t."MaxRiskPerTradePctOfDailyLimit", t."MinTradingDays", t."Name", t."NewsTradeAllowed", t."ProfitSplitPct", t."ProfitTargetPct", t."PropFirmName", t."PropFirmPlan", t."UpdatedAt", t."UseDynamicEquity", t."UserId", t."WeekendHoldingAllowed"
FROM "TradingAccounts" AS t
WHERE NOT (t."IsDeleted") AND t."UserId" = @userId AND NOT (t."IsDeleted")
ORDER BY t."IsDefault" DESC, t."CreatedAt" DESC
2026-05-10 18:20:05.110 +05:30 [INF] Executing OkObjectResult, writing value of type 'TradingJournal.Application.DTOs.Trades.PagedTradesDto'.
2026-05-10 18:20:05.118 +05:30 [INF] Executed action TradingJournal.API.Controllers.TradesController.GetAll (TradingJournal.API) in 378.2056ms
2026-05-10 18:20:05.119 +05:30 [INF] Executed endpoint 'TradingJournal.API.Controllers.TradesController.GetAll (TradingJournal.API)'
2026-05-10 18:20:05.119 +05:30 [INF] HTTP GET /api/trades responded 200 in 446.9212 ms
2026-05-10 18:20:05.119 +05:30 [INF] Request finished HTTP/1.1 GET http://localhost:5283/api/trades?page=1&pageSize=20 - 200 null application/json; charset=utf-8 447.3129ms
2026-05-10 18:20:18.947 +05:30 [INF] Request starting HTTP/1.1 OPTIONS http://localhost:5283/api/accounts - null null
2026-05-10 18:20:18.947 +05:30 [INF] CORS policy execution successful.
2026-05-10 18:20:18.947 +05:30 [INF] HTTP OPTIONS /api/accounts responded 204 in 0.3190 ms
2026-05-10 18:20:18.948 +05:30 [INF] Request finished HTTP/1.1 OPTIONS http://localhost:5283/api/accounts - 204 null null 0.7185ms
2026-05-10 18:20:18.950 +05:30 [INF] Request starting HTTP/1.1 GET http://localhost:5283/api/accounts - null null
2026-05-10 18:20:18.950 +05:30 [INF] CORS policy execution successful.
2026-05-10 18:20:18.951 +05:30 [INF] Executing endpoint 'TradingJournal.API.Controllers.TradingAccountController.GetAccounts (TradingJournal.API)'
2026-05-10 18:20:18.964 +05:30 [INF] Route matched with {action = "GetAccounts", controller = "TradingAccount"}. Executing controller action with signature System.Threading.Tasks.Task`1[Microsoft.AspNetCore.Mvc.ActionResult`1[System.Collections.Generic.List`1[TradingJournal.Application.DTOs.Accounts.TradingAccountDto]]] GetAccounts(System.Nullable`1[System.Guid]) on controller TradingJournal.API.Controllers.TradingAccountController (TradingJournal.API).
2026-05-10 18:20:18.969 +05:30 [INF] Getting trading accounts for user "95870ccb-6248-4140-95c9-f85b1e77a34b"
2026-05-10 18:20:19.038 +05:30 [INF] Executed DbCommand (3ms) [Parameters=[@userId='?' (DbType = Guid)], CommandType='"Text"', CommandTimeout='300']
SELECT t."Id", t."Balance", t."Broker", t."CreatedAt", t."Currency", t."DailyDrawdownLimitPct", t."Has5xLotRule", t."IsDefault", t."IsDeleted", t."IsPropFirm", t."MaxAllowedLotSize", t."MaxOverallLossPct", t."MaxRiskPerTradePctOfDailyLimit", t."MinTradingDays", t."Name", t."NewsTradeAllowed", t."ProfitSplitPct", t."ProfitTargetPct", t."PropFirmName", t."PropFirmPlan", t."UpdatedAt", t."UseDynamicEquity", t."UserId", t."WeekendHoldingAllowed"
FROM "TradingAccounts" AS t
WHERE NOT (t."IsDeleted") AND t."UserId" = @userId AND NOT (t."IsDeleted")
ORDER BY t."IsDefault" DESC, t."CreatedAt" DESC
2026-05-10 18:20:19.040 +05:30 [INF] Executing OkObjectResult, writing value of type 'System.Collections.Generic.List`1[[TradingJournal.Application.DTOs.Accounts.TradingAccountDto, TradingJournal.Application, Version=1.0.0.0, Culture=neutral, PublicKeyToken=null]]'.
2026-05-10 18:20:19.050 +05:30 [INF] Executed action TradingJournal.API.Controllers.TradingAccountController.GetAccounts (TradingJournal.API) in 85.8694ms
2026-05-10 18:20:19.050 +05:30 [INF] Executed endpoint 'TradingJournal.API.Controllers.TradingAccountController.GetAccounts (TradingJournal.API)'
2026-05-10 18:20:19.050 +05:30 [INF] HTTP GET /api/accounts responded 200 in 100.1662 ms
2026-05-10 18:20:19.050 +05:30 [INF] Request finished HTTP/1.1 GET http://localhost:5283/api/accounts - 200 null application/json; charset=utf-8 100.6391ms
2026-05-10 18:20:22.753 +05:30 [INF] Request starting HTTP/1.1 OPTIONS http://localhost:5283/hubs/chat/negotiate?access_token=eyJhbGciOiJIUzI1NiIsInR5cCI6IkpXVCJ9.eyJzdWIiOiI5NTg3MGNjYi02MjQ4LTQxNDAtOTVjOS1mODViMWU3N2EzNGIiLCJlbWFpbCI6InRyYWRlckB0cmFkaW5nam91cm5hbC5jb20iLCJodHRwOi8vc2NoZW1hcy5taWNyb3NvZnQuY29tL3dzLzIwMDgvMDYvaWRlbnRpdHkvY2xhaW1zL3JvbGUiOiJVc2VyIiwiZmlyc3ROYW1lIjoiTWl0ZXNoIiwibGFzdE5hbWUiOiJUcmFkZXIiLCJqdGkiOiJiODNmODIwZi0wODgwLTQ0NDYtYmE0My04ZTAzNzNkMDdjZDYiLCJleHAiOjE3Nzg0MjA5ODAsImlzcyI6IlRyYWRpbmdKb3VybmFsQVBJIiwiYXVkIjoiVHJhZGluZ0pvdXJuYWxDbGllbnQifQ.GBpmq1Hj9ef9t-XudPGjaDbpsvGM4_S4fG3Y4VTRGCk&negotiateVersion=1 - null null
2026-05-10 18:20:22.753 +05:30 [INF] CORS policy execution successful.
2026-05-10 18:20:22.753 +05:30 [INF] HTTP OPTIONS /hubs/chat/negotiate responded 204 in 0.2321 ms
2026-05-10 18:20:22.754 +05:30 [INF] Request finished HTTP/1.1 OPTIONS http://localhost:5283/hubs/chat/negotiate?access_token=eyJhbGciOiJIUzI1NiIsInR5cCI6IkpXVCJ9.eyJzdWIiOiI5NTg3MGNjYi02MjQ4LTQxNDAtOTVjOS1mODViMWU3N2EzNGIiLCJlbWFpbCI6InRyYWRlckB0cmFkaW5nam91cm5hbC5jb20iLCJodHRwOi8vc2NoZW1hcy5taWNyb3NvZnQuY29tL3dzLzIwMDgvMDYvaWRlbnRpdHkvY2xhaW1zL3JvbGUiOiJVc2VyIiwiZmlyc3ROYW1lIjoiTWl0ZXNoIiwibGFzdE5hbWUiOiJUcmFkZXIiLCJqdGkiOiJiODNmODIwZi0wODgwLTQ0NDYtYmE0My04ZTAzNzNkMDdjZDYiLCJleHAiOjE3Nzg0MjA5ODAsImlzcyI6IlRyYWRpbmdKb3VybmFsQVBJIiwiYXVkIjoiVHJhZGluZ0pvdXJuYWxDbGllbnQifQ.GBpmq1Hj9ef9t-XudPGjaDbpsvGM4_S4fG3Y4VTRGCk&negotiateVersion=1 - 204 null null 0.812ms
2026-05-10 18:20:22.755 +05:30 [INF] Request starting HTTP/1.1 OPTIONS http://localhost:5283/api/forum/public?page=1&pageSize=50 - null null
2026-05-10 18:20:22.756 +05:30 [INF] CORS policy execution successful.
2026-05-10 18:20:22.756 +05:30 [INF] HTTP OPTIONS /api/forum/public responded 204 in 0.3147 ms
2026-05-10 18:20:22.756 +05:30 [INF] Request finished HTTP/1.1 OPTIONS http://localhost:5283/api/forum/public?page=1&pageSize=50 - 204 null null 0.7076ms
2026-05-10 18:20:22.767 +05:30 [INF] Request starting HTTP/1.1 GET http://localhost:5283/api/forum/public?page=1&pageSize=50 - null null
2026-05-10 18:20:22.767 +05:30 [INF] CORS policy execution successful.
2026-05-10 18:20:22.768 +05:30 [INF] Executing endpoint 'TradingJournal.API.Controllers.ForumController.GetPublicMessages (TradingJournal.API)'
2026-05-10 18:20:22.778 +05:30 [INF] Route matched with {action = "GetPublicMessages", controller = "Forum"}. Executing controller action with signature System.Threading.Tasks.Task`1[Microsoft.AspNetCore.Mvc.IActionResult] GetPublicMessages(Int32, Int32) on controller TradingJournal.API.Controllers.ForumController (TradingJournal.API).
2026-05-10 18:20:22.917 +05:30 [INF] Executed DbCommand (4ms) [Parameters=[@p1='?' (DbType = Int32), @p='?' (DbType = Int32)], CommandType='"Text"', CommandTimeout='300']
SELECT f0."Id", f0."AuthorId", f0."ChannelType", f0."Content", f0."CreatedAt", f0."EditedAt", f0."IsDeleted", f0."IsEdited", f0."IsRead", f0."ParentMessageId", f0."ReceiverId", f0."SenderId", f0."UpdatedAt", u0."Id", u0."AccountBalance", u0."AllowedSections", u0."CreatedAt", u0."Email", u0."FirstName", u0."IsActive", u0."IsDeleted", u0."LastName", u0."PasswordHash", u0."ProfileImageUrl", u0."RefreshToken", u0."RefreshTokenExpiry", u0."Role", u0."UpdatedAt", f2."Id", f2."AuthorId", f2."ChannelType", f2."Content", f2."CreatedAt", f2."EditedAt", f2."IsDeleted", f2."IsEdited", f2."IsRead", f2."ParentMessageId", f2."ReceiverId", f2."SenderId", f2."UpdatedAt"
FROM (
    SELECT f."Id", f."AuthorId", f."ChannelType", f."Content", f."CreatedAt", f."EditedAt", f."IsDeleted", f."IsEdited", f."IsRead", f."ParentMessageId", f."ReceiverId", f."SenderId", f."UpdatedAt"
    FROM "ForumMessages" AS f
    WHERE NOT (f."IsDeleted") AND f."ChannelType" = 1 AND f."ParentMessageId" IS NULL
    ORDER BY f."CreatedAt" DESC
    LIMIT @p1 OFFSET @p
) AS f0
INNER JOIN (
    SELECT u."Id", u."AccountBalance", u."AllowedSections", u."CreatedAt", u."Email", u."FirstName", u."IsActive", u."IsDeleted", u."LastName", u."PasswordHash", u."ProfileImageUrl", u."RefreshToken", u."RefreshTokenExpiry", u."Role", u."UpdatedAt"
    FROM "Users" AS u
    WHERE NOT (u."IsDeleted")
) AS u0 ON f0."AuthorId" = u0."Id"
LEFT JOIN (
    SELECT f1."Id", f1."AuthorId", f1."ChannelType", f1."Content", f1."CreatedAt", f1."EditedAt", f1."IsDeleted", f1."IsEdited", f1."IsRead", f1."ParentMessageId", f1."ReceiverId", f1."SenderId", f1."UpdatedAt"
    FROM "ForumMessages" AS f1
    WHERE NOT (f1."IsDeleted")
) AS f2 ON f0."Id" = f2."ParentMessageId"
ORDER BY f0."CreatedAt" DESC, f0."Id", u0."Id"
2026-05-10 18:20:22.987 +05:30 [INF] Executed DbCommand (3ms) [Parameters=[], CommandType='"Text"', CommandTimeout='300']
SELECT count(*)::int
FROM "ForumMessages" AS f
WHERE NOT (f."IsDeleted") AND f."ChannelType" = 1 AND f."ParentMessageId" IS NULL
2026-05-10 18:20:22.990 +05:30 [INF] Executing OkObjectResult, writing value of type '<>f__AnonymousType2`2[[System.Collections.Generic.List`1[[TradingJournal.Application.DTOs.Forum.ForumMessageDto, TradingJournal.Application, Version=1.0.0.0, Culture=neutral, PublicKeyToken=null]], System.Private.CoreLib, Version=10.0.0.0, Culture=neutral, PublicKeyToken=7cec85d7bea7798e],[System.Int32, System.Private.CoreLib, Version=10.0.0.0, Culture=neutral, PublicKeyToken=7cec85d7bea7798e]]'.
2026-05-10 18:20:23.031 +05:30 [INF] Executed action TradingJournal.API.Controllers.ForumController.GetPublicMessages (TradingJournal.API) in 252.9388ms
2026-05-10 18:20:23.031 +05:30 [INF] Executed endpoint 'TradingJournal.API.Controllers.ForumController.GetPublicMessages (TradingJournal.API)'
2026-05-10 18:20:23.031 +05:30 [INF] HTTP GET /api/forum/public responded 200 in 264.0973 ms
2026-05-10 18:20:23.031 +05:30 [INF] Request finished HTTP/1.1 GET http://localhost:5283/api/forum/public?page=1&pageSize=50 - 200 null application/json; charset=utf-8 264.3824ms
2026-05-10 18:20:25.780 +05:30 [INF] Request starting HTTP/1.1 OPTIONS http://localhost:5283/api/announcements?page=1&pageSize=50 - null null
2026-05-10 18:20:25.780 +05:30 [INF] CORS policy execution successful.
2026-05-10 18:20:25.781 +05:30 [INF] HTTP OPTIONS /api/announcements responded 204 in 0.2547 ms
2026-05-10 18:20:25.781 +05:30 [INF] Request finished HTTP/1.1 OPTIONS http://localhost:5283/api/announcements?page=1&pageSize=50 - 204 null null 0.6119ms
2026-05-10 18:20:25.784 +05:30 [INF] Request starting HTTP/1.1 GET http://localhost:5283/api/announcements?page=1&pageSize=50 - null null
2026-05-10 18:20:25.785 +05:30 [INF] CORS policy execution successful.
2026-05-10 18:20:25.786 +05:30 [INF] Executing endpoint 'TradingJournal.API.Controllers.AnnouncementsController.GetAll (TradingJournal.API)'
2026-05-10 18:20:25.798 +05:30 [INF] Route matched with {action = "GetAll", controller = "Announcements"}. Executing controller action with signature System.Threading.Tasks.Task`1[Microsoft.AspNetCore.Mvc.IActionResult] GetAll(Int32, Int32) on controller TradingJournal.API.Controllers.AnnouncementsController (TradingJournal.API).
2026-05-10 18:20:25.891 +05:30 [INF] Executed DbCommand (6ms) [Parameters=[@p1='?' (DbType = Int32), @p='?' (DbType = Int32)], CommandType='"Text"', CommandTimeout='300']
SELECT a0."Id", a0."AdminId", a0."Content", a0."CreatedAt", a0."IsDeleted", a0."Priority", a0."Title", a0."UpdatedAt", u0."Id", u0."AccountBalance", u0."AllowedSections", u0."CreatedAt", u0."Email", u0."FirstName", u0."IsActive", u0."IsDeleted", u0."LastName", u0."PasswordHash", u0."ProfileImageUrl", u0."RefreshToken", u0."RefreshTokenExpiry", u0."Role", u0."UpdatedAt"
FROM (
    SELECT a."Id", a."AdminId", a."Content", a."CreatedAt", a."IsDeleted", a."Priority", a."Title", a."UpdatedAt"
    FROM "Announcements" AS a
    WHERE NOT (a."IsDeleted")
    ORDER BY a."CreatedAt" DESC
    LIMIT @p1 OFFSET @p
) AS a0
INNER JOIN (
    SELECT u."Id", u."AccountBalance", u."AllowedSections", u."CreatedAt", u."Email", u."FirstName", u."IsActive", u."IsDeleted", u."LastName", u."PasswordHash", u."ProfileImageUrl", u."RefreshToken", u."RefreshTokenExpiry", u."Role", u."UpdatedAt"
    FROM "Users" AS u
    WHERE NOT (u."IsDeleted")
) AS u0 ON a0."AdminId" = u0."Id"
ORDER BY a0."CreatedAt" DESC
2026-05-10 18:20:25.953 +05:30 [INF] Executed DbCommand (2ms) [Parameters=[], CommandType='"Text"', CommandTimeout='300']
SELECT count(*)::int
FROM "Announcements" AS a
WHERE NOT (a."IsDeleted")
2026-05-10 18:20:25.954 +05:30 [INF] Executing OkObjectResult, writing value of type '<>f__AnonymousType1`2[[System.Collections.Generic.List`1[[TradingJournal.Application.DTOs.Forum.AnnouncementDto, TradingJournal.Application, Version=1.0.0.0, Culture=neutral, PublicKeyToken=null]], System.Private.CoreLib, Version=10.0.0.0, Culture=neutral, PublicKeyToken=7cec85d7bea7798e],[System.Int32, System.Private.CoreLib, Version=10.0.0.0, Culture=neutral, PublicKeyToken=7cec85d7bea7798e]]'.
2026-05-10 18:20:25.966 +05:30 [INF] Executed action TradingJournal.API.Controllers.AnnouncementsController.GetAll (TradingJournal.API) in 167.6902ms
2026-05-10 18:20:25.966 +05:30 [INF] Executed endpoint 'TradingJournal.API.Controllers.AnnouncementsController.GetAll (TradingJournal.API)'
2026-05-10 18:20:25.966 +05:30 [INF] HTTP GET /api/announcements responded 200 in 181.6549 ms
2026-05-10 18:20:25.966 +05:30 [INF] Request finished HTTP/1.1 GET http://localhost:5283/api/announcements?page=1&pageSize=50 - 200 null application/json; charset=utf-8 182.0159ms
2026-05-10 18:20:27.413 +05:30 [INF] Request starting HTTP/1.1 GET http://localhost:5283/api/forum/public?page=1&pageSize=50 - null null
2026-05-10 18:20:27.413 +05:30 [INF] CORS policy execution successful.
2026-05-10 18:20:27.414 +05:30 [INF] Executing endpoint 'TradingJournal.API.Controllers.ForumController.GetPublicMessages (TradingJournal.API)'
2026-05-10 18:20:27.415 +05:30 [INF] Route matched with {action = "GetPublicMessages", controller = "Forum"}. Executing controller action with signature System.Threading.Tasks.Task`1[Microsoft.AspNetCore.Mvc.IActionResult] GetPublicMessages(Int32, Int32) on controller TradingJournal.API.Controllers.ForumController (TradingJournal.API).
2026-05-10 18:20:27.488 +05:30 [INF] Executed DbCommand (5ms) [Parameters=[@p1='?' (DbType = Int32), @p='?' (DbType = Int32)], CommandType='"Text"', CommandTimeout='300']
SELECT f0."Id", f0."AuthorId", f0."ChannelType", f0."Content", f0."CreatedAt", f0."EditedAt", f0."IsDeleted", f0."IsEdited", f0."IsRead", f0."ParentMessageId", f0."ReceiverId", f0."SenderId", f0."UpdatedAt", u0."Id", u0."AccountBalance", u0."AllowedSections", u0."CreatedAt", u0."Email", u0."FirstName", u0."IsActive", u0."IsDeleted", u0."LastName", u0."PasswordHash", u0."ProfileImageUrl", u0."RefreshToken", u0."RefreshTokenExpiry", u0."Role", u0."UpdatedAt", f2."Id", f2."AuthorId", f2."ChannelType", f2."Content", f2."CreatedAt", f2."EditedAt", f2."IsDeleted", f2."IsEdited", f2."IsRead", f2."ParentMessageId", f2."ReceiverId", f2."SenderId", f2."UpdatedAt"
FROM (
    SELECT f."Id", f."AuthorId", f."ChannelType", f."Content", f."CreatedAt", f."EditedAt", f."IsDeleted", f."IsEdited", f."IsRead", f."ParentMessageId", f."ReceiverId", f."SenderId", f."UpdatedAt"
    FROM "ForumMessages" AS f
    WHERE NOT (f."IsDeleted") AND f."ChannelType" = 1 AND f."ParentMessageId" IS NULL
    ORDER BY f."CreatedAt" DESC
    LIMIT @p1 OFFSET @p
) AS f0
INNER JOIN (
    SELECT u."Id", u."AccountBalance", u."AllowedSections", u."CreatedAt", u."Email", u."FirstName", u."IsActive", u."IsDeleted", u."LastName", u."PasswordHash", u."ProfileImageUrl", u."RefreshToken", u."RefreshTokenExpiry", u."Role", u."UpdatedAt"
    FROM "Users" AS u
    WHERE NOT (u."IsDeleted")
) AS u0 ON f0."AuthorId" = u0."Id"
LEFT JOIN (
    SELECT f1."Id", f1."AuthorId", f1."ChannelType", f1."Content", f1."CreatedAt", f1."EditedAt", f1."IsDeleted", f1."IsEdited", f1."IsRead", f1."ParentMessageId", f1."ReceiverId", f1."SenderId", f1."UpdatedAt"
    FROM "ForumMessages" AS f1
    WHERE NOT (f1."IsDeleted")
) AS f2 ON f0."Id" = f2."ParentMessageId"
ORDER BY f0."CreatedAt" DESC, f0."Id", u0."Id"
2026-05-10 18:20:27.549 +05:30 [INF] Executed DbCommand (3ms) [Parameters=[], CommandType='"Text"', CommandTimeout='300']
SELECT count(*)::int
FROM "ForumMessages" AS f
WHERE NOT (f."IsDeleted") AND f."ChannelType" = 1 AND f."ParentMessageId" IS NULL
2026-05-10 18:20:27.550 +05:30 [INF] Executing OkObjectResult, writing value of type '<>f__AnonymousType2`2[[System.Collections.Generic.List`1[[TradingJournal.Application.DTOs.Forum.ForumMessageDto, TradingJournal.Application, Version=1.0.0.0, Culture=neutral, PublicKeyToken=null]], System.Private.CoreLib, Version=10.0.0.0, Culture=neutral, PublicKeyToken=7cec85d7bea7798e],[System.Int32, System.Private.CoreLib, Version=10.0.0.0, Culture=neutral, PublicKeyToken=7cec85d7bea7798e]]'.
2026-05-10 18:20:27.550 +05:30 [INF] Executed action TradingJournal.API.Controllers.ForumController.GetPublicMessages (TradingJournal.API) in 135.502ms
2026-05-10 18:20:27.550 +05:30 [INF] Executed endpoint 'TradingJournal.API.Controllers.ForumController.GetPublicMessages (TradingJournal.API)'
2026-05-10 18:20:27.550 +05:30 [INF] HTTP GET /api/forum/public responded 200 in 137.0479 ms
2026-05-10 18:20:27.551 +05:30 [INF] Request finished HTTP/1.1 GET http://localhost:5283/api/forum/public?page=1&pageSize=50 - 200 null application/json; charset=utf-8 137.3911ms
2026-05-10 18:20:28.463 +05:30 [INF] Request starting HTTP/1.1 OPTIONS http://localhost:5283/api/forum/users - null null
2026-05-10 18:20:28.463 +05:30 [INF] CORS policy execution successful.
2026-05-10 18:20:28.463 +05:30 [INF] HTTP OPTIONS /api/forum/users responded 204 in 0.1044 ms
2026-05-10 18:20:28.463 +05:30 [INF] Request finished HTTP/1.1 OPTIONS http://localhost:5283/api/forum/users - 204 null null 0.3762ms
2026-05-10 18:20:28.465 +05:30 [INF] Request starting HTTP/1.1 GET http://localhost:5283/api/forum/users - null null
2026-05-10 18:20:28.465 +05:30 [INF] CORS policy execution successful.
2026-05-10 18:20:28.466 +05:30 [INF] Executing endpoint 'TradingJournal.API.Controllers.ForumController.GetUsersForChat (TradingJournal.API)'
2026-05-10 18:20:28.477 +05:30 [INF] Route matched with {action = "GetUsersForChat", controller = "Forum"}. Executing controller action with signature System.Threading.Tasks.Task`1[Microsoft.AspNetCore.Mvc.IActionResult] GetUsersForChat(TradingJournal.Infrastructure.Data.ApplicationDbContext) on controller TradingJournal.API.Controllers.ForumController (TradingJournal.API).
2026-05-10 18:20:28.562 +05:30 [INF] Executed DbCommand (4ms) [Parameters=[@currentUserId='?' (DbType = Guid)], CommandType='"Text"', CommandTimeout='300']
SELECT u."Id", u."FirstName" || ' ' || u."LastName" AS "Name", u."Email"
FROM "Users" AS u
WHERE NOT (u."IsDeleted") AND u."Id" <> @currentUserId AND NOT (u."IsDeleted")
2026-05-10 18:20:28.564 +05:30 [INF] Executing OkObjectResult, writing value of type 'System.Collections.Generic.List`1[[<>f__AnonymousType3`3[[System.Guid, System.Private.CoreLib, Version=10.0.0.0, Culture=neutral, PublicKeyToken=7cec85d7bea7798e],[System.String, System.Private.CoreLib, Version=10.0.0.0, Culture=neutral, PublicKeyToken=7cec85d7bea7798e],[System.String, System.Private.CoreLib, Version=10.0.0.0, Culture=neutral, PublicKeyToken=7cec85d7bea7798e]], TradingJournal.API, Version=1.0.0.0, Culture=neutral, PublicKeyToken=null]]'.
2026-05-10 18:20:28.569 +05:30 [INF] Executed action TradingJournal.API.Controllers.ForumController.GetUsersForChat (TradingJournal.API) in 92.2939ms
2026-05-10 18:20:28.569 +05:30 [INF] Executed endpoint 'TradingJournal.API.Controllers.ForumController.GetUsersForChat (TradingJournal.API)'
2026-05-10 18:20:28.570 +05:30 [INF] HTTP GET /api/forum/users responded 200 in 104.3754 ms
2026-05-10 18:20:28.570 +05:30 [INF] Request finished HTTP/1.1 GET http://localhost:5283/api/forum/users - 200 null application/json; charset=utf-8 104.6269ms
2026-05-10 18:20:29.329 +05:30 [INF] Request starting HTTP/1.1 OPTIONS http://localhost:5283/api/forum/dm/read/0a478092-7251-4b11-a785-05efbf8ad1f6 - null null
2026-05-10 18:20:29.329 +05:30 [INF] CORS policy execution successful.
2026-05-10 18:20:29.330 +05:30 [INF] HTTP OPTIONS /api/forum/dm/read/0a478092-7251-4b11-a785-05efbf8ad1f6 responded 204 in 0.2690 ms
2026-05-10 18:20:29.329 +05:30 [INF] Request starting HTTP/1.1 OPTIONS http://localhost:5283/api/forum/dm/0a478092-7251-4b11-a785-05efbf8ad1f6 - null null
2026-05-10 18:20:29.330 +05:30 [INF] Request finished HTTP/1.1 OPTIONS http://localhost:5283/api/forum/dm/read/0a478092-7251-4b11-a785-05efbf8ad1f6 - 204 null null 0.8007ms
2026-05-10 18:20:29.330 +05:30 [INF] CORS policy execution successful.
2026-05-10 18:20:29.330 +05:30 [INF] HTTP OPTIONS /api/forum/dm/0a478092-7251-4b11-a785-05efbf8ad1f6 responded 204 in 0.1303 ms
2026-05-10 18:20:29.330 +05:30 [INF] Request finished HTTP/1.1 OPTIONS http://localhost:5283/api/forum/dm/0a478092-7251-4b11-a785-05efbf8ad1f6 - 204 null null 0.5321ms
2026-05-10 18:20:29.333 +05:30 [INF] Request starting HTTP/1.1 PUT http://localhost:5283/api/forum/dm/read/0a478092-7251-4b11-a785-05efbf8ad1f6 - application/json 2
2026-05-10 18:20:29.333 +05:30 [INF] Request starting HTTP/1.1 GET http://localhost:5283/api/forum/dm/0a478092-7251-4b11-a785-05efbf8ad1f6 - null null
2026-05-10 18:20:29.333 +05:30 [INF] CORS policy execution successful.
2026-05-10 18:20:29.333 +05:30 [INF] CORS policy execution successful.
2026-05-10 18:20:29.334 +05:30 [INF] Executing endpoint 'TradingJournal.API.Controllers.ForumController.GetDirectMessages (TradingJournal.API)'
2026-05-10 18:20:29.334 +05:30 [INF] Executing endpoint 'TradingJournal.API.Controllers.ForumController.MarkAsRead (TradingJournal.API)'
2026-05-10 18:20:29.345 +05:30 [INF] Route matched with {action = "GetDirectMessages", controller = "Forum"}. Executing controller action with signature System.Threading.Tasks.Task`1[Microsoft.AspNetCore.Mvc.IActionResult] GetDirectMessages(System.Guid) on controller TradingJournal.API.Controllers.ForumController (TradingJournal.API).
2026-05-10 18:20:29.345 +05:30 [INF] Route matched with {action = "MarkAsRead", controller = "Forum"}. Executing controller action with signature System.Threading.Tasks.Task`1[Microsoft.AspNetCore.Mvc.IActionResult] MarkAsRead(System.Guid) on controller TradingJournal.API.Controllers.ForumController (TradingJournal.API).
2026-05-10 18:20:29.435 +05:30 [INF] Executed DbCommand (3ms) [Parameters=[@senderId='?' (DbType = Guid), @receiverId='?' (DbType = Guid)], CommandType='"Text"', CommandTimeout='300']
SELECT f."Id", f."AuthorId", f."ChannelType", f."Content", f."CreatedAt", f."EditedAt", f."IsDeleted", f."IsEdited", f."IsRead", f."ParentMessageId", f."ReceiverId", f."SenderId", f."UpdatedAt"
FROM "ForumMessages" AS f
WHERE NOT (f."IsDeleted") AND f."ChannelType" = 2 AND f."SenderId" = @senderId AND f."ReceiverId" = @receiverId AND NOT (f."IsRead")
2026-05-10 18:20:29.441 +05:30 [INF] Executing StatusCodeResult, setting HTTP status code 204
2026-05-10 18:20:29.441 +05:30 [INF] Executed action TradingJournal.API.Controllers.ForumController.MarkAsRead (TradingJournal.API) in 96.2585ms
2026-05-10 18:20:29.441 +05:30 [INF] Executed endpoint 'TradingJournal.API.Controllers.ForumController.MarkAsRead (TradingJournal.API)'
2026-05-10 18:20:29.441 +05:30 [INF] HTTP PUT /api/forum/dm/read/0a478092-7251-4b11-a785-05efbf8ad1f6 responded 204 in 108.2008 ms
2026-05-10 18:20:29.441 +05:30 [INF] Request finished HTTP/1.1 PUT http://localhost:5283/api/forum/dm/read/0a478092-7251-4b11-a785-05efbf8ad1f6 - 204 null null 108.6775ms
2026-05-10 18:20:29.450 +05:30 [INF] Executed DbCommand (4ms) [Parameters=[@userId='?' (DbType = Guid), @otherUserId='?' (DbType = Guid)], CommandType='"Text"', CommandTimeout='300']
SELECT f."Id", f."AuthorId", f."ChannelType", f."Content", f."CreatedAt", f."EditedAt", f."IsDeleted", f."IsEdited", f."IsRead", f."ParentMessageId", f."ReceiverId", f."SenderId", f."UpdatedAt", u0."Id", u0."AccountBalance", u0."AllowedSections", u0."CreatedAt", u0."Email", u0."FirstName", u0."IsActive", u0."IsDeleted", u0."LastName", u0."PasswordHash", u0."ProfileImageUrl", u0."RefreshToken", u0."RefreshTokenExpiry", u0."Role", u0."UpdatedAt"
FROM "ForumMessages" AS f
INNER JOIN (
    SELECT u."Id", u."AccountBalance", u."AllowedSections", u."CreatedAt", u."Email", u."FirstName", u."IsActive", u."IsDeleted", u."LastName", u."PasswordHash", u."ProfileImageUrl", u."RefreshToken", u."RefreshTokenExpiry", u."Role", u."UpdatedAt"
    FROM "Users" AS u
    WHERE NOT (u."IsDeleted")
) AS u0 ON f."AuthorId" = u0."Id"
WHERE NOT (f."IsDeleted") AND f."ChannelType" = 2 AND ((f."SenderId" = @userId AND f."ReceiverId" = @otherUserId) OR (f."SenderId" = @otherUserId AND f."ReceiverId" = @userId))
ORDER BY f."CreatedAt"
2026-05-10 18:20:29.491 +05:30 [INF] Executing OkObjectResult, writing value of type 'System.Collections.Generic.List`1[[TradingJournal.Application.DTOs.Forum.DirectMessageDto, TradingJournal.Application, Version=1.0.0.0, Culture=neutral, PublicKeyToken=null]]'.
2026-05-10 18:20:29.498 +05:30 [INF] Executed action TradingJournal.API.Controllers.ForumController.GetDirectMessages (TradingJournal.API) in 152.7486ms
2026-05-10 18:20:29.498 +05:30 [INF] Executed endpoint 'TradingJournal.API.Controllers.ForumController.GetDirectMessages (TradingJournal.API)'
2026-05-10 18:20:29.498 +05:30 [INF] HTTP GET /api/forum/dm/0a478092-7251-4b11-a785-05efbf8ad1f6 responded 200 in 164.6590 ms
2026-05-10 18:20:29.498 +05:30 [INF] Request finished HTTP/1.1 GET http://localhost:5283/api/forum/dm/0a478092-7251-4b11-a785-05efbf8ad1f6 - 200 null application/json; charset=utf-8 164.9183ms
2026-05-10 18:20:40.435 +05:30 [INF] Request starting HTTP/1.1 OPTIONS http://localhost:5283/api/forum/dm - null null
2026-05-10 18:20:40.435 +05:30 [INF] CORS policy execution successful.
2026-05-10 18:20:40.435 +05:30 [INF] HTTP OPTIONS /api/forum/dm responded 204 in 0.1334 ms
2026-05-10 18:20:40.436 +05:30 [INF] Request finished HTTP/1.1 OPTIONS http://localhost:5283/api/forum/dm - 204 null null 0.5615ms
2026-05-10 18:20:40.437 +05:30 [INF] Request starting HTTP/1.1 POST http://localhost:5283/api/forum/dm - application/json 129
2026-05-10 18:20:40.438 +05:30 [INF] CORS policy execution successful.
2026-05-10 18:20:40.438 +05:30 [INF] Executing endpoint 'TradingJournal.API.Controllers.ForumController.SendDirectMessage (TradingJournal.API)'
2026-05-10 18:20:40.445 +05:30 [INF] Route matched with {action = "SendDirectMessage", controller = "Forum"}. Executing controller action with signature System.Threading.Tasks.Task`1[Microsoft.AspNetCore.Mvc.IActionResult] SendDirectMessage(TradingJournal.Application.DTOs.Forum.CreateForumMessageDto) on controller TradingJournal.API.Controllers.ForumController (TradingJournal.API).
2026-05-10 18:20:40.546 +05:30 [INF] Executed DbCommand (16ms) [Parameters=[@p0='?' (DbType = Guid), @p1='?' (DbType = Guid), @p2='?' (DbType = Int32), @p3='?', @p4='?' (DbType = DateTime), @p5='?' (DbType = DateTime), @p6='?' (DbType = Boolean), @p7='?' (DbType = Boolean), @p8='?' (DbType = Boolean), @p9='?' (DbType = Guid), @p10='?' (DbType = Guid), @p11='?' (DbType = Guid), @p12='?' (DbType = DateTime)], CommandType='"Text"', CommandTimeout='300']
INSERT INTO "ForumMessages" ("Id", "AuthorId", "ChannelType", "Content", "CreatedAt", "EditedAt", "IsDeleted", "IsEdited", "IsRead", "ParentMessageId", "ReceiverId", "SenderId", "UpdatedAt")
VALUES (@p0, @p1, @p2, @p3, @p4, @p5, @p6, @p7, @p8, @p9, @p10, @p11, @p12);
2026-05-10 18:20:40.616 +05:30 [INF] Executed DbCommand (2ms) [Parameters=[@p='?' (DbType = Guid)], CommandType='"Text"', CommandTimeout='300']
SELECT u."Id", u."AccountBalance", u."AllowedSections", u."CreatedAt", u."Email", u."FirstName", u."IsActive", u."IsDeleted", u."LastName", u."PasswordHash", u."ProfileImageUrl", u."RefreshToken", u."RefreshTokenExpiry", u."Role", u."UpdatedAt"
FROM "Users" AS u
WHERE NOT (u."IsDeleted") AND u."Id" = @p
LIMIT 1
2026-05-10 18:20:40.619 +05:30 [INF] Executing OkObjectResult, writing value of type 'TradingJournal.Application.DTOs.Forum.DirectMessageDto'.
2026-05-10 18:20:40.619 +05:30 [INF] Executed action TradingJournal.API.Controllers.ForumController.SendDirectMessage (TradingJournal.API) in 173.6865ms
2026-05-10 18:20:40.619 +05:30 [INF] Executed endpoint 'TradingJournal.API.Controllers.ForumController.SendDirectMessage (TradingJournal.API)'
2026-05-10 18:20:40.619 +05:30 [INF] HTTP POST /api/forum/dm responded 200 in 181.5073 ms
2026-05-10 18:20:40.619 +05:30 [INF] Request finished HTTP/1.1 POST http://localhost:5283/api/forum/dm - 200 null application/json; charset=utf-8 181.7819ms
2026-05-10 18:20:51.038 +05:30 [INF] Request starting HTTP/1.1 OPTIONS http://localhost:5283/api/accounts - null null
2026-05-10 18:20:51.038 +05:30 [INF] CORS policy execution successful.
2026-05-10 18:20:51.038 +05:30 [INF] HTTP OPTIONS /api/accounts responded 204 in 0.1634 ms
2026-05-10 18:20:51.039 +05:30 [INF] Request finished HTTP/1.1 OPTIONS http://localhost:5283/api/accounts - 204 null null 0.6458ms
2026-05-10 18:20:51.046 +05:30 [INF] Request starting HTTP/1.1 GET http://localhost:5283/api/accounts - null null
2026-05-10 18:20:51.046 +05:30 [INF] CORS policy execution successful.
2026-05-10 18:20:51.047 +05:30 [INF] Executing endpoint 'TradingJournal.API.Controllers.TradingAccountController.GetAccounts (TradingJournal.API)'
2026-05-10 18:20:51.047 +05:30 [INF] Route matched with {action = "GetAccounts", controller = "TradingAccount"}. Executing controller action with signature System.Threading.Tasks.Task`1[Microsoft.AspNetCore.Mvc.ActionResult`1[System.Collections.Generic.List`1[TradingJournal.Application.DTOs.Accounts.TradingAccountDto]]] GetAccounts(System.Nullable`1[System.Guid]) on controller TradingJournal.API.Controllers.TradingAccountController (TradingJournal.API).
2026-05-10 18:20:51.048 +05:30 [INF] Getting trading accounts for user "95870ccb-6248-4140-95c9-f85b1e77a34b"
2026-05-10 18:20:51.135 +05:30 [INF] Executed DbCommand (3ms) [Parameters=[@userId='?' (DbType = Guid)], CommandType='"Text"', CommandTimeout='300']
SELECT t."Id", t."Balance", t."Broker", t."CreatedAt", t."Currency", t."DailyDrawdownLimitPct", t."Has5xLotRule", t."IsDefault", t."IsDeleted", t."IsPropFirm", t."MaxAllowedLotSize", t."MaxOverallLossPct", t."MaxRiskPerTradePctOfDailyLimit", t."MinTradingDays", t."Name", t."NewsTradeAllowed", t."ProfitSplitPct", t."ProfitTargetPct", t."PropFirmName", t."PropFirmPlan", t."UpdatedAt", t."UseDynamicEquity", t."UserId", t."WeekendHoldingAllowed"
FROM "TradingAccounts" AS t
WHERE NOT (t."IsDeleted") AND t."UserId" = @userId AND NOT (t."IsDeleted")
ORDER BY t."IsDefault" DESC, t."CreatedAt" DESC
2026-05-10 18:20:51.136 +05:30 [INF] Executing OkObjectResult, writing value of type 'System.Collections.Generic.List`1[[TradingJournal.Application.DTOs.Accounts.TradingAccountDto, TradingJournal.Application, Version=1.0.0.0, Culture=neutral, PublicKeyToken=null]]'.
2026-05-10 18:20:51.137 +05:30 [INF] Executed action TradingJournal.API.Controllers.TradingAccountController.GetAccounts (TradingJournal.API) in 89.6166ms
2026-05-10 18:20:51.137 +05:30 [INF] Executed endpoint 'TradingJournal.API.Controllers.TradingAccountController.GetAccounts (TradingJournal.API)'
2026-05-10 18:20:51.137 +05:30 [INF] HTTP GET /api/accounts responded 200 in 90.8500 ms
2026-05-10 18:20:51.137 +05:30 [INF] Request finished HTTP/1.1 GET http://localhost:5283/api/accounts - 200 null application/json; charset=utf-8 91.1605ms
2026-05-10 18:20:51.638 +05:30 [INF] Request starting HTTP/1.1 OPTIONS http://localhost:5283/hubs/chat/negotiate?access_token=eyJhbGciOiJIUzI1NiIsInR5cCI6IkpXVCJ9.eyJzdWIiOiI5NTg3MGNjYi02MjQ4LTQxNDAtOTVjOS1mODViMWU3N2EzNGIiLCJlbWFpbCI6InRyYWRlckB0cmFkaW5nam91cm5hbC5jb20iLCJodHRwOi8vc2NoZW1hcy5taWNyb3NvZnQuY29tL3dzLzIwMDgvMDYvaWRlbnRpdHkvY2xhaW1zL3JvbGUiOiJVc2VyIiwiZmlyc3ROYW1lIjoiTWl0ZXNoIiwibGFzdE5hbWUiOiJUcmFkZXIiLCJqdGkiOiJiODNmODIwZi0wODgwLTQ0NDYtYmE0My04ZTAzNzNkMDdjZDYiLCJleHAiOjE3Nzg0MjA5ODAsImlzcyI6IlRyYWRpbmdKb3VybmFsQVBJIiwiYXVkIjoiVHJhZGluZ0pvdXJuYWxDbGllbnQifQ.GBpmq1Hj9ef9t-XudPGjaDbpsvGM4_S4fG3Y4VTRGCk&negotiateVersion=1 - null null
2026-05-10 18:20:51.638 +05:30 [INF] CORS policy execution successful.
2026-05-10 18:20:51.638 +05:30 [INF] HTTP OPTIONS /hubs/chat/negotiate responded 204 in 0.2504 ms
2026-05-10 18:20:51.639 +05:30 [INF] Request finished HTTP/1.1 OPTIONS http://localhost:5283/hubs/chat/negotiate?access_token=eyJhbGciOiJIUzI1NiIsInR5cCI6IkpXVCJ9.eyJzdWIiOiI5NTg3MGNjYi02MjQ4LTQxNDAtOTVjOS1mODViMWU3N2EzNGIiLCJlbWFpbCI6InRyYWRlckB0cmFkaW5nam91cm5hbC5jb20iLCJodHRwOi8vc2NoZW1hcy5taWNyb3NvZnQuY29tL3dzLzIwMDgvMDYvaWRlbnRpdHkvY2xhaW1zL3JvbGUiOiJVc2VyIiwiZmlyc3ROYW1lIjoiTWl0ZXNoIiwibGFzdE5hbWUiOiJUcmFkZXIiLCJqdGkiOiJiODNmODIwZi0wODgwLTQ0NDYtYmE0My04ZTAzNzNkMDdjZDYiLCJleHAiOjE3Nzg0MjA5ODAsImlzcyI6IlRyYWRpbmdKb3VybmFsQVBJIiwiYXVkIjoiVHJhZGluZ0pvdXJuYWxDbGllbnQifQ.GBpmq1Hj9ef9t-XudPGjaDbpsvGM4_S4fG3Y4VTRGCk&negotiateVersion=1 - 204 null null 0.8647ms
2026-05-10 18:20:51.651 +05:30 [INF] Request starting HTTP/1.1 OPTIONS http://localhost:5283/api/forum/public?page=1&pageSize=50 - null null
2026-05-10 18:20:51.651 +05:30 [INF] CORS policy execution successful.
2026-05-10 18:20:51.651 +05:30 [INF] HTTP OPTIONS /api/forum/public responded 204 in 0.1414 ms
2026-05-10 18:20:51.651 +05:30 [INF] Request finished HTTP/1.1 OPTIONS http://localhost:5283/api/forum/public?page=1&pageSize=50 - 204 null null 0.4626ms
2026-05-10 18:20:51.655 +05:30 [INF] Request starting HTTP/1.1 GET http://localhost:5283/api/forum/public?page=1&pageSize=50 - null null
2026-05-10 18:20:51.655 +05:30 [INF] CORS policy execution successful.
2026-05-10 18:20:51.656 +05:30 [INF] Executing endpoint 'TradingJournal.API.Controllers.ForumController.GetPublicMessages (TradingJournal.API)'
2026-05-10 18:20:51.656 +05:30 [INF] Route matched with {action = "GetPublicMessages", controller = "Forum"}. Executing controller action with signature System.Threading.Tasks.Task`1[Microsoft.AspNetCore.Mvc.IActionResult] GetPublicMessages(Int32, Int32) on controller TradingJournal.API.Controllers.ForumController (TradingJournal.API).
2026-05-10 18:20:51.818 +05:30 [INF] Executed DbCommand (14ms) [Parameters=[@p1='?' (DbType = Int32), @p='?' (DbType = Int32)], CommandType='"Text"', CommandTimeout='300']
SELECT f0."Id", f0."AuthorId", f0."ChannelType", f0."Content", f0."CreatedAt", f0."EditedAt", f0."IsDeleted", f0."IsEdited", f0."IsRead", f0."ParentMessageId", f0."ReceiverId", f0."SenderId", f0."UpdatedAt", u0."Id", u0."AccountBalance", u0."AllowedSections", u0."CreatedAt", u0."Email", u0."FirstName", u0."IsActive", u0."IsDeleted", u0."LastName", u0."PasswordHash", u0."ProfileImageUrl", u0."RefreshToken", u0."RefreshTokenExpiry", u0."Role", u0."UpdatedAt", f2."Id", f2."AuthorId", f2."ChannelType", f2."Content", f2."CreatedAt", f2."EditedAt", f2."IsDeleted", f2."IsEdited", f2."IsRead", f2."ParentMessageId", f2."ReceiverId", f2."SenderId", f2."UpdatedAt"
FROM (
    SELECT f."Id", f."AuthorId", f."ChannelType", f."Content", f."CreatedAt", f."EditedAt", f."IsDeleted", f."IsEdited", f."IsRead", f."ParentMessageId", f."ReceiverId", f."SenderId", f."UpdatedAt"
    FROM "ForumMessages" AS f
    WHERE NOT (f."IsDeleted") AND f."ChannelType" = 1 AND f."ParentMessageId" IS NULL
    ORDER BY f."CreatedAt" DESC
    LIMIT @p1 OFFSET @p
) AS f0
INNER JOIN (
    SELECT u."Id", u."AccountBalance", u."AllowedSections", u."CreatedAt", u."Email", u."FirstName", u."IsActive", u."IsDeleted", u."LastName", u."PasswordHash", u."ProfileImageUrl", u."RefreshToken", u."RefreshTokenExpiry", u."Role", u."UpdatedAt"
    FROM "Users" AS u
    WHERE NOT (u."IsDeleted")
) AS u0 ON f0."AuthorId" = u0."Id"
LEFT JOIN (
    SELECT f1."Id", f1."AuthorId", f1."ChannelType", f1."Content", f1."CreatedAt", f1."EditedAt", f1."IsDeleted", f1."IsEdited", f1."IsRead", f1."ParentMessageId", f1."ReceiverId", f1."SenderId", f1."UpdatedAt"
    FROM "ForumMessages" AS f1
    WHERE NOT (f1."IsDeleted")
) AS f2 ON f0."Id" = f2."ParentMessageId"
ORDER BY f0."CreatedAt" DESC, f0."Id", u0."Id"
2026-05-10 18:20:52.001 +05:30 [INF] Executed DbCommand (5ms) [Parameters=[], CommandType='"Text"', CommandTimeout='300']
SELECT count(*)::int
FROM "ForumMessages" AS f
WHERE NOT (f."IsDeleted") AND f."ChannelType" = 1 AND f."ParentMessageId" IS NULL
2026-05-10 18:20:52.003 +05:30 [INF] Executing OkObjectResult, writing value of type '<>f__AnonymousType2`2[[System.Collections.Generic.List`1[[TradingJournal.Application.DTOs.Forum.ForumMessageDto, TradingJournal.Application, Version=1.0.0.0, Culture=neutral, PublicKeyToken=null]], System.Private.CoreLib, Version=10.0.0.0, Culture=neutral, PublicKeyToken=7cec85d7bea7798e],[System.Int32, System.Private.CoreLib, Version=10.0.0.0, Culture=neutral, PublicKeyToken=7cec85d7bea7798e]]'.
2026-05-10 18:20:52.003 +05:30 [INF] Executed action TradingJournal.API.Controllers.ForumController.GetPublicMessages (TradingJournal.API) in 346.881ms
2026-05-10 18:20:52.003 +05:30 [INF] Executed endpoint 'TradingJournal.API.Controllers.ForumController.GetPublicMessages (TradingJournal.API)'
2026-05-10 18:20:52.004 +05:30 [INF] HTTP GET /api/forum/public responded 200 in 348.4539 ms
2026-05-10 18:20:52.004 +05:30 [INF] Request finished HTTP/1.1 GET http://localhost:5283/api/forum/public?page=1&pageSize=50 - 200 null application/json; charset=utf-8 348.8154ms
2026-05-10 18:21:15.033 +05:30 [INF] Request starting HTTP/1.1 OPTIONS http://localhost:5283/api/forum/users - null null
2026-05-10 18:21:15.034 +05:30 [INF] CORS policy execution successful.
2026-05-10 18:21:15.034 +05:30 [INF] HTTP OPTIONS /api/forum/users responded 204 in 0.1413 ms
2026-05-10 18:21:15.034 +05:30 [INF] Request finished HTTP/1.1 OPTIONS http://localhost:5283/api/forum/users - 204 null null 0.8654ms
2026-05-10 18:21:15.041 +05:30 [INF] Request starting HTTP/1.1 GET http://localhost:5283/api/forum/users - null null
2026-05-10 18:21:15.042 +05:30 [INF] CORS policy execution successful.
2026-05-10 18:21:15.043 +05:30 [INF] Executing endpoint 'TradingJournal.API.Controllers.ForumController.GetUsersForChat (TradingJournal.API)'
2026-05-10 18:21:15.043 +05:30 [INF] Route matched with {action = "GetUsersForChat", controller = "Forum"}. Executing controller action with signature System.Threading.Tasks.Task`1[Microsoft.AspNetCore.Mvc.IActionResult] GetUsersForChat(TradingJournal.Infrastructure.Data.ApplicationDbContext) on controller TradingJournal.API.Controllers.ForumController (TradingJournal.API).
2026-05-10 18:21:15.132 +05:30 [INF] Executed DbCommand (2ms) [Parameters=[@currentUserId='?' (DbType = Guid)], CommandType='"Text"', CommandTimeout='300']
SELECT u."Id", u."FirstName" || ' ' || u."LastName" AS "Name", u."Email"
FROM "Users" AS u
WHERE NOT (u."IsDeleted") AND u."Id" <> @currentUserId AND NOT (u."IsDeleted")
2026-05-10 18:21:15.133 +05:30 [INF] Executing OkObjectResult, writing value of type 'System.Collections.Generic.List`1[[<>f__AnonymousType3`3[[System.Guid, System.Private.CoreLib, Version=10.0.0.0, Culture=neutral, PublicKeyToken=7cec85d7bea7798e],[System.String, System.Private.CoreLib, Version=10.0.0.0, Culture=neutral, PublicKeyToken=7cec85d7bea7798e],[System.String, System.Private.CoreLib, Version=10.0.0.0, Culture=neutral, PublicKeyToken=7cec85d7bea7798e]], TradingJournal.API, Version=1.0.0.0, Culture=neutral, PublicKeyToken=null]]'.
2026-05-10 18:21:15.133 +05:30 [INF] Executed action TradingJournal.API.Controllers.ForumController.GetUsersForChat (TradingJournal.API) in 89.6653ms
2026-05-10 18:21:15.134 +05:30 [INF] Executed endpoint 'TradingJournal.API.Controllers.ForumController.GetUsersForChat (TradingJournal.API)'
2026-05-10 18:21:15.134 +05:30 [INF] HTTP GET /api/forum/users responded 200 in 92.2175 ms
2026-05-10 18:21:15.134 +05:30 [INF] Request finished HTTP/1.1 GET http://localhost:5283/api/forum/users - 200 null application/json; charset=utf-8 92.6276ms
2026-05-10 18:21:17.443 +05:30 [INF] Request starting HTTP/1.1 OPTIONS http://localhost:5283/api/forum/dm/read/0a478092-7251-4b11-a785-05efbf8ad1f6 - null null
2026-05-10 18:21:17.444 +05:30 [INF] CORS policy execution successful.
2026-05-10 18:21:17.444 +05:30 [INF] HTTP OPTIONS /api/forum/dm/read/0a478092-7251-4b11-a785-05efbf8ad1f6 responded 204 in 0.1949 ms
2026-05-10 18:21:17.444 +05:30 [INF] Request finished HTTP/1.1 OPTIONS http://localhost:5283/api/forum/dm/read/0a478092-7251-4b11-a785-05efbf8ad1f6 - 204 null null 0.7831ms
2026-05-10 18:21:17.446 +05:30 [INF] Request starting HTTP/1.1 OPTIONS http://localhost:5283/api/forum/dm/0a478092-7251-4b11-a785-05efbf8ad1f6 - null null
2026-05-10 18:21:17.447 +05:30 [INF] CORS policy execution successful.
2026-05-10 18:21:17.447 +05:30 [INF] HTTP OPTIONS /api/forum/dm/0a478092-7251-4b11-a785-05efbf8ad1f6 responded 204 in 0.1512 ms
2026-05-10 18:21:17.447 +05:30 [INF] Request finished HTTP/1.1 OPTIONS http://localhost:5283/api/forum/dm/0a478092-7251-4b11-a785-05efbf8ad1f6 - 204 null null 0.4768ms
2026-05-10 18:21:17.450 +05:30 [INF] Request starting HTTP/1.1 PUT http://localhost:5283/api/forum/dm/read/0a478092-7251-4b11-a785-05efbf8ad1f6 - application/json 2
2026-05-10 18:21:17.450 +05:30 [INF] CORS policy execution successful.
2026-05-10 18:21:17.451 +05:30 [INF] Executing endpoint 'TradingJournal.API.Controllers.ForumController.MarkAsRead (TradingJournal.API)'
2026-05-10 18:21:17.451 +05:30 [INF] Route matched with {action = "MarkAsRead", controller = "Forum"}. Executing controller action with signature System.Threading.Tasks.Task`1[Microsoft.AspNetCore.Mvc.IActionResult] MarkAsRead(System.Guid) on controller TradingJournal.API.Controllers.ForumController (TradingJournal.API).
2026-05-10 18:21:17.452 +05:30 [INF] Request starting HTTP/1.1 GET http://localhost:5283/api/forum/dm/0a478092-7251-4b11-a785-05efbf8ad1f6 - null null
2026-05-10 18:21:17.453 +05:30 [INF] CORS policy execution successful.
2026-05-10 18:21:17.454 +05:30 [INF] Executing endpoint 'TradingJournal.API.Controllers.ForumController.GetDirectMessages (TradingJournal.API)'
2026-05-10 18:21:17.454 +05:30 [INF] Route matched with {action = "GetDirectMessages", controller = "Forum"}. Executing controller action with signature System.Threading.Tasks.Task`1[Microsoft.AspNetCore.Mvc.IActionResult] GetDirectMessages(System.Guid) on controller TradingJournal.API.Controllers.ForumController (TradingJournal.API).
2026-05-10 18:21:17.599 +05:30 [INF] Executed DbCommand (3ms) [Parameters=[@senderId='?' (DbType = Guid), @receiverId='?' (DbType = Guid)], CommandType='"Text"', CommandTimeout='300']
SELECT f."Id", f."AuthorId", f."ChannelType", f."Content", f."CreatedAt", f."EditedAt", f."IsDeleted", f."IsEdited", f."IsRead", f."ParentMessageId", f."ReceiverId", f."SenderId", f."UpdatedAt"
FROM "ForumMessages" AS f
WHERE NOT (f."IsDeleted") AND f."ChannelType" = 2 AND f."SenderId" = @senderId AND f."ReceiverId" = @receiverId AND NOT (f."IsRead")
2026-05-10 18:21:17.600 +05:30 [INF] Executing StatusCodeResult, setting HTTP status code 204
2026-05-10 18:21:17.601 +05:30 [INF] Executed action TradingJournal.API.Controllers.ForumController.MarkAsRead (TradingJournal.API) in 149.2781ms
2026-05-10 18:21:17.601 +05:30 [INF] Executed endpoint 'TradingJournal.API.Controllers.ForumController.MarkAsRead (TradingJournal.API)'
2026-05-10 18:21:17.601 +05:30 [INF] HTTP PUT /api/forum/dm/read/0a478092-7251-4b11-a785-05efbf8ad1f6 responded 204 in 150.4723 ms
2026-05-10 18:21:17.601 +05:30 [INF] Request finished HTTP/1.1 PUT http://localhost:5283/api/forum/dm/read/0a478092-7251-4b11-a785-05efbf8ad1f6 - 204 null null 150.93ms
2026-05-10 18:21:17.615 +05:30 [INF] Executed DbCommand (5ms) [Parameters=[@userId='?' (DbType = Guid), @otherUserId='?' (DbType = Guid)], CommandType='"Text"', CommandTimeout='300']
SELECT f."Id", f."AuthorId", f."ChannelType", f."Content", f."CreatedAt", f."EditedAt", f."IsDeleted", f."IsEdited", f."IsRead", f."ParentMessageId", f."ReceiverId", f."SenderId", f."UpdatedAt", u0."Id", u0."AccountBalance", u0."AllowedSections", u0."CreatedAt", u0."Email", u0."FirstName", u0."IsActive", u0."IsDeleted", u0."LastName", u0."PasswordHash", u0."ProfileImageUrl", u0."RefreshToken", u0."RefreshTokenExpiry", u0."Role", u0."UpdatedAt"
FROM "ForumMessages" AS f
INNER JOIN (
    SELECT u."Id", u."AccountBalance", u."AllowedSections", u."CreatedAt", u."Email", u."FirstName", u."IsActive", u."IsDeleted", u."LastName", u."PasswordHash", u."ProfileImageUrl", u."RefreshToken", u."RefreshTokenExpiry", u."Role", u."UpdatedAt"
    FROM "Users" AS u
    WHERE NOT (u."IsDeleted")
) AS u0 ON f."AuthorId" = u0."Id"
WHERE NOT (f."IsDeleted") AND f."ChannelType" = 2 AND ((f."SenderId" = @userId AND f."ReceiverId" = @otherUserId) OR (f."SenderId" = @otherUserId AND f."ReceiverId" = @userId))
ORDER BY f."CreatedAt"
2026-05-10 18:21:17.617 +05:30 [INF] Executing OkObjectResult, writing value of type 'System.Collections.Generic.List`1[[TradingJournal.Application.DTOs.Forum.DirectMessageDto, TradingJournal.Application, Version=1.0.0.0, Culture=neutral, PublicKeyToken=null]]'.
2026-05-10 18:21:17.617 +05:30 [INF] Executed action TradingJournal.API.Controllers.ForumController.GetDirectMessages (TradingJournal.API) in 163.0985ms
2026-05-10 18:21:17.617 +05:30 [INF] Executed endpoint 'TradingJournal.API.Controllers.ForumController.GetDirectMessages (TradingJournal.API)'
2026-05-10 18:21:17.617 +05:30 [INF] HTTP GET /api/forum/dm/0a478092-7251-4b11-a785-05efbf8ad1f6 responded 200 in 164.7269 ms
2026-05-10 18:21:17.618 +05:30 [INF] Request finished HTTP/1.1 GET http://localhost:5283/api/forum/dm/0a478092-7251-4b11-a785-05efbf8ad1f6 - 200 null application/json; charset=utf-8 165.1817ms
2026-05-10 18:21:29.120 +05:30 [INF] Request starting HTTP/1.1 OPTIONS http://localhost:5283/api/accounts - null null
2026-05-10 18:21:29.120 +05:30 [INF] CORS policy execution successful.
2026-05-10 18:21:29.121 +05:30 [INF] HTTP OPTIONS /api/accounts responded 204 in 1.6043 ms
2026-05-10 18:21:29.122 +05:30 [INF] Request finished HTTP/1.1 OPTIONS http://localhost:5283/api/accounts - 204 null null 1.9934ms
2026-05-10 18:21:29.136 +05:30 [INF] Request starting HTTP/1.1 GET http://localhost:5283/api/accounts - null null
2026-05-10 18:21:29.137 +05:30 [INF] CORS policy execution successful.
2026-05-10 18:21:29.138 +05:30 [INF] Executing endpoint 'TradingJournal.API.Controllers.TradingAccountController.GetAccounts (TradingJournal.API)'
2026-05-10 18:21:29.139 +05:30 [INF] Route matched with {action = "GetAccounts", controller = "TradingAccount"}. Executing controller action with signature System.Threading.Tasks.Task`1[Microsoft.AspNetCore.Mvc.ActionResult`1[System.Collections.Generic.List`1[TradingJournal.Application.DTOs.Accounts.TradingAccountDto]]] GetAccounts(System.Nullable`1[System.Guid]) on controller TradingJournal.API.Controllers.TradingAccountController (TradingJournal.API).
2026-05-10 18:21:29.140 +05:30 [INF] Getting trading accounts for user "95870ccb-6248-4140-95c9-f85b1e77a34b"
2026-05-10 18:21:29.216 +05:30 [INF] Executed DbCommand (2ms) [Parameters=[@userId='?' (DbType = Guid)], CommandType='"Text"', CommandTimeout='300']
SELECT t."Id", t."Balance", t."Broker", t."CreatedAt", t."Currency", t."DailyDrawdownLimitPct", t."Has5xLotRule", t."IsDefault", t."IsDeleted", t."IsPropFirm", t."MaxAllowedLotSize", t."MaxOverallLossPct", t."MaxRiskPerTradePctOfDailyLimit", t."MinTradingDays", t."Name", t."NewsTradeAllowed", t."ProfitSplitPct", t."ProfitTargetPct", t."PropFirmName", t."PropFirmPlan", t."UpdatedAt", t."UseDynamicEquity", t."UserId", t."WeekendHoldingAllowed"
FROM "TradingAccounts" AS t
WHERE NOT (t."IsDeleted") AND t."UserId" = @userId AND NOT (t."IsDeleted")
ORDER BY t."IsDefault" DESC, t."CreatedAt" DESC
2026-05-10 18:21:29.217 +05:30 [INF] Executing OkObjectResult, writing value of type 'System.Collections.Generic.List`1[[TradingJournal.Application.DTOs.Accounts.TradingAccountDto, TradingJournal.Application, Version=1.0.0.0, Culture=neutral, PublicKeyToken=null]]'.
2026-05-10 18:21:29.217 +05:30 [INF] Executed action TradingJournal.API.Controllers.TradingAccountController.GetAccounts (TradingJournal.API) in 78.6101ms
2026-05-10 18:21:29.218 +05:30 [INF] Executed endpoint 'TradingJournal.API.Controllers.TradingAccountController.GetAccounts (TradingJournal.API)'
2026-05-10 18:21:29.218 +05:30 [INF] HTTP GET /api/accounts responded 200 in 80.4790 ms
2026-05-10 18:21:29.218 +05:30 [INF] Request finished HTTP/1.1 GET http://localhost:5283/api/accounts - 200 null application/json; charset=utf-8 81.5057ms
2026-05-10 18:21:29.699 +05:30 [INF] Request starting HTTP/1.1 OPTIONS http://localhost:5283/api/instruments - null null
2026-05-10 18:21:29.699 +05:30 [INF] CORS policy execution successful.
2026-05-10 18:21:29.699 +05:30 [INF] HTTP OPTIONS /api/instruments responded 204 in 0.1650 ms
2026-05-10 18:21:29.699 +05:30 [INF] Request starting HTTP/1.1 OPTIONS http://localhost:5283/api/trades?page=1&pageSize=20 - null null
2026-05-10 18:21:29.699 +05:30 [INF] Request finished HTTP/1.1 OPTIONS http://localhost:5283/api/instruments - 204 null null 0.4664ms
2026-05-10 18:21:29.699 +05:30 [INF] CORS policy execution successful.
2026-05-10 18:21:29.699 +05:30 [INF] HTTP OPTIONS /api/trades responded 204 in 0.0929 ms
2026-05-10 18:21:29.699 +05:30 [INF] Request finished HTTP/1.1 OPTIONS http://localhost:5283/api/trades?page=1&pageSize=20 - 204 null null 0.2451ms
2026-05-10 18:21:29.704 +05:30 [INF] Request starting HTTP/1.1 GET http://localhost:5283/api/instruments - null null
2026-05-10 18:21:29.704 +05:30 [INF] Request starting HTTP/1.1 GET http://localhost:5283/api/trades?page=1&pageSize=20 - null null
2026-05-10 18:21:29.704 +05:30 [INF] CORS policy execution successful.
2026-05-10 18:21:29.705 +05:30 [INF] CORS policy execution successful.
2026-05-10 18:21:29.705 +05:30 [INF] Executing endpoint 'TradingJournal.API.Controllers.InstrumentsController.GetAll (TradingJournal.API)'
2026-05-10 18:21:29.705 +05:30 [INF] Executing endpoint 'TradingJournal.API.Controllers.TradesController.GetAll (TradingJournal.API)'
2026-05-10 18:21:29.705 +05:30 [INF] Route matched with {action = "GetAll", controller = "Instruments"}. Executing controller action with signature System.Threading.Tasks.Task`1[Microsoft.AspNetCore.Mvc.ActionResult`1[System.Collections.Generic.List`1[TradingJournal.Application.DTOs.Instruments.InstrumentDto]]] GetAll() on controller TradingJournal.API.Controllers.InstrumentsController (TradingJournal.API).
2026-05-10 18:21:29.706 +05:30 [INF] Route matched with {action = "GetAll", controller = "Trades"}. Executing controller action with signature System.Threading.Tasks.Task`1[Microsoft.AspNetCore.Mvc.ActionResult`1[TradingJournal.Application.DTOs.Trades.PagedTradesDto]] GetAll(TradingJournal.Application.DTOs.Trades.TradeFilterDto) on controller TradingJournal.API.Controllers.TradesController (TradingJournal.API).
2026-05-10 18:21:29.707 +05:30 [INF] Fetching all instruments for user: "95870ccb-6248-4140-95c9-f85b1e77a34b"
2026-05-10 18:21:29.707 +05:30 [INF] Fetching trades for user: "95870ccb-6248-4140-95c9-f85b1e77a34b"
2026-05-10 18:21:29.791 +05:30 [INF] Executed DbCommand (3ms) [Parameters=[@userId='?' (DbType = Guid)], CommandType='"Text"', CommandTimeout='300']
SELECT count(*)::int
FROM "Trades" AS t
WHERE NOT (t."IsDeleted") AND t."UserId" = @userId
2026-05-10 18:21:29.802 +05:30 [INF] Executed DbCommand (5ms) [Parameters=[@userId='?' (DbType = Guid)], CommandType='"Text"', CommandTimeout='300']
SELECT i."Id", i."CreatedAt", i."Description", i."IsDeleted", i."MaxLot", i."Name", i."Notes", i."SafeLotSize", i."Symbol", i."UpdatedAt", i."UserId", i."VolatilityLevel"
FROM "Instruments" AS i
WHERE NOT (i."IsDeleted") AND i."UserId" = @userId
2026-05-10 18:21:29.898 +05:30 [INF] Executed DbCommand (9ms) [Parameters=[@userId='?' (DbType = Guid)], CommandType='"Text"', CommandTimeout='300']
SELECT t."Id", t."CreatedAt", t."EntryPrice", t."ExitPrice", t."InstrumentId", t."IsDeleted", t."LotSize", t."Notes", t."ProfitLoss", t."Result", t."RiskPercentage", t."RiskRewardRatio", t."StopLoss", t."Tags", t."TakeProfit", t."TradeDate", t."TradeDurationMinutes", t."TradeType", t."TradingAccountId", t."UpdatedAt", t."UserId", i0."Id", i0."CreatedAt", i0."Description", i0."IsDeleted", i0."MaxLot", i0."Name", i0."Notes", i0."SafeLotSize", i0."Symbol", i0."UpdatedAt", i0."UserId", i0."VolatilityLevel"
FROM "Trades" AS t
INNER JOIN (
    SELECT i."Id", i."CreatedAt", i."Description", i."IsDeleted", i."MaxLot", i."Name", i."Notes", i."SafeLotSize", i."Symbol", i."UpdatedAt", i."UserId", i."VolatilityLevel"
    FROM "Instruments" AS i
    WHERE NOT (i."IsDeleted")
) AS i0 ON t."InstrumentId" = i0."Id"
WHERE NOT (t."IsDeleted") AND t."UserId" = @userId
ORDER BY t."TradeDate"
2026-05-10 18:21:29.900 +05:30 [INF] Executing OkObjectResult, writing value of type 'System.Collections.Generic.List`1[[TradingJournal.Application.DTOs.Instruments.InstrumentDto, TradingJournal.Application, Version=1.0.0.0, Culture=neutral, PublicKeyToken=null]]'.
2026-05-10 18:21:29.900 +05:30 [INF] Executed DbCommand (11ms) [Parameters=[@userId='?' (DbType = Guid), @p2='?' (DbType = Int32), @p='?' (DbType = Int32)], CommandType='"Text"', CommandTimeout='300']
SELECT t0."Id", t0."CreatedAt", t0."EntryPrice", t0."ExitPrice", t0."InstrumentId", t0."IsDeleted", t0."LotSize", t0."Notes", t0."ProfitLoss", t0."Result", t0."RiskPercentage", t0."RiskRewardRatio", t0."StopLoss", t0."Tags", t0."TakeProfit", t0."TradeDate", t0."TradeDurationMinutes", t0."TradeType", t0."TradingAccountId", t0."UpdatedAt", t0."UserId", i0."Id", i0."CreatedAt", i0."Description", i0."IsDeleted", i0."MaxLot", i0."Name", i0."Notes", i0."SafeLotSize", i0."Symbol", i0."UpdatedAt", i0."UserId", i0."VolatilityLevel"
FROM (
    SELECT t."Id", t."CreatedAt", t."EntryPrice", t."ExitPrice", t."InstrumentId", t."IsDeleted", t."LotSize", t."Notes", t."ProfitLoss", t."Result", t."RiskPercentage", t."RiskRewardRatio", t."StopLoss", t."Tags", t."TakeProfit", t."TradeDate", t."TradeDurationMinutes", t."TradeType", t."TradingAccountId", t."UpdatedAt", t."UserId"
    FROM "Trades" AS t
    WHERE NOT (t."IsDeleted") AND t."UserId" = @userId
    ORDER BY t."TradeDate" DESC
    LIMIT @p2 OFFSET @p
) AS t0
INNER JOIN (
    SELECT i."Id", i."CreatedAt", i."Description", i."IsDeleted", i."MaxLot", i."Name", i."Notes", i."SafeLotSize", i."Symbol", i."UpdatedAt", i."UserId", i."VolatilityLevel"
    FROM "Instruments" AS i
    WHERE NOT (i."IsDeleted")
) AS i0 ON t0."InstrumentId" = i0."Id"
ORDER BY t0."TradeDate" DESC
2026-05-10 18:21:29.900 +05:30 [INF] Executed action TradingJournal.API.Controllers.InstrumentsController.GetAll (TradingJournal.API) in 194.8059ms
2026-05-10 18:21:29.900 +05:30 [INF] Executed endpoint 'TradingJournal.API.Controllers.InstrumentsController.GetAll (TradingJournal.API)'
2026-05-10 18:21:29.900 +05:30 [INF] HTTP GET /api/instruments responded 200 in 196.2124 ms
2026-05-10 18:21:29.901 +05:30 [INF] Request finished HTTP/1.1 GET http://localhost:5283/api/instruments - 200 null application/json; charset=utf-8 196.9639ms
2026-05-10 18:21:29.973 +05:30 [INF] Executed DbCommand (3ms) [Parameters=[@userId='?' (DbType = Guid)], CommandType='"Text"', CommandTimeout='300']
SELECT t."Id", t."Balance", t."Broker", t."CreatedAt", t."Currency", t."DailyDrawdownLimitPct", t."Has5xLotRule", t."IsDefault", t."IsDeleted", t."IsPropFirm", t."MaxAllowedLotSize", t."MaxOverallLossPct", t."MaxRiskPerTradePctOfDailyLimit", t."MinTradingDays", t."Name", t."NewsTradeAllowed", t."ProfitSplitPct", t."ProfitTargetPct", t."PropFirmName", t."PropFirmPlan", t."UpdatedAt", t."UseDynamicEquity", t."UserId", t."WeekendHoldingAllowed"
FROM "TradingAccounts" AS t
WHERE NOT (t."IsDeleted") AND t."UserId" = @userId AND NOT (t."IsDeleted")
ORDER BY t."IsDefault" DESC, t."CreatedAt" DESC
2026-05-10 18:21:29.974 +05:30 [INF] Executing OkObjectResult, writing value of type 'TradingJournal.Application.DTOs.Trades.PagedTradesDto'.
2026-05-10 18:21:29.975 +05:30 [INF] Executed action TradingJournal.API.Controllers.TradesController.GetAll (TradingJournal.API) in 268.9377ms
2026-05-10 18:21:29.975 +05:30 [INF] Executed endpoint 'TradingJournal.API.Controllers.TradesController.GetAll (TradingJournal.API)'
2026-05-10 18:21:29.975 +05:30 [INF] HTTP GET /api/trades responded 200 in 270.1693 ms
2026-05-10 18:21:29.975 +05:30 [INF] Request finished HTTP/1.1 GET http://localhost:5283/api/trades?page=1&pageSize=20 - 200 null application/json; charset=utf-8 270.4855ms
2026-05-10 18:21:31.185 +05:30 [INF] Request starting HTTP/1.1 GET http://localhost:5283/api/instruments - null null
2026-05-10 18:21:31.186 +05:30 [INF] CORS policy execution successful.
2026-05-10 18:21:31.188 +05:30 [INF] Executing endpoint 'TradingJournal.API.Controllers.InstrumentsController.GetAll (TradingJournal.API)'
2026-05-10 18:21:31.189 +05:30 [INF] Route matched with {action = "GetAll", controller = "Instruments"}. Executing controller action with signature System.Threading.Tasks.Task`1[Microsoft.AspNetCore.Mvc.ActionResult`1[System.Collections.Generic.List`1[TradingJournal.Application.DTOs.Instruments.InstrumentDto]]] GetAll() on controller TradingJournal.API.Controllers.InstrumentsController (TradingJournal.API).
2026-05-10 18:21:31.189 +05:30 [INF] Fetching all instruments for user: "95870ccb-6248-4140-95c9-f85b1e77a34b"
2026-05-10 18:21:31.288 +05:30 [INF] Executed DbCommand (3ms) [Parameters=[@userId='?' (DbType = Guid)], CommandType='"Text"', CommandTimeout='300']
SELECT i."Id", i."CreatedAt", i."Description", i."IsDeleted", i."MaxLot", i."Name", i."Notes", i."SafeLotSize", i."Symbol", i."UpdatedAt", i."UserId", i."VolatilityLevel"
FROM "Instruments" AS i
WHERE NOT (i."IsDeleted") AND i."UserId" = @userId
2026-05-10 18:21:31.375 +05:30 [INF] Executed DbCommand (4ms) [Parameters=[@userId='?' (DbType = Guid)], CommandType='"Text"', CommandTimeout='300']
SELECT t."Id", t."CreatedAt", t."EntryPrice", t."ExitPrice", t."InstrumentId", t."IsDeleted", t."LotSize", t."Notes", t."ProfitLoss", t."Result", t."RiskPercentage", t."RiskRewardRatio", t."StopLoss", t."Tags", t."TakeProfit", t."TradeDate", t."TradeDurationMinutes", t."TradeType", t."TradingAccountId", t."UpdatedAt", t."UserId", i0."Id", i0."CreatedAt", i0."Description", i0."IsDeleted", i0."MaxLot", i0."Name", i0."Notes", i0."SafeLotSize", i0."Symbol", i0."UpdatedAt", i0."UserId", i0."VolatilityLevel"
FROM "Trades" AS t
INNER JOIN (
    SELECT i."Id", i."CreatedAt", i."Description", i."IsDeleted", i."MaxLot", i."Name", i."Notes", i."SafeLotSize", i."Symbol", i."UpdatedAt", i."UserId", i."VolatilityLevel"
    FROM "Instruments" AS i
    WHERE NOT (i."IsDeleted")
) AS i0 ON t."InstrumentId" = i0."Id"
WHERE NOT (t."IsDeleted") AND t."UserId" = @userId
ORDER BY t."TradeDate"
2026-05-10 18:21:31.378 +05:30 [INF] Executing OkObjectResult, writing value of type 'System.Collections.Generic.List`1[[TradingJournal.Application.DTOs.Instruments.InstrumentDto, TradingJournal.Application, Version=1.0.0.0, Culture=neutral, PublicKeyToken=null]]'.
2026-05-10 18:21:31.379 +05:30 [INF] Executed action TradingJournal.API.Controllers.InstrumentsController.GetAll (TradingJournal.API) in 190.052ms
2026-05-10 18:21:31.379 +05:30 [INF] Executed endpoint 'TradingJournal.API.Controllers.InstrumentsController.GetAll (TradingJournal.API)'
2026-05-10 18:21:31.379 +05:30 [INF] HTTP GET /api/instruments responded 200 in 193.4223 ms
2026-05-10 18:21:31.379 +05:30 [INF] Request finished HTTP/1.1 GET http://localhost:5283/api/instruments - 200 null application/json; charset=utf-8 193.9791ms
2026-05-10 18:21:32.515 +05:30 [INF] Request starting HTTP/1.1 OPTIONS http://localhost:5283/api/dashboard/summary - null null
2026-05-10 18:21:32.515 +05:30 [INF] CORS policy execution successful.
2026-05-10 18:21:32.515 +05:30 [INF] HTTP OPTIONS /api/dashboard/summary responded 204 in 0.2375 ms
2026-05-10 18:21:32.516 +05:30 [INF] Request finished HTTP/1.1 OPTIONS http://localhost:5283/api/dashboard/summary - 204 null null 0.9059ms
2026-05-10 18:21:32.516 +05:30 [INF] Request starting HTTP/1.1 OPTIONS http://localhost:5283/api/dashboard/prop-firm-status - null null
2026-05-10 18:21:32.516 +05:30 [INF] CORS policy execution successful.
2026-05-10 18:21:32.517 +05:30 [INF] HTTP OPTIONS /api/dashboard/prop-firm-status responded 204 in 0.1579 ms
2026-05-10 18:21:32.517 +05:30 [INF] Request finished HTTP/1.1 OPTIONS http://localhost:5283/api/dashboard/prop-firm-status - 204 null null 0.7653ms
2026-05-10 18:21:32.526 +05:30 [INF] Request starting HTTP/1.1 GET http://localhost:5283/api/dashboard/summary - null null
2026-05-10 18:21:32.526 +05:30 [INF] CORS policy execution successful.
2026-05-10 18:21:32.527 +05:30 [INF] Executing endpoint 'TradingJournal.API.Controllers.DashboardController.GetSummary (TradingJournal.API)'
2026-05-10 18:21:32.527 +05:30 [INF] Request starting HTTP/1.1 GET http://localhost:5283/api/dashboard/prop-firm-status - null null
2026-05-10 18:21:32.527 +05:30 [INF] Route matched with {action = "GetSummary", controller = "Dashboard"}. Executing controller action with signature System.Threading.Tasks.Task`1[Microsoft.AspNetCore.Mvc.ActionResult`1[TradingJournal.Application.DTOs.Dashboard.DashboardSummaryDto]] GetSummary() on controller TradingJournal.API.Controllers.DashboardController (TradingJournal.API).
2026-05-10 18:21:32.528 +05:30 [INF] CORS policy execution successful.
2026-05-10 18:21:32.529 +05:30 [INF] Fetching dashboard summary for user: "95870ccb-6248-4140-95c9-f85b1e77a34b"
2026-05-10 18:21:32.529 +05:30 [INF] Executing endpoint 'TradingJournal.API.Controllers.DashboardController.GetPropFirmStatus (TradingJournal.API)'
2026-05-10 18:21:32.529 +05:30 [INF] Route matched with {action = "GetPropFirmStatus", controller = "Dashboard"}. Executing controller action with signature System.Threading.Tasks.Task`1[Microsoft.AspNetCore.Mvc.ActionResult`1[TradingJournal.Application.DTOs.Dashboard.PropFirmStatusDto]] GetPropFirmStatus() on controller TradingJournal.API.Controllers.DashboardController (TradingJournal.API).
2026-05-10 18:21:32.530 +05:30 [INF] Fetching prop firm status for user: "95870ccb-6248-4140-95c9-f85b1e77a34b"
2026-05-10 18:21:32.645 +05:30 [INF] Executed DbCommand (4ms) [Parameters=[@userId='?' (DbType = Guid)], CommandType='"Text"', CommandTimeout='300']
SELECT t."Id", t."Balance", t."Broker", t."CreatedAt", t."Currency", t."DailyDrawdownLimitPct", t."Has5xLotRule", t."IsDefault", t."IsDeleted", t."IsPropFirm", t."MaxAllowedLotSize", t."MaxOverallLossPct", t."MaxRiskPerTradePctOfDailyLimit", t."MinTradingDays", t."Name", t."NewsTradeAllowed", t."ProfitSplitPct", t."ProfitTargetPct", t."PropFirmName", t."PropFirmPlan", t."UpdatedAt", t."UseDynamicEquity", t."UserId", t."WeekendHoldingAllowed"
FROM "TradingAccounts" AS t
WHERE NOT (t."IsDeleted") AND t."UserId" = @userId AND t."IsDefault" AND NOT (t."IsDeleted")
LIMIT 1
2026-05-10 18:21:32.646 +05:30 [INF] No prop firm account found for user: "95870ccb-6248-4140-95c9-f85b1e77a34b" — returning null
2026-05-10 18:21:32.647 +05:30 [INF] Executed DbCommand (8ms) [Parameters=[@userId='?' (DbType = Guid)], CommandType='"Text"', CommandTimeout='300']
SELECT t."Id", t."CreatedAt", t."EntryPrice", t."ExitPrice", t."InstrumentId", t."IsDeleted", t."LotSize", t."Notes", t."ProfitLoss", t."Result", t."RiskPercentage", t."RiskRewardRatio", t."StopLoss", t."Tags", t."TakeProfit", t."TradeDate", t."TradeDurationMinutes", t."TradeType", t."TradingAccountId", t."UpdatedAt", t."UserId", i0."Id", i0."CreatedAt", i0."Description", i0."IsDeleted", i0."MaxLot", i0."Name", i0."Notes", i0."SafeLotSize", i0."Symbol", i0."UpdatedAt", i0."UserId", i0."VolatilityLevel"
FROM "Trades" AS t
INNER JOIN (
    SELECT i."Id", i."CreatedAt", i."Description", i."IsDeleted", i."MaxLot", i."Name", i."Notes", i."SafeLotSize", i."Symbol", i."UpdatedAt", i."UserId", i."VolatilityLevel"
    FROM "Instruments" AS i
    WHERE NOT (i."IsDeleted")
) AS i0 ON t."InstrumentId" = i0."Id"
WHERE NOT (t."IsDeleted") AND t."UserId" = @userId
ORDER BY t."TradeDate"
2026-05-10 18:21:32.647 +05:30 [INF] Executing OkObjectResult, writing value of type 'null'.
2026-05-10 18:21:32.647 +05:30 [INF] Executed action TradingJournal.API.Controllers.DashboardController.GetPropFirmStatus (TradingJournal.API) in 117.5094ms
2026-05-10 18:21:32.647 +05:30 [INF] Executed endpoint 'TradingJournal.API.Controllers.DashboardController.GetPropFirmStatus (TradingJournal.API)'
2026-05-10 18:21:32.647 +05:30 [INF] HTTP GET /api/dashboard/prop-firm-status responded 204 in 119.7507 ms
2026-05-10 18:21:32.647 +05:30 [INF] Request finished HTTP/1.1 GET http://localhost:5283/api/dashboard/prop-firm-status - 204 null null 120.0971ms
2026-05-10 18:21:32.739 +05:30 [INF] Executed DbCommand (3ms) [Parameters=[@userId='?' (DbType = Guid)], CommandType='"Text"', CommandTimeout='300']
SELECT t."Id", t."Balance", t."Broker", t."CreatedAt", t."Currency", t."DailyDrawdownLimitPct", t."Has5xLotRule", t."IsDefault", t."IsDeleted", t."IsPropFirm", t."MaxAllowedLotSize", t."MaxOverallLossPct", t."MaxRiskPerTradePctOfDailyLimit", t."MinTradingDays", t."Name", t."NewsTradeAllowed", t."ProfitSplitPct", t."ProfitTargetPct", t."PropFirmName", t."PropFirmPlan", t."UpdatedAt", t."UseDynamicEquity", t."UserId", t."WeekendHoldingAllowed"
FROM "TradingAccounts" AS t
WHERE NOT (t."IsDeleted") AND t."UserId" = @userId AND t."IsDefault" AND NOT (t."IsDeleted")
LIMIT 1
2026-05-10 18:21:32.819 +05:30 [INF] Executed DbCommand (2ms) [Parameters=[@userId='?' (DbType = Guid)], CommandType='"Text"', CommandTimeout='300']
SELECT a."Id", a."CreatedAt", a."DailyLossLimit", a."Email", a."EmailAlertEnabled", a."IsActive", a."IsDeleted", a."MaxDrawdownPercent", a."MaxTradesPerDay", a."UpdatedAt", a."UserId"
FROM "Alerts" AS a
WHERE a."UserId" = @userId
LIMIT 1
2026-05-10 18:21:32.888 +05:30 [INF] Executed DbCommand (2ms) [Parameters=[@userId='?' (DbType = Guid)], CommandType='"Text"', CommandTimeout='300']
SELECT i."Id", i."CreatedAt", i."Description", i."IsDeleted", i."MaxLot", i."Name", i."Notes", i."SafeLotSize", i."Symbol", i."UpdatedAt", i."UserId", i."VolatilityLevel"
FROM "Instruments" AS i
WHERE NOT (i."IsDeleted") AND i."UserId" = @userId
2026-05-10 18:21:32.889 +05:30 [INF] Executing OkObjectResult, writing value of type 'TradingJournal.Application.DTOs.Dashboard.DashboardSummaryDto'.
2026-05-10 18:21:32.889 +05:30 [INF] Executed action TradingJournal.API.Controllers.DashboardController.GetSummary (TradingJournal.API) in 361.6762ms
2026-05-10 18:21:32.889 +05:30 [INF] Executed endpoint 'TradingJournal.API.Controllers.DashboardController.GetSummary (TradingJournal.API)'
2026-05-10 18:21:32.889 +05:30 [INF] HTTP GET /api/dashboard/summary responded 200 in 363.0908 ms
2026-05-10 18:21:32.889 +05:30 [INF] Request finished HTTP/1.1 GET http://localhost:5283/api/dashboard/summary - 200 null application/json; charset=utf-8 363.3918ms
2026-05-10 18:21:44.048 +05:30 [INF] Request starting HTTP/1.1 OPTIONS http://localhost:5283/api/auth/login - null null
2026-05-10 18:21:44.049 +05:30 [INF] CORS policy execution successful.
2026-05-10 18:21:44.049 +05:30 [INF] HTTP OPTIONS /api/auth/login responded 204 in 0.0749 ms
2026-05-10 18:21:44.049 +05:30 [INF] Request finished HTTP/1.1 OPTIONS http://localhost:5283/api/auth/login - 204 null null 0.3573ms
2026-05-10 18:21:44.053 +05:30 [INF] Request starting HTTP/1.1 POST http://localhost:5283/api/auth/login - application/json 59
2026-05-10 18:21:44.054 +05:30 [INF] CORS policy execution successful.
2026-05-10 18:21:44.054 +05:30 [INF] Executing endpoint 'TradingJournal.API.Controllers.AuthController.Login (TradingJournal.API)'
2026-05-10 18:21:44.055 +05:30 [INF] Route matched with {action = "Login", controller = "Auth"}. Executing controller action with signature System.Threading.Tasks.Task`1[Microsoft.AspNetCore.Mvc.ActionResult`1[TradingJournal.Application.DTOs.Auth.AuthResponseDto]] Login(TradingJournal.Application.DTOs.Auth.LoginDto) on controller TradingJournal.API.Controllers.AuthController (TradingJournal.API).
2026-05-10 18:21:44.056 +05:30 [INF] Login attempt for email: admin@tradingjournal.com
2026-05-10 18:21:44.139 +05:30 [INF] Executed DbCommand (2ms) [Parameters=[@email='?'], CommandType='"Text"', CommandTimeout='300']
SELECT u."Id", u."AccountBalance", u."AllowedSections", u."CreatedAt", u."Email", u."FirstName", u."IsActive", u."IsDeleted", u."LastName", u."PasswordHash", u."ProfileImageUrl", u."RefreshToken", u."RefreshTokenExpiry", u."Role", u."UpdatedAt"
FROM "Users" AS u
WHERE NOT (u."IsDeleted") AND u."Email" = @email
LIMIT 1
2026-05-10 18:21:44.384 +05:30 [INF] Executed DbCommand (3ms) [Parameters=[@p14='?' (DbType = Guid), @p0='?' (DbType = Decimal), @p1='?' (DbType = Object), @p2='?' (DbType = DateTime), @p3='?', @p4='?', @p5='?' (DbType = Boolean), @p6='?' (DbType = Boolean), @p7='?', @p8='?', @p9='?', @p10='?', @p11='?' (DbType = DateTime), @p12='?' (DbType = Int32), @p13='?' (DbType = DateTime)], CommandType='"Text"', CommandTimeout='300']
UPDATE "Users" SET "AccountBalance" = @p0, "AllowedSections" = @p1, "CreatedAt" = @p2, "Email" = @p3, "FirstName" = @p4, "IsActive" = @p5, "IsDeleted" = @p6, "LastName" = @p7, "PasswordHash" = @p8, "ProfileImageUrl" = @p9, "RefreshToken" = @p10, "RefreshTokenExpiry" = @p11, "Role" = @p12, "UpdatedAt" = @p13
WHERE "Id" = @p14;
2026-05-10 18:21:44.384 +05:30 [INF] Successful login for email: admin@tradingjournal.com
2026-05-10 18:21:44.385 +05:30 [INF] Executing OkObjectResult, writing value of type 'TradingJournal.Application.DTOs.Auth.AuthResponseDto'.
2026-05-10 18:21:44.385 +05:30 [INF] Executed action TradingJournal.API.Controllers.AuthController.Login (TradingJournal.API) in 330.4225ms
2026-05-10 18:21:44.386 +05:30 [INF] Executed endpoint 'TradingJournal.API.Controllers.AuthController.Login (TradingJournal.API)'
2026-05-10 18:21:44.386 +05:30 [INF] HTTP POST /api/auth/login responded 200 in 331.8903 ms
2026-05-10 18:21:44.386 +05:30 [INF] Request finished HTTP/1.1 POST http://localhost:5283/api/auth/login - 200 null application/json; charset=utf-8 332.2939ms
2026-05-10 18:21:44.411 +05:30 [INF] Request starting HTTP/1.1 OPTIONS http://localhost:5283/hubs/chat/negotiate?access_token=eyJhbGciOiJIUzI1NiIsInR5cCI6IkpXVCJ9.eyJzdWIiOiIwYTQ3ODA5Mi03MjUxLTRiMTEtYTc4NS0wNWVmYmY4YWQxZjYiLCJlbWFpbCI6ImFkbWluQHRyYWRpbmdqb3VybmFsLmNvbSIsImh0dHA6Ly9zY2hlbWFzLm1pY3Jvc29mdC5jb20vd3MvMjAwOC8wNi9pZGVudGl0eS9jbGFpbXMvcm9sZSI6IkFkbWluIiwiZmlyc3ROYW1lIjoiQWRtaW4iLCJsYXN0TmFtZSI6IlVzZXIiLCJqdGkiOiI1M2E4NGNjNi0yMDM1LTRhMGMtYjBlZS1iNmJhZDczZTI5NDkiLCJleHAiOjE3Nzg0MjExMDQsImlzcyI6IlRyYWRpbmdKb3VybmFsQVBJIiwiYXVkIjoiVHJhZGluZ0pvdXJuYWxDbGllbnQifQ.j6N34JCpZfUyNcOXf8YogYhvMgQ-22jOK-nTIi_0xSk&negotiateVersion=1 - null null
2026-05-10 18:21:44.411 +05:30 [INF] CORS policy execution successful.
2026-05-10 18:21:44.412 +05:30 [INF] HTTP OPTIONS /hubs/chat/negotiate responded 204 in 0.2574 ms
2026-05-10 18:21:44.412 +05:30 [INF] Request finished HTTP/1.1 OPTIONS http://localhost:5283/hubs/chat/negotiate?access_token=eyJhbGciOiJIUzI1NiIsInR5cCI6IkpXVCJ9.eyJzdWIiOiIwYTQ3ODA5Mi03MjUxLTRiMTEtYTc4NS0wNWVmYmY4YWQxZjYiLCJlbWFpbCI6ImFkbWluQHRyYWRpbmdqb3VybmFsLmNvbSIsImh0dHA6Ly9zY2hlbWFzLm1pY3Jvc29mdC5jb20vd3MvMjAwOC8wNi9pZGVudGl0eS9jbGFpbXMvcm9sZSI6IkFkbWluIiwiZmlyc3ROYW1lIjoiQWRtaW4iLCJsYXN0TmFtZSI6IlVzZXIiLCJqdGkiOiI1M2E4NGNjNi0yMDM1LTRhMGMtYjBlZS1iNmJhZDczZTI5NDkiLCJleHAiOjE3Nzg0MjExMDQsImlzcyI6IlRyYWRpbmdKb3VybmFsQVBJIiwiYXVkIjoiVHJhZGluZ0pvdXJuYWxDbGllbnQifQ.j6N34JCpZfUyNcOXf8YogYhvMgQ-22jOK-nTIi_0xSk&negotiateVersion=1 - 204 null null 0.5999ms
2026-05-10 18:21:44.415 +05:30 [INF] Request starting HTTP/1.1 OPTIONS http://localhost:5283/api/forum/dm/unread - null null
2026-05-10 18:21:44.415 +05:30 [INF] CORS policy execution successful.
2026-05-10 18:21:44.415 +05:30 [INF] HTTP OPTIONS /api/forum/dm/unread responded 204 in 0.1832 ms
2026-05-10 18:21:44.416 +05:30 [INF] Request finished HTTP/1.1 OPTIONS http://localhost:5283/api/forum/dm/unread - 204 null null 0.6668ms
2026-05-10 18:21:44.420 +05:30 [INF] Request starting HTTP/1.1 OPTIONS http://localhost:5283/api/dashboard/summary - null null
2026-05-10 18:21:44.420 +05:30 [INF] CORS policy execution successful.
2026-05-10 18:21:44.420 +05:30 [INF] HTTP OPTIONS /api/dashboard/summary responded 204 in 0.1234 ms
2026-05-10 18:21:44.420 +05:30 [INF] Request finished HTTP/1.1 OPTIONS http://localhost:5283/api/dashboard/summary - 204 null null 0.392ms
2026-05-10 18:21:44.421 +05:30 [INF] Request starting HTTP/1.1 OPTIONS http://localhost:5283/api/dashboard/prop-firm-status - null null
2026-05-10 18:21:44.421 +05:30 [INF] CORS policy execution successful.
2026-05-10 18:21:44.421 +05:30 [INF] HTTP OPTIONS /api/dashboard/prop-firm-status responded 204 in 0.1088 ms
2026-05-10 18:21:44.421 +05:30 [INF] Request finished HTTP/1.1 OPTIONS http://localhost:5283/api/dashboard/prop-firm-status - 204 null null 0.4058ms
2026-05-10 18:21:44.430 +05:30 [INF] Request starting HTTP/1.1 GET http://localhost:5283/api/forum/dm/unread - null null
2026-05-10 18:21:44.431 +05:30 [INF] CORS policy execution successful.
2026-05-10 18:21:44.432 +05:30 [INF] Executing endpoint 'TradingJournal.API.Controllers.ForumController.GetUnreadCount (TradingJournal.API)'
2026-05-10 18:21:44.432 +05:30 [INF] Request starting HTTP/1.1 GET http://localhost:5283/api/dashboard/summary - null null
2026-05-10 18:21:44.432 +05:30 [INF] Route matched with {action = "GetUnreadCount", controller = "Forum"}. Executing controller action with signature System.Threading.Tasks.Task`1[Microsoft.AspNetCore.Mvc.IActionResult] GetUnreadCount() on controller TradingJournal.API.Controllers.ForumController (TradingJournal.API).
2026-05-10 18:21:44.432 +05:30 [INF] CORS policy execution successful.
2026-05-10 18:21:44.433 +05:30 [INF] Executing endpoint 'TradingJournal.API.Controllers.DashboardController.GetSummary (TradingJournal.API)'
2026-05-10 18:21:44.433 +05:30 [INF] Route matched with {action = "GetSummary", controller = "Dashboard"}. Executing controller action with signature System.Threading.Tasks.Task`1[Microsoft.AspNetCore.Mvc.ActionResult`1[TradingJournal.Application.DTOs.Dashboard.DashboardSummaryDto]] GetSummary() on controller TradingJournal.API.Controllers.DashboardController (TradingJournal.API).
2026-05-10 18:21:44.433 +05:30 [INF] Request starting HTTP/1.1 GET http://localhost:5283/api/dashboard/prop-firm-status - null null
2026-05-10 18:21:44.433 +05:30 [INF] Fetching dashboard summary for user: "0a478092-7251-4b11-a785-05efbf8ad1f6"
2026-05-10 18:21:44.433 +05:30 [INF] CORS policy execution successful.
2026-05-10 18:21:44.434 +05:30 [INF] Executing endpoint 'TradingJournal.API.Controllers.DashboardController.GetPropFirmStatus (TradingJournal.API)'
2026-05-10 18:21:44.434 +05:30 [INF] Route matched with {action = "GetPropFirmStatus", controller = "Dashboard"}. Executing controller action with signature System.Threading.Tasks.Task`1[Microsoft.AspNetCore.Mvc.ActionResult`1[TradingJournal.Application.DTOs.Dashboard.PropFirmStatusDto]] GetPropFirmStatus() on controller TradingJournal.API.Controllers.DashboardController (TradingJournal.API).
2026-05-10 18:21:44.435 +05:30 [INF] Fetching prop firm status for user: "0a478092-7251-4b11-a785-05efbf8ad1f6"
2026-05-10 18:21:44.545 +05:30 [INF] Executed DbCommand (4ms) [Parameters=[@userId='?' (DbType = Guid)], CommandType='"Text"', CommandTimeout='300']
SELECT t."Id", t."Balance", t."Broker", t."CreatedAt", t."Currency", t."DailyDrawdownLimitPct", t."Has5xLotRule", t."IsDefault", t."IsDeleted", t."IsPropFirm", t."MaxAllowedLotSize", t."MaxOverallLossPct", t."MaxRiskPerTradePctOfDailyLimit", t."MinTradingDays", t."Name", t."NewsTradeAllowed", t."ProfitSplitPct", t."ProfitTargetPct", t."PropFirmName", t."PropFirmPlan", t."UpdatedAt", t."UseDynamicEquity", t."UserId", t."WeekendHoldingAllowed"
FROM "TradingAccounts" AS t
WHERE NOT (t."IsDeleted") AND t."UserId" = @userId AND t."IsDefault" AND NOT (t."IsDeleted")
LIMIT 1
2026-05-10 18:21:44.558 +05:30 [INF] Executed DbCommand (8ms) [Parameters=[@userId='?' (DbType = Guid)], CommandType='"Text"', CommandTimeout='300']
SELECT t."Id", t."CreatedAt", t."EntryPrice", t."ExitPrice", t."InstrumentId", t."IsDeleted", t."LotSize", t."Notes", t."ProfitLoss", t."Result", t."RiskPercentage", t."RiskRewardRatio", t."StopLoss", t."Tags", t."TakeProfit", t."TradeDate", t."TradeDurationMinutes", t."TradeType", t."TradingAccountId", t."UpdatedAt", t."UserId", i0."Id", i0."CreatedAt", i0."Description", i0."IsDeleted", i0."MaxLot", i0."Name", i0."Notes", i0."SafeLotSize", i0."Symbol", i0."UpdatedAt", i0."UserId", i0."VolatilityLevel"
FROM "Trades" AS t
INNER JOIN (
    SELECT i."Id", i."CreatedAt", i."Description", i."IsDeleted", i."MaxLot", i."Name", i."Notes", i."SafeLotSize", i."Symbol", i."UpdatedAt", i."UserId", i."VolatilityLevel"
    FROM "Instruments" AS i
    WHERE NOT (i."IsDeleted")
) AS i0 ON t."InstrumentId" = i0."Id"
WHERE NOT (t."IsDeleted") AND t."UserId" = @userId
ORDER BY t."TradeDate"
2026-05-10 18:21:44.566 +05:30 [INF] Executed DbCommand (6ms) [Parameters=[@userId='?' (DbType = Guid)], CommandType='"Text"', CommandTimeout='300']
SELECT count(*)::int
FROM "ForumMessages" AS f
WHERE NOT (f."IsDeleted") AND f."ChannelType" = 2 AND f."ReceiverId" = @userId AND NOT (f."IsRead")
2026-05-10 18:21:44.568 +05:30 [INF] Executing OkObjectResult, writing value of type 'TradingJournal.Application.DTOs.Forum.UnreadCountDto'.
2026-05-10 18:21:44.569 +05:30 [INF] Executed action TradingJournal.API.Controllers.ForumController.GetUnreadCount (TradingJournal.API) in 136.4262ms
2026-05-10 18:21:44.569 +05:30 [INF] Executed endpoint 'TradingJournal.API.Controllers.ForumController.GetUnreadCount (TradingJournal.API)'
2026-05-10 18:21:44.569 +05:30 [INF] HTTP GET /api/forum/dm/unread responded 200 in 138.1409 ms
2026-05-10 18:21:44.569 +05:30 [INF] Request finished HTTP/1.1 GET http://localhost:5283/api/forum/dm/unread - 200 null application/json; charset=utf-8 138.4554ms
2026-05-10 18:21:44.671 +05:30 [INF] Executed DbCommand (3ms) [Parameters=[@userId='?' (DbType = Guid)], CommandType='"Text"', CommandTimeout='300']
SELECT t."Id", t."Balance", t."Broker", t."CreatedAt", t."Currency", t."DailyDrawdownLimitPct", t."Has5xLotRule", t."IsDefault", t."IsDeleted", t."IsPropFirm", t."MaxAllowedLotSize", t."MaxOverallLossPct", t."MaxRiskPerTradePctOfDailyLimit", t."MinTradingDays", t."Name", t."NewsTradeAllowed", t."ProfitSplitPct", t."ProfitTargetPct", t."PropFirmName", t."PropFirmPlan", t."UpdatedAt", t."UseDynamicEquity", t."UserId", t."WeekendHoldingAllowed"
FROM "TradingAccounts" AS t
WHERE NOT (t."IsDeleted") AND t."UserId" = @userId AND NOT (t."IsDeleted")
ORDER BY t."CreatedAt" DESC
LIMIT 1
2026-05-10 18:21:44.672 +05:30 [INF] No prop firm account found for user: "0a478092-7251-4b11-a785-05efbf8ad1f6" — returning null
2026-05-10 18:21:44.672 +05:30 [INF] Executing OkObjectResult, writing value of type 'null'.
2026-05-10 18:21:44.672 +05:30 [INF] Executed action TradingJournal.API.Controllers.DashboardController.GetPropFirmStatus (TradingJournal.API) in 237.5553ms
2026-05-10 18:21:44.672 +05:30 [INF] Executed endpoint 'TradingJournal.API.Controllers.DashboardController.GetPropFirmStatus (TradingJournal.API)'
2026-05-10 18:21:44.672 +05:30 [INF] HTTP GET /api/dashboard/prop-firm-status responded 204 in 238.7728 ms
2026-05-10 18:21:44.672 +05:30 [INF] Request finished HTTP/1.1 GET http://localhost:5283/api/dashboard/prop-firm-status - 204 null null 239.0628ms
2026-05-10 18:21:44.683 +05:30 [INF] Executed DbCommand (3ms) [Parameters=[@userId='?' (DbType = Guid)], CommandType='"Text"', CommandTimeout='300']
SELECT t."Id", t."Balance", t."Broker", t."CreatedAt", t."Currency", t."DailyDrawdownLimitPct", t."Has5xLotRule", t."IsDefault", t."IsDeleted", t."IsPropFirm", t."MaxAllowedLotSize", t."MaxOverallLossPct", t."MaxRiskPerTradePctOfDailyLimit", t."MinTradingDays", t."Name", t."NewsTradeAllowed", t."ProfitSplitPct", t."ProfitTargetPct", t."PropFirmName", t."PropFirmPlan", t."UpdatedAt", t."UseDynamicEquity", t."UserId", t."WeekendHoldingAllowed"
FROM "TradingAccounts" AS t
WHERE NOT (t."IsDeleted") AND t."UserId" = @userId AND t."IsDefault" AND NOT (t."IsDeleted")
LIMIT 1
2026-05-10 18:21:44.774 +05:30 [INF] Executed DbCommand (3ms) [Parameters=[@userId='?' (DbType = Guid)], CommandType='"Text"', CommandTimeout='300']
SELECT t."Id", t."Balance", t."Broker", t."CreatedAt", t."Currency", t."DailyDrawdownLimitPct", t."Has5xLotRule", t."IsDefault", t."IsDeleted", t."IsPropFirm", t."MaxAllowedLotSize", t."MaxOverallLossPct", t."MaxRiskPerTradePctOfDailyLimit", t."MinTradingDays", t."Name", t."NewsTradeAllowed", t."ProfitSplitPct", t."ProfitTargetPct", t."PropFirmName", t."PropFirmPlan", t."UpdatedAt", t."UseDynamicEquity", t."UserId", t."WeekendHoldingAllowed"
FROM "TradingAccounts" AS t
WHERE NOT (t."IsDeleted") AND t."UserId" = @userId AND NOT (t."IsDeleted")
ORDER BY t."CreatedAt" DESC
LIMIT 1
2026-05-10 18:21:44.847 +05:30 [INF] Executed DbCommand (3ms) [Parameters=[@userId='?' (DbType = Guid)], CommandType='"Text"', CommandTimeout='300']
SELECT a."Id", a."CreatedAt", a."DailyLossLimit", a."Email", a."EmailAlertEnabled", a."IsActive", a."IsDeleted", a."MaxDrawdownPercent", a."MaxTradesPerDay", a."UpdatedAt", a."UserId"
FROM "Alerts" AS a
WHERE a."UserId" = @userId
LIMIT 1
2026-05-10 18:21:44.923 +05:30 [INF] Executed DbCommand (3ms) [Parameters=[@userId='?' (DbType = Guid)], CommandType='"Text"', CommandTimeout='300']
SELECT i."Id", i."CreatedAt", i."Description", i."IsDeleted", i."MaxLot", i."Name", i."Notes", i."SafeLotSize", i."Symbol", i."UpdatedAt", i."UserId", i."VolatilityLevel"
FROM "Instruments" AS i
WHERE NOT (i."IsDeleted") AND i."UserId" = @userId
2026-05-10 18:21:44.925 +05:30 [INF] Executing OkObjectResult, writing value of type 'TradingJournal.Application.DTOs.Dashboard.DashboardSummaryDto'.
2026-05-10 18:21:44.925 +05:30 [INF] Executed action TradingJournal.API.Controllers.DashboardController.GetSummary (TradingJournal.API) in 492.1023ms
2026-05-10 18:21:44.925 +05:30 [INF] Executed endpoint 'TradingJournal.API.Controllers.DashboardController.GetSummary (TradingJournal.API)'
2026-05-10 18:21:44.925 +05:30 [INF] HTTP GET /api/dashboard/summary responded 200 in 493.1896 ms
2026-05-10 18:21:44.925 +05:30 [INF] Request finished HTTP/1.1 GET http://localhost:5283/api/dashboard/summary - 200 null application/json; charset=utf-8 493.4573ms
2026-05-10 18:21:51.100 +05:30 [INF] Request starting HTTP/1.1 OPTIONS http://localhost:5283/hubs/chat/negotiate?access_token=eyJhbGciOiJIUzI1NiIsInR5cCI6IkpXVCJ9.eyJzdWIiOiIwYTQ3ODA5Mi03MjUxLTRiMTEtYTc4NS0wNWVmYmY4YWQxZjYiLCJlbWFpbCI6ImFkbWluQHRyYWRpbmdqb3VybmFsLmNvbSIsImh0dHA6Ly9zY2hlbWFzLm1pY3Jvc29mdC5jb20vd3MvMjAwOC8wNi9pZGVudGl0eS9jbGFpbXMvcm9sZSI6IkFkbWluIiwiZmlyc3ROYW1lIjoiQWRtaW4iLCJsYXN0TmFtZSI6IlVzZXIiLCJqdGkiOiI1M2E4NGNjNi0yMDM1LTRhMGMtYjBlZS1iNmJhZDczZTI5NDkiLCJleHAiOjE3Nzg0MjExMDQsImlzcyI6IlRyYWRpbmdKb3VybmFsQVBJIiwiYXVkIjoiVHJhZGluZ0pvdXJuYWxDbGllbnQifQ.j6N34JCpZfUyNcOXf8YogYhvMgQ-22jOK-nTIi_0xSk&negotiateVersion=1 - null null
2026-05-10 18:21:51.100 +05:30 [INF] CORS policy execution successful.
2026-05-10 18:21:51.100 +05:30 [INF] HTTP OPTIONS /hubs/chat/negotiate responded 204 in 0.3242 ms
2026-05-10 18:21:51.101 +05:30 [INF] Request finished HTTP/1.1 OPTIONS http://localhost:5283/hubs/chat/negotiate?access_token=eyJhbGciOiJIUzI1NiIsInR5cCI6IkpXVCJ9.eyJzdWIiOiIwYTQ3ODA5Mi03MjUxLTRiMTEtYTc4NS0wNWVmYmY4YWQxZjYiLCJlbWFpbCI6ImFkbWluQHRyYWRpbmdqb3VybmFsLmNvbSIsImh0dHA6Ly9zY2hlbWFzLm1pY3Jvc29mdC5jb20vd3MvMjAwOC8wNi9pZGVudGl0eS9jbGFpbXMvcm9sZSI6IkFkbWluIiwiZmlyc3ROYW1lIjoiQWRtaW4iLCJsYXN0TmFtZSI6IlVzZXIiLCJqdGkiOiI1M2E4NGNjNi0yMDM1LTRhMGMtYjBlZS1iNmJhZDczZTI5NDkiLCJleHAiOjE3Nzg0MjExMDQsImlzcyI6IlRyYWRpbmdKb3VybmFsQVBJIiwiYXVkIjoiVHJhZGluZ0pvdXJuYWxDbGllbnQifQ.j6N34JCpZfUyNcOXf8YogYhvMgQ-22jOK-nTIi_0xSk&negotiateVersion=1 - 204 null null 0.7875ms
2026-05-10 18:21:51.103 +05:30 [INF] Request starting HTTP/1.1 OPTIONS http://localhost:5283/api/forum/public?page=1&pageSize=50 - null null
2026-05-10 18:21:51.103 +05:30 [INF] CORS policy execution successful.
2026-05-10 18:21:51.103 +05:30 [INF] HTTP OPTIONS /api/forum/public responded 204 in 0.0675 ms
2026-05-10 18:21:51.103 +05:30 [INF] Request finished HTTP/1.1 OPTIONS http://localhost:5283/api/forum/public?page=1&pageSize=50 - 204 null null 0.2569ms
2026-05-10 18:21:51.106 +05:30 [INF] Request starting HTTP/1.1 GET http://localhost:5283/api/forum/public?page=1&pageSize=50 - null null
2026-05-10 18:21:51.107 +05:30 [INF] CORS policy execution successful.
2026-05-10 18:21:51.108 +05:30 [INF] Executing endpoint 'TradingJournal.API.Controllers.ForumController.GetPublicMessages (TradingJournal.API)'
2026-05-10 18:21:51.108 +05:30 [INF] Route matched with {action = "GetPublicMessages", controller = "Forum"}. Executing controller action with signature System.Threading.Tasks.Task`1[Microsoft.AspNetCore.Mvc.IActionResult] GetPublicMessages(Int32, Int32) on controller TradingJournal.API.Controllers.ForumController (TradingJournal.API).
2026-05-10 18:21:51.237 +05:30 [INF] Executed DbCommand (6ms) [Parameters=[@p1='?' (DbType = Int32), @p='?' (DbType = Int32)], CommandType='"Text"', CommandTimeout='300']
SELECT f0."Id", f0."AuthorId", f0."ChannelType", f0."Content", f0."CreatedAt", f0."EditedAt", f0."IsDeleted", f0."IsEdited", f0."IsRead", f0."ParentMessageId", f0."ReceiverId", f0."SenderId", f0."UpdatedAt", u0."Id", u0."AccountBalance", u0."AllowedSections", u0."CreatedAt", u0."Email", u0."FirstName", u0."IsActive", u0."IsDeleted", u0."LastName", u0."PasswordHash", u0."ProfileImageUrl", u0."RefreshToken", u0."RefreshTokenExpiry", u0."Role", u0."UpdatedAt", f2."Id", f2."AuthorId", f2."ChannelType", f2."Content", f2."CreatedAt", f2."EditedAt", f2."IsDeleted", f2."IsEdited", f2."IsRead", f2."ParentMessageId", f2."ReceiverId", f2."SenderId", f2."UpdatedAt"
FROM (
    SELECT f."Id", f."AuthorId", f."ChannelType", f."Content", f."CreatedAt", f."EditedAt", f."IsDeleted", f."IsEdited", f."IsRead", f."ParentMessageId", f."ReceiverId", f."SenderId", f."UpdatedAt"
    FROM "ForumMessages" AS f
    WHERE NOT (f."IsDeleted") AND f."ChannelType" = 1 AND f."ParentMessageId" IS NULL
    ORDER BY f."CreatedAt" DESC
    LIMIT @p1 OFFSET @p
) AS f0
INNER JOIN (
    SELECT u."Id", u."AccountBalance", u."AllowedSections", u."CreatedAt", u."Email", u."FirstName", u."IsActive", u."IsDeleted", u."LastName", u."PasswordHash", u."ProfileImageUrl", u."RefreshToken", u."RefreshTokenExpiry", u."Role", u."UpdatedAt"
    FROM "Users" AS u
    WHERE NOT (u."IsDeleted")
) AS u0 ON f0."AuthorId" = u0."Id"
LEFT JOIN (
    SELECT f1."Id", f1."AuthorId", f1."ChannelType", f1."Content", f1."CreatedAt", f1."EditedAt", f1."IsDeleted", f1."IsEdited", f1."IsRead", f1."ParentMessageId", f1."ReceiverId", f1."SenderId", f1."UpdatedAt"
    FROM "ForumMessages" AS f1
    WHERE NOT (f1."IsDeleted")
) AS f2 ON f0."Id" = f2."ParentMessageId"
ORDER BY f0."CreatedAt" DESC, f0."Id", u0."Id"
2026-05-10 18:21:51.337 +05:30 [INF] Executed DbCommand (3ms) [Parameters=[], CommandType='"Text"', CommandTimeout='300']
SELECT count(*)::int
FROM "ForumMessages" AS f
WHERE NOT (f."IsDeleted") AND f."ChannelType" = 1 AND f."ParentMessageId" IS NULL
2026-05-10 18:21:51.338 +05:30 [INF] Executing OkObjectResult, writing value of type '<>f__AnonymousType2`2[[System.Collections.Generic.List`1[[TradingJournal.Application.DTOs.Forum.ForumMessageDto, TradingJournal.Application, Version=1.0.0.0, Culture=neutral, PublicKeyToken=null]], System.Private.CoreLib, Version=10.0.0.0, Culture=neutral, PublicKeyToken=7cec85d7bea7798e],[System.Int32, System.Private.CoreLib, Version=10.0.0.0, Culture=neutral, PublicKeyToken=7cec85d7bea7798e]]'.
2026-05-10 18:21:51.338 +05:30 [INF] Executed action TradingJournal.API.Controllers.ForumController.GetPublicMessages (TradingJournal.API) in 229.8936ms
2026-05-10 18:21:51.338 +05:30 [INF] Executed endpoint 'TradingJournal.API.Controllers.ForumController.GetPublicMessages (TradingJournal.API)'
2026-05-10 18:21:51.338 +05:30 [INF] HTTP GET /api/forum/public responded 200 in 231.8228 ms
2026-05-10 18:21:51.338 +05:30 [INF] Request finished HTTP/1.1 GET http://localhost:5283/api/forum/public?page=1&pageSize=50 - 200 null application/json; charset=utf-8 232.1667ms
2026-05-10 18:21:53.380 +05:30 [INF] Request starting HTTP/1.1 OPTIONS http://localhost:5283/api/forum/users - null null
2026-05-10 18:21:53.380 +05:30 [INF] CORS policy execution successful.
2026-05-10 18:21:53.380 +05:30 [INF] HTTP OPTIONS /api/forum/users responded 204 in 0.1799 ms
2026-05-10 18:21:53.380 +05:30 [INF] Request finished HTTP/1.1 OPTIONS http://localhost:5283/api/forum/users - 204 null null 0.4335ms
2026-05-10 18:21:53.383 +05:30 [INF] Request starting HTTP/1.1 GET http://localhost:5283/api/forum/users - null null
2026-05-10 18:21:53.383 +05:30 [INF] CORS policy execution successful.
2026-05-10 18:21:53.384 +05:30 [INF] Executing endpoint 'TradingJournal.API.Controllers.ForumController.GetUsersForChat (TradingJournal.API)'
2026-05-10 18:21:53.384 +05:30 [INF] Route matched with {action = "GetUsersForChat", controller = "Forum"}. Executing controller action with signature System.Threading.Tasks.Task`1[Microsoft.AspNetCore.Mvc.IActionResult] GetUsersForChat(TradingJournal.Infrastructure.Data.ApplicationDbContext) on controller TradingJournal.API.Controllers.ForumController (TradingJournal.API).
2026-05-10 18:21:53.464 +05:30 [INF] Executed DbCommand (2ms) [Parameters=[@currentUserId='?' (DbType = Guid)], CommandType='"Text"', CommandTimeout='300']
SELECT u."Id", u."FirstName" || ' ' || u."LastName" AS "Name", u."Email"
FROM "Users" AS u
WHERE NOT (u."IsDeleted") AND u."Id" <> @currentUserId AND NOT (u."IsDeleted")
2026-05-10 18:21:53.465 +05:30 [INF] Executing OkObjectResult, writing value of type 'System.Collections.Generic.List`1[[<>f__AnonymousType3`3[[System.Guid, System.Private.CoreLib, Version=10.0.0.0, Culture=neutral, PublicKeyToken=7cec85d7bea7798e],[System.String, System.Private.CoreLib, Version=10.0.0.0, Culture=neutral, PublicKeyToken=7cec85d7bea7798e],[System.String, System.Private.CoreLib, Version=10.0.0.0, Culture=neutral, PublicKeyToken=7cec85d7bea7798e]], TradingJournal.API, Version=1.0.0.0, Culture=neutral, PublicKeyToken=null]]'.
2026-05-10 18:21:53.465 +05:30 [INF] Executed action TradingJournal.API.Controllers.ForumController.GetUsersForChat (TradingJournal.API) in 80.853ms
2026-05-10 18:21:53.466 +05:30 [INF] Executed endpoint 'TradingJournal.API.Controllers.ForumController.GetUsersForChat (TradingJournal.API)'
2026-05-10 18:21:53.466 +05:30 [INF] HTTP GET /api/forum/users responded 200 in 82.1522 ms
2026-05-10 18:21:53.466 +05:30 [INF] Request finished HTTP/1.1 GET http://localhost:5283/api/forum/users - 200 null application/json; charset=utf-8 82.4064ms
2026-05-10 18:21:54.635 +05:30 [INF] Request starting HTTP/1.1 OPTIONS http://localhost:5283/api/forum/dm/read/95870ccb-6248-4140-95c9-f85b1e77a34b - null null
2026-05-10 18:21:54.635 +05:30 [INF] CORS policy execution successful.
2026-05-10 18:21:54.635 +05:30 [INF] HTTP OPTIONS /api/forum/dm/read/95870ccb-6248-4140-95c9-f85b1e77a34b responded 204 in 0.1015 ms
2026-05-10 18:21:54.635 +05:30 [INF] Request finished HTTP/1.1 OPTIONS http://localhost:5283/api/forum/dm/read/95870ccb-6248-4140-95c9-f85b1e77a34b - 204 null null 0.3344ms
2026-05-10 18:21:54.635 +05:30 [INF] Request starting HTTP/1.1 OPTIONS http://localhost:5283/api/forum/dm/95870ccb-6248-4140-95c9-f85b1e77a34b - null null
2026-05-10 18:21:54.635 +05:30 [INF] CORS policy execution successful.
2026-05-10 18:21:54.636 +05:30 [INF] HTTP OPTIONS /api/forum/dm/95870ccb-6248-4140-95c9-f85b1e77a34b responded 204 in 0.1723 ms
2026-05-10 18:21:54.636 +05:30 [INF] Request finished HTTP/1.1 OPTIONS http://localhost:5283/api/forum/dm/95870ccb-6248-4140-95c9-f85b1e77a34b - 204 null null 0.3882ms
2026-05-10 18:21:54.639 +05:30 [INF] Request starting HTTP/1.1 PUT http://localhost:5283/api/forum/dm/read/95870ccb-6248-4140-95c9-f85b1e77a34b - application/json 2
2026-05-10 18:21:54.640 +05:30 [INF] CORS policy execution successful.
2026-05-10 18:21:54.640 +05:30 [INF] Request starting HTTP/1.1 GET http://localhost:5283/api/forum/dm/95870ccb-6248-4140-95c9-f85b1e77a34b - null null
2026-05-10 18:21:54.640 +05:30 [INF] CORS policy execution successful.
2026-05-10 18:21:54.640 +05:30 [INF] Executing endpoint 'TradingJournal.API.Controllers.ForumController.MarkAsRead (TradingJournal.API)'
2026-05-10 18:21:54.640 +05:30 [INF] Route matched with {action = "MarkAsRead", controller = "Forum"}. Executing controller action with signature System.Threading.Tasks.Task`1[Microsoft.AspNetCore.Mvc.IActionResult] MarkAsRead(System.Guid) on controller TradingJournal.API.Controllers.ForumController (TradingJournal.API).
2026-05-10 18:21:54.641 +05:30 [INF] Executing endpoint 'TradingJournal.API.Controllers.ForumController.GetDirectMessages (TradingJournal.API)'
2026-05-10 18:21:54.641 +05:30 [INF] Route matched with {action = "GetDirectMessages", controller = "Forum"}. Executing controller action with signature System.Threading.Tasks.Task`1[Microsoft.AspNetCore.Mvc.IActionResult] GetDirectMessages(System.Guid) on controller TradingJournal.API.Controllers.ForumController (TradingJournal.API).
2026-05-10 18:21:54.752 +05:30 [INF] Executed DbCommand (5ms) [Parameters=[@senderId='?' (DbType = Guid), @receiverId='?' (DbType = Guid)], CommandType='"Text"', CommandTimeout='300']
SELECT f."Id", f."AuthorId", f."ChannelType", f."Content", f."CreatedAt", f."EditedAt", f."IsDeleted", f."IsEdited", f."IsRead", f."ParentMessageId", f."ReceiverId", f."SenderId", f."UpdatedAt"
FROM "ForumMessages" AS f
WHERE NOT (f."IsDeleted") AND f."ChannelType" = 2 AND f."SenderId" = @senderId AND f."ReceiverId" = @receiverId AND NOT (f."IsRead")
2026-05-10 18:21:54.760 +05:30 [INF] Executed DbCommand (7ms) [Parameters=[@userId='?' (DbType = Guid), @otherUserId='?' (DbType = Guid)], CommandType='"Text"', CommandTimeout='300']
SELECT f."Id", f."AuthorId", f."ChannelType", f."Content", f."CreatedAt", f."EditedAt", f."IsDeleted", f."IsEdited", f."IsRead", f."ParentMessageId", f."ReceiverId", f."SenderId", f."UpdatedAt", u0."Id", u0."AccountBalance", u0."AllowedSections", u0."CreatedAt", u0."Email", u0."FirstName", u0."IsActive", u0."IsDeleted", u0."LastName", u0."PasswordHash", u0."ProfileImageUrl", u0."RefreshToken", u0."RefreshTokenExpiry", u0."Role", u0."UpdatedAt"
FROM "ForumMessages" AS f
INNER JOIN (
    SELECT u."Id", u."AccountBalance", u."AllowedSections", u."CreatedAt", u."Email", u."FirstName", u."IsActive", u."IsDeleted", u."LastName", u."PasswordHash", u."ProfileImageUrl", u."RefreshToken", u."RefreshTokenExpiry", u."Role", u."UpdatedAt"
    FROM "Users" AS u
    WHERE NOT (u."IsDeleted")
) AS u0 ON f."AuthorId" = u0."Id"
WHERE NOT (f."IsDeleted") AND f."ChannelType" = 2 AND ((f."SenderId" = @userId AND f."ReceiverId" = @otherUserId) OR (f."SenderId" = @otherUserId AND f."ReceiverId" = @userId))
ORDER BY f."CreatedAt"
2026-05-10 18:21:54.762 +05:30 [INF] Executing OkObjectResult, writing value of type 'System.Collections.Generic.List`1[[TradingJournal.Application.DTOs.Forum.DirectMessageDto, TradingJournal.Application, Version=1.0.0.0, Culture=neutral, PublicKeyToken=null]]'.
2026-05-10 18:21:54.763 +05:30 [INF] Executed action TradingJournal.API.Controllers.ForumController.GetDirectMessages (TradingJournal.API) in 121.7878ms
2026-05-10 18:21:54.763 +05:30 [INF] Executed endpoint 'TradingJournal.API.Controllers.ForumController.GetDirectMessages (TradingJournal.API)'
2026-05-10 18:21:54.763 +05:30 [INF] HTTP GET /api/forum/dm/95870ccb-6248-4140-95c9-f85b1e77a34b responded 200 in 122.7864 ms
2026-05-10 18:21:54.763 +05:30 [INF] Request finished HTTP/1.1 GET http://localhost:5283/api/forum/dm/95870ccb-6248-4140-95c9-f85b1e77a34b - 200 null application/json; charset=utf-8 123.0007ms
2026-05-10 18:21:54.852 +05:30 [INF] Executed DbCommand (5ms) [Parameters=[@p1='?' (DbType = Guid), @p0='?' (DbType = Boolean)], CommandType='"Text"', CommandTimeout='300']
UPDATE "ForumMessages" SET "IsRead" = @p0
WHERE "Id" = @p1;
2026-05-10 18:21:54.852 +05:30 [INF] Executing StatusCodeResult, setting HTTP status code 204
2026-05-10 18:21:54.853 +05:30 [INF] Executed action TradingJournal.API.Controllers.ForumController.MarkAsRead (TradingJournal.API) in 212.1714ms
2026-05-10 18:21:54.853 +05:30 [INF] Executed endpoint 'TradingJournal.API.Controllers.ForumController.MarkAsRead (TradingJournal.API)'
2026-05-10 18:21:54.853 +05:30 [INF] HTTP PUT /api/forum/dm/read/95870ccb-6248-4140-95c9-f85b1e77a34b responded 204 in 213.1106 ms
2026-05-10 18:21:54.853 +05:30 [INF] Request finished HTTP/1.1 PUT http://localhost:5283/api/forum/dm/read/95870ccb-6248-4140-95c9-f85b1e77a34b - 204 null null 213.4581ms
2026-05-10 18:22:11.734 +05:30 [INF] Request starting HTTP/1.1 OPTIONS http://localhost:5283/api/forum/dm - null null
2026-05-10 18:22:11.734 +05:30 [INF] CORS policy execution successful.
2026-05-10 18:22:11.734 +05:30 [INF] HTTP OPTIONS /api/forum/dm responded 204 in 0.0780 ms
2026-05-10 18:22:11.734 +05:30 [INF] Request finished HTTP/1.1 OPTIONS http://localhost:5283/api/forum/dm - 204 null null 0.2471ms
2026-05-10 18:22:11.736 +05:30 [INF] Request starting HTTP/1.1 POST http://localhost:5283/api/forum/dm - application/json 127
2026-05-10 18:22:11.736 +05:30 [INF] CORS policy execution successful.
2026-05-10 18:22:11.736 +05:30 [INF] Executing endpoint 'TradingJournal.API.Controllers.ForumController.SendDirectMessage (TradingJournal.API)'
2026-05-10 18:22:11.736 +05:30 [INF] Route matched with {action = "SendDirectMessage", controller = "Forum"}. Executing controller action with signature System.Threading.Tasks.Task`1[Microsoft.AspNetCore.Mvc.IActionResult] SendDirectMessage(TradingJournal.Application.DTOs.Forum.CreateForumMessageDto) on controller TradingJournal.API.Controllers.ForumController (TradingJournal.API).
2026-05-10 18:22:11.799 +05:30 [INF] Executed DbCommand (14ms) [Parameters=[@p0='?' (DbType = Guid), @p1='?' (DbType = Guid), @p2='?' (DbType = Int32), @p3='?', @p4='?' (DbType = DateTime), @p5='?' (DbType = DateTime), @p6='?' (DbType = Boolean), @p7='?' (DbType = Boolean), @p8='?' (DbType = Boolean), @p9='?' (DbType = Guid), @p10='?' (DbType = Guid), @p11='?' (DbType = Guid), @p12='?' (DbType = DateTime)], CommandType='"Text"', CommandTimeout='300']
INSERT INTO "ForumMessages" ("Id", "AuthorId", "ChannelType", "Content", "CreatedAt", "EditedAt", "IsDeleted", "IsEdited", "IsRead", "ParentMessageId", "ReceiverId", "SenderId", "UpdatedAt")
VALUES (@p0, @p1, @p2, @p3, @p4, @p5, @p6, @p7, @p8, @p9, @p10, @p11, @p12);
2026-05-10 18:22:11.850 +05:30 [INF] Executed DbCommand (2ms) [Parameters=[@p='?' (DbType = Guid)], CommandType='"Text"', CommandTimeout='300']
SELECT u."Id", u."AccountBalance", u."AllowedSections", u."CreatedAt", u."Email", u."FirstName", u."IsActive", u."IsDeleted", u."LastName", u."PasswordHash", u."ProfileImageUrl", u."RefreshToken", u."RefreshTokenExpiry", u."Role", u."UpdatedAt"
FROM "Users" AS u
WHERE NOT (u."IsDeleted") AND u."Id" = @p
LIMIT 1
2026-05-10 18:22:11.850 +05:30 [INF] Executing OkObjectResult, writing value of type 'TradingJournal.Application.DTOs.Forum.DirectMessageDto'.
2026-05-10 18:22:11.851 +05:30 [INF] Executed action TradingJournal.API.Controllers.ForumController.SendDirectMessage (TradingJournal.API) in 114.2547ms
2026-05-10 18:22:11.851 +05:30 [INF] Executed endpoint 'TradingJournal.API.Controllers.ForumController.SendDirectMessage (TradingJournal.API)'
2026-05-10 18:22:11.851 +05:30 [INF] HTTP POST /api/forum/dm responded 200 in 114.8012 ms
2026-05-10 18:22:11.851 +05:30 [INF] Request finished HTTP/1.1 POST http://localhost:5283/api/forum/dm - 200 null application/json; charset=utf-8 115.0865ms
2026-05-10 18:22:14.333 +05:30 [INF] Request starting HTTP/1.1 OPTIONS http://localhost:5283/api/dashboard/alerts - null null
2026-05-10 18:22:14.333 +05:30 [INF] CORS policy execution successful.
2026-05-10 18:22:14.333 +05:30 [INF] HTTP OPTIONS /api/dashboard/alerts responded 204 in 0.1021 ms
2026-05-10 18:22:14.333 +05:30 [INF] Request finished HTTP/1.1 OPTIONS http://localhost:5283/api/dashboard/alerts - 204 null null 0.4175ms
2026-05-10 18:22:14.337 +05:30 [INF] Request starting HTTP/1.1 GET http://localhost:5283/api/dashboard/alerts - null null
2026-05-10 18:22:14.337 +05:30 [INF] CORS policy execution successful.
2026-05-10 18:22:14.337 +05:30 [INF] Executing endpoint 'TradingJournal.API.Controllers.DashboardController.GetAlert (TradingJournal.API)'
2026-05-10 18:22:14.350 +05:30 [INF] Route matched with {action = "GetAlert", controller = "Dashboard"}. Executing controller action with signature System.Threading.Tasks.Task`1[Microsoft.AspNetCore.Mvc.ActionResult`1[TradingJournal.Application.DTOs.Analytics.AlertDto]] GetAlert() on controller TradingJournal.API.Controllers.DashboardController (TradingJournal.API).
2026-05-10 18:22:14.353 +05:30 [INF] Fetching alert settings for user: "0a478092-7251-4b11-a785-05efbf8ad1f6"
2026-05-10 18:22:14.446 +05:30 [INF] Executed DbCommand (4ms) [Parameters=[@userId='?' (DbType = Guid)], CommandType='"Text"', CommandTimeout='300']
SELECT a."Id", a."CreatedAt", a."DailyLossLimit", a."Email", a."EmailAlertEnabled", a."IsActive", a."IsDeleted", a."MaxDrawdownPercent", a."MaxTradesPerDay", a."UpdatedAt", a."UserId"
FROM "Alerts" AS a
WHERE a."UserId" = @userId
LIMIT 1
2026-05-10 18:22:14.447 +05:30 [INF] Executing OkObjectResult, writing value of type 'null'.
2026-05-10 18:22:14.447 +05:30 [INF] Executed action TradingJournal.API.Controllers.DashboardController.GetAlert (TradingJournal.API) in 97.2327ms
2026-05-10 18:22:14.447 +05:30 [INF] Executed endpoint 'TradingJournal.API.Controllers.DashboardController.GetAlert (TradingJournal.API)'
2026-05-10 18:22:14.448 +05:30 [INF] HTTP GET /api/dashboard/alerts responded 204 in 110.6400 ms
2026-05-10 18:22:14.448 +05:30 [INF] Request finished HTTP/1.1 GET http://localhost:5283/api/dashboard/alerts - 204 null null 110.9506ms
2026-05-10 18:22:14.860 +05:30 [INF] Request starting HTTP/1.1 OPTIONS http://localhost:5283/hubs/chat/negotiate?access_token=eyJhbGciOiJIUzI1NiIsInR5cCI6IkpXVCJ9.eyJzdWIiOiIwYTQ3ODA5Mi03MjUxLTRiMTEtYTc4NS0wNWVmYmY4YWQxZjYiLCJlbWFpbCI6ImFkbWluQHRyYWRpbmdqb3VybmFsLmNvbSIsImh0dHA6Ly9zY2hlbWFzLm1pY3Jvc29mdC5jb20vd3MvMjAwOC8wNi9pZGVudGl0eS9jbGFpbXMvcm9sZSI6IkFkbWluIiwiZmlyc3ROYW1lIjoiQWRtaW4iLCJsYXN0TmFtZSI6IlVzZXIiLCJqdGkiOiI1M2E4NGNjNi0yMDM1LTRhMGMtYjBlZS1iNmJhZDczZTI5NDkiLCJleHAiOjE3Nzg0MjExMDQsImlzcyI6IlRyYWRpbmdKb3VybmFsQVBJIiwiYXVkIjoiVHJhZGluZ0pvdXJuYWxDbGllbnQifQ.j6N34JCpZfUyNcOXf8YogYhvMgQ-22jOK-nTIi_0xSk&negotiateVersion=1 - null null
2026-05-10 18:22:14.861 +05:30 [INF] CORS policy execution successful.
2026-05-10 18:22:14.861 +05:30 [INF] HTTP OPTIONS /hubs/chat/negotiate responded 204 in 0.1560 ms
2026-05-10 18:22:14.861 +05:30 [INF] Request finished HTTP/1.1 OPTIONS http://localhost:5283/hubs/chat/negotiate?access_token=eyJhbGciOiJIUzI1NiIsInR5cCI6IkpXVCJ9.eyJzdWIiOiIwYTQ3ODA5Mi03MjUxLTRiMTEtYTc4NS0wNWVmYmY4YWQxZjYiLCJlbWFpbCI6ImFkbWluQHRyYWRpbmdqb3VybmFsLmNvbSIsImh0dHA6Ly9zY2hlbWFzLm1pY3Jvc29mdC5jb20vd3MvMjAwOC8wNi9pZGVudGl0eS9jbGFpbXMvcm9sZSI6IkFkbWluIiwiZmlyc3ROYW1lIjoiQWRtaW4iLCJsYXN0TmFtZSI6IlVzZXIiLCJqdGkiOiI1M2E4NGNjNi0yMDM1LTRhMGMtYjBlZS1iNmJhZDczZTI5NDkiLCJleHAiOjE3Nzg0MjExMDQsImlzcyI6IlRyYWRpbmdKb3VybmFsQVBJIiwiYXVkIjoiVHJhZGluZ0pvdXJuYWxDbGllbnQifQ.j6N34JCpZfUyNcOXf8YogYhvMgQ-22jOK-nTIi_0xSk&negotiateVersion=1 - 204 null null 0.5834ms
2026-05-10 18:22:14.864 +05:30 [INF] Request starting HTTP/1.1 OPTIONS http://localhost:5283/api/forum/public?page=1&pageSize=50 - null null
2026-05-10 18:22:14.864 +05:30 [INF] CORS policy execution successful.
2026-05-10 18:22:14.864 +05:30 [INF] HTTP OPTIONS /api/forum/public responded 204 in 0.1135 ms
2026-05-10 18:22:14.864 +05:30 [INF] Request finished HTTP/1.1 OPTIONS http://localhost:5283/api/forum/public?page=1&pageSize=50 - 204 null null 0.4038ms
2026-05-10 18:22:14.869 +05:30 [INF] Request starting HTTP/1.1 GET http://localhost:5283/api/forum/public?page=1&pageSize=50 - null null
2026-05-10 18:22:14.869 +05:30 [INF] CORS policy execution successful.
2026-05-10 18:22:14.870 +05:30 [INF] Executing endpoint 'TradingJournal.API.Controllers.ForumController.GetPublicMessages (TradingJournal.API)'
2026-05-10 18:22:14.872 +05:30 [INF] Route matched with {action = "GetPublicMessages", controller = "Forum"}. Executing controller action with signature System.Threading.Tasks.Task`1[Microsoft.AspNetCore.Mvc.IActionResult] GetPublicMessages(Int32, Int32) on controller TradingJournal.API.Controllers.ForumController (TradingJournal.API).
2026-05-10 18:22:14.968 +05:30 [INF] Executed DbCommand (6ms) [Parameters=[@p1='?' (DbType = Int32), @p='?' (DbType = Int32)], CommandType='"Text"', CommandTimeout='300']
SELECT f0."Id", f0."AuthorId", f0."ChannelType", f0."Content", f0."CreatedAt", f0."EditedAt", f0."IsDeleted", f0."IsEdited", f0."IsRead", f0."ParentMessageId", f0."ReceiverId", f0."SenderId", f0."UpdatedAt", u0."Id", u0."AccountBalance", u0."AllowedSections", u0."CreatedAt", u0."Email", u0."FirstName", u0."IsActive", u0."IsDeleted", u0."LastName", u0."PasswordHash", u0."ProfileImageUrl", u0."RefreshToken", u0."RefreshTokenExpiry", u0."Role", u0."UpdatedAt", f2."Id", f2."AuthorId", f2."ChannelType", f2."Content", f2."CreatedAt", f2."EditedAt", f2."IsDeleted", f2."IsEdited", f2."IsRead", f2."ParentMessageId", f2."ReceiverId", f2."SenderId", f2."UpdatedAt"
FROM (
    SELECT f."Id", f."AuthorId", f."ChannelType", f."Content", f."CreatedAt", f."EditedAt", f."IsDeleted", f."IsEdited", f."IsRead", f."ParentMessageId", f."ReceiverId", f."SenderId", f."UpdatedAt"
    FROM "ForumMessages" AS f
    WHERE NOT (f."IsDeleted") AND f."ChannelType" = 1 AND f."ParentMessageId" IS NULL
    ORDER BY f."CreatedAt" DESC
    LIMIT @p1 OFFSET @p
) AS f0
INNER JOIN (
    SELECT u."Id", u."AccountBalance", u."AllowedSections", u."CreatedAt", u."Email", u."FirstName", u."IsActive", u."IsDeleted", u."LastName", u."PasswordHash", u."ProfileImageUrl", u."RefreshToken", u."RefreshTokenExpiry", u."Role", u."UpdatedAt"
    FROM "Users" AS u
    WHERE NOT (u."IsDeleted")
) AS u0 ON f0."AuthorId" = u0."Id"
LEFT JOIN (
    SELECT f1."Id", f1."AuthorId", f1."ChannelType", f1."Content", f1."CreatedAt", f1."EditedAt", f1."IsDeleted", f1."IsEdited", f1."IsRead", f1."ParentMessageId", f1."ReceiverId", f1."SenderId", f1."UpdatedAt"
    FROM "ForumMessages" AS f1
    WHERE NOT (f1."IsDeleted")
) AS f2 ON f0."Id" = f2."ParentMessageId"
ORDER BY f0."CreatedAt" DESC, f0."Id", u0."Id"
2026-05-10 18:22:15.055 +05:30 [INF] Executed DbCommand (3ms) [Parameters=[], CommandType='"Text"', CommandTimeout='300']
SELECT count(*)::int
FROM "ForumMessages" AS f
WHERE NOT (f."IsDeleted") AND f."ChannelType" = 1 AND f."ParentMessageId" IS NULL
2026-05-10 18:22:15.056 +05:30 [INF] Executing OkObjectResult, writing value of type '<>f__AnonymousType2`2[[System.Collections.Generic.List`1[[TradingJournal.Application.DTOs.Forum.ForumMessageDto, TradingJournal.Application, Version=1.0.0.0, Culture=neutral, PublicKeyToken=null]], System.Private.CoreLib, Version=10.0.0.0, Culture=neutral, PublicKeyToken=7cec85d7bea7798e],[System.Int32, System.Private.CoreLib, Version=10.0.0.0, Culture=neutral, PublicKeyToken=7cec85d7bea7798e]]'.
2026-05-10 18:22:15.056 +05:30 [INF] Executed action TradingJournal.API.Controllers.ForumController.GetPublicMessages (TradingJournal.API) in 183.8542ms
2026-05-10 18:22:15.056 +05:30 [INF] Executed endpoint 'TradingJournal.API.Controllers.ForumController.GetPublicMessages (TradingJournal.API)'
2026-05-10 18:22:15.056 +05:30 [INF] HTTP GET /api/forum/public responded 200 in 186.9076 ms
2026-05-10 18:22:15.056 +05:30 [INF] Request finished HTTP/1.1 GET http://localhost:5283/api/forum/public?page=1&pageSize=50 - 200 null application/json; charset=utf-8 187.2685ms
2026-05-10 18:22:15.780 +05:30 [INF] Request starting HTTP/1.1 OPTIONS http://localhost:5283/api/forum/users - null null
2026-05-10 18:22:15.780 +05:30 [INF] CORS policy execution successful.
2026-05-10 18:22:15.780 +05:30 [INF] HTTP OPTIONS /api/forum/users responded 204 in 0.1214 ms
2026-05-10 18:22:15.780 +05:30 [INF] Request finished HTTP/1.1 OPTIONS http://localhost:5283/api/forum/users - 204 null null 0.4166ms
2026-05-10 18:22:15.784 +05:30 [INF] Request starting HTTP/1.1 GET http://localhost:5283/api/forum/users - null null
2026-05-10 18:22:15.784 +05:30 [INF] CORS policy execution successful.
2026-05-10 18:22:15.784 +05:30 [INF] Executing endpoint 'TradingJournal.API.Controllers.ForumController.GetUsersForChat (TradingJournal.API)'
2026-05-10 18:22:15.785 +05:30 [INF] Route matched with {action = "GetUsersForChat", controller = "Forum"}. Executing controller action with signature System.Threading.Tasks.Task`1[Microsoft.AspNetCore.Mvc.IActionResult] GetUsersForChat(TradingJournal.Infrastructure.Data.ApplicationDbContext) on controller TradingJournal.API.Controllers.ForumController (TradingJournal.API).
2026-05-10 18:22:15.862 +05:30 [INF] Executed DbCommand (4ms) [Parameters=[@currentUserId='?' (DbType = Guid)], CommandType='"Text"', CommandTimeout='300']
SELECT u."Id", u."FirstName" || ' ' || u."LastName" AS "Name", u."Email"
FROM "Users" AS u
WHERE NOT (u."IsDeleted") AND u."Id" <> @currentUserId AND NOT (u."IsDeleted")
2026-05-10 18:22:15.863 +05:30 [INF] Executing OkObjectResult, writing value of type 'System.Collections.Generic.List`1[[<>f__AnonymousType3`3[[System.Guid, System.Private.CoreLib, Version=10.0.0.0, Culture=neutral, PublicKeyToken=7cec85d7bea7798e],[System.String, System.Private.CoreLib, Version=10.0.0.0, Culture=neutral, PublicKeyToken=7cec85d7bea7798e],[System.String, System.Private.CoreLib, Version=10.0.0.0, Culture=neutral, PublicKeyToken=7cec85d7bea7798e]], TradingJournal.API, Version=1.0.0.0, Culture=neutral, PublicKeyToken=null]]'.
2026-05-10 18:22:15.864 +05:30 [INF] Executed action TradingJournal.API.Controllers.ForumController.GetUsersForChat (TradingJournal.API) in 79.1504ms
2026-05-10 18:22:15.864 +05:30 [INF] Executed endpoint 'TradingJournal.API.Controllers.ForumController.GetUsersForChat (TradingJournal.API)'
2026-05-10 18:22:15.864 +05:30 [INF] HTTP GET /api/forum/users responded 200 in 80.1039 ms
2026-05-10 18:22:15.864 +05:30 [INF] Request finished HTTP/1.1 GET http://localhost:5283/api/forum/users - 200 null application/json; charset=utf-8 80.3802ms
2026-05-10 18:22:16.755 +05:30 [INF] Request starting HTTP/1.1 OPTIONS http://localhost:5283/api/forum/dm/read/95870ccb-6248-4140-95c9-f85b1e77a34b - null null
2026-05-10 18:22:16.755 +05:30 [INF] CORS policy execution successful.
2026-05-10 18:22:16.756 +05:30 [INF] HTTP OPTIONS /api/forum/dm/read/95870ccb-6248-4140-95c9-f85b1e77a34b responded 204 in 0.1949 ms
2026-05-10 18:22:16.756 +05:30 [INF] Request starting HTTP/1.1 OPTIONS http://localhost:5283/api/forum/dm/95870ccb-6248-4140-95c9-f85b1e77a34b - null null
2026-05-10 18:22:16.756 +05:30 [INF] Request finished HTTP/1.1 OPTIONS http://localhost:5283/api/forum/dm/read/95870ccb-6248-4140-95c9-f85b1e77a34b - 204 null null 0.4861ms
2026-05-10 18:22:16.756 +05:30 [INF] CORS policy execution successful.
2026-05-10 18:22:16.756 +05:30 [INF] HTTP OPTIONS /api/forum/dm/95870ccb-6248-4140-95c9-f85b1e77a34b responded 204 in 0.0404 ms
2026-05-10 18:22:16.756 +05:30 [INF] Request finished HTTP/1.1 OPTIONS http://localhost:5283/api/forum/dm/95870ccb-6248-4140-95c9-f85b1e77a34b - 204 null null 0.126ms
2026-05-10 18:22:16.767 +05:30 [INF] Request starting HTTP/1.1 PUT http://localhost:5283/api/forum/dm/read/95870ccb-6248-4140-95c9-f85b1e77a34b - application/json 2
2026-05-10 18:22:16.767 +05:30 [INF] CORS policy execution successful.
2026-05-10 18:22:16.769 +05:30 [INF] Request starting HTTP/1.1 GET http://localhost:5283/api/forum/dm/95870ccb-6248-4140-95c9-f85b1e77a34b - null null
2026-05-10 18:22:16.770 +05:30 [INF] CORS policy execution successful.
2026-05-10 18:22:16.770 +05:30 [INF] Executing endpoint 'TradingJournal.API.Controllers.ForumController.MarkAsRead (TradingJournal.API)'
2026-05-10 18:22:16.770 +05:30 [INF] Route matched with {action = "MarkAsRead", controller = "Forum"}. Executing controller action with signature System.Threading.Tasks.Task`1[Microsoft.AspNetCore.Mvc.IActionResult] MarkAsRead(System.Guid) on controller TradingJournal.API.Controllers.ForumController (TradingJournal.API).
2026-05-10 18:22:16.770 +05:30 [INF] Executing endpoint 'TradingJournal.API.Controllers.ForumController.GetDirectMessages (TradingJournal.API)'
2026-05-10 18:22:16.770 +05:30 [INF] Route matched with {action = "GetDirectMessages", controller = "Forum"}. Executing controller action with signature System.Threading.Tasks.Task`1[Microsoft.AspNetCore.Mvc.IActionResult] GetDirectMessages(System.Guid) on controller TradingJournal.API.Controllers.ForumController (TradingJournal.API).
2026-05-10 18:22:16.971 +05:30 [INF] Executed DbCommand (10ms) [Parameters=[@senderId='?' (DbType = Guid), @receiverId='?' (DbType = Guid)], CommandType='"Text"', CommandTimeout='300']
SELECT f."Id", f."AuthorId", f."ChannelType", f."Content", f."CreatedAt", f."EditedAt", f."IsDeleted", f."IsEdited", f."IsRead", f."ParentMessageId", f."ReceiverId", f."SenderId", f."UpdatedAt"
FROM "ForumMessages" AS f
WHERE NOT (f."IsDeleted") AND f."ChannelType" = 2 AND f."SenderId" = @senderId AND f."ReceiverId" = @receiverId AND NOT (f."IsRead")
2026-05-10 18:22:16.972 +05:30 [INF] Executing StatusCodeResult, setting HTTP status code 204
2026-05-10 18:22:16.973 +05:30 [INF] Executed action TradingJournal.API.Controllers.ForumController.MarkAsRead (TradingJournal.API) in 202.6792ms
2026-05-10 18:22:16.973 +05:30 [INF] Executed endpoint 'TradingJournal.API.Controllers.ForumController.MarkAsRead (TradingJournal.API)'
2026-05-10 18:22:16.973 +05:30 [INF] HTTP PUT /api/forum/dm/read/95870ccb-6248-4140-95c9-f85b1e77a34b responded 204 in 205.5716 ms
2026-05-10 18:22:16.976 +05:30 [INF] Request finished HTTP/1.1 PUT http://localhost:5283/api/forum/dm/read/95870ccb-6248-4140-95c9-f85b1e77a34b - 204 null null 209.4079ms
2026-05-10 18:22:16.986 +05:30 [INF] Executed DbCommand (30ms) [Parameters=[@userId='?' (DbType = Guid), @otherUserId='?' (DbType = Guid)], CommandType='"Text"', CommandTimeout='300']
SELECT f."Id", f."AuthorId", f."ChannelType", f."Content", f."CreatedAt", f."EditedAt", f."IsDeleted", f."IsEdited", f."IsRead", f."ParentMessageId", f."ReceiverId", f."SenderId", f."UpdatedAt", u0."Id", u0."AccountBalance", u0."AllowedSections", u0."CreatedAt", u0."Email", u0."FirstName", u0."IsActive", u0."IsDeleted", u0."LastName", u0."PasswordHash", u0."ProfileImageUrl", u0."RefreshToken", u0."RefreshTokenExpiry", u0."Role", u0."UpdatedAt"
FROM "ForumMessages" AS f
INNER JOIN (
    SELECT u."Id", u."AccountBalance", u."AllowedSections", u."CreatedAt", u."Email", u."FirstName", u."IsActive", u."IsDeleted", u."LastName", u."PasswordHash", u."ProfileImageUrl", u."RefreshToken", u."RefreshTokenExpiry", u."Role", u."UpdatedAt"
    FROM "Users" AS u
    WHERE NOT (u."IsDeleted")
) AS u0 ON f."AuthorId" = u0."Id"
WHERE NOT (f."IsDeleted") AND f."ChannelType" = 2 AND ((f."SenderId" = @userId AND f."ReceiverId" = @otherUserId) OR (f."SenderId" = @otherUserId AND f."ReceiverId" = @userId))
ORDER BY f."CreatedAt"
2026-05-10 18:22:17.001 +05:30 [INF] Executing OkObjectResult, writing value of type 'System.Collections.Generic.List`1[[TradingJournal.Application.DTOs.Forum.DirectMessageDto, TradingJournal.Application, Version=1.0.0.0, Culture=neutral, PublicKeyToken=null]]'.
2026-05-10 18:22:17.002 +05:30 [INF] Executed action TradingJournal.API.Controllers.ForumController.GetDirectMessages (TradingJournal.API) in 231.8032ms
2026-05-10 18:22:17.003 +05:30 [INF] Executed endpoint 'TradingJournal.API.Controllers.ForumController.GetDirectMessages (TradingJournal.API)'
2026-05-10 18:22:17.003 +05:30 [INF] HTTP GET /api/forum/dm/95870ccb-6248-4140-95c9-f85b1e77a34b responded 200 in 233.2270 ms
2026-05-10 18:22:17.003 +05:30 [INF] Request finished HTTP/1.1 GET http://localhost:5283/api/forum/dm/95870ccb-6248-4140-95c9-f85b1e77a34b - 200 null application/json; charset=utf-8 233.7164ms
2026-05-10 18:22:20.850 +05:30 [INF] Request starting HTTP/1.1 OPTIONS http://localhost:5283/api/dashboard/alerts - null null
2026-05-10 18:22:20.851 +05:30 [INF] CORS policy execution successful.
2026-05-10 18:22:20.851 +05:30 [INF] HTTP OPTIONS /api/dashboard/alerts responded 204 in 0.1185 ms
2026-05-10 18:22:20.851 +05:30 [INF] Request finished HTTP/1.1 OPTIONS http://localhost:5283/api/dashboard/alerts - 204 null null 0.4564ms
2026-05-10 18:22:20.855 +05:30 [INF] Request starting HTTP/1.1 GET http://localhost:5283/api/dashboard/alerts - null null
2026-05-10 18:22:20.855 +05:30 [INF] CORS policy execution successful.
2026-05-10 18:22:20.856 +05:30 [INF] Executing endpoint 'TradingJournal.API.Controllers.DashboardController.GetAlert (TradingJournal.API)'
2026-05-10 18:22:20.856 +05:30 [INF] Route matched with {action = "GetAlert", controller = "Dashboard"}. Executing controller action with signature System.Threading.Tasks.Task`1[Microsoft.AspNetCore.Mvc.ActionResult`1[TradingJournal.Application.DTOs.Analytics.AlertDto]] GetAlert() on controller TradingJournal.API.Controllers.DashboardController (TradingJournal.API).
2026-05-10 18:22:20.856 +05:30 [INF] Fetching alert settings for user: "0a478092-7251-4b11-a785-05efbf8ad1f6"
2026-05-10 18:22:20.949 +05:30 [INF] Executed DbCommand (3ms) [Parameters=[@userId='?' (DbType = Guid)], CommandType='"Text"', CommandTimeout='300']
SELECT a."Id", a."CreatedAt", a."DailyLossLimit", a."Email", a."EmailAlertEnabled", a."IsActive", a."IsDeleted", a."MaxDrawdownPercent", a."MaxTradesPerDay", a."UpdatedAt", a."UserId"
FROM "Alerts" AS a
WHERE a."UserId" = @userId
LIMIT 1
2026-05-10 18:22:20.950 +05:30 [INF] Executing OkObjectResult, writing value of type 'null'.
2026-05-10 18:22:20.950 +05:30 [INF] Executed action TradingJournal.API.Controllers.DashboardController.GetAlert (TradingJournal.API) in 94.3084ms
2026-05-10 18:22:20.951 +05:30 [INF] Executed endpoint 'TradingJournal.API.Controllers.DashboardController.GetAlert (TradingJournal.API)'
2026-05-10 18:22:20.951 +05:30 [INF] HTTP GET /api/dashboard/alerts responded 204 in 95.3067 ms
2026-05-10 18:22:20.951 +05:30 [INF] Request finished HTTP/1.1 GET http://localhost:5283/api/dashboard/alerts - 204 null null 95.6595ms
2026-05-10 18:22:44.379 +05:30 [INF] Request starting HTTP/1.1 OPTIONS http://localhost:5283/api/admin/users - null null
2026-05-10 18:22:44.379 +05:30 [INF] CORS policy execution successful.
2026-05-10 18:22:44.380 +05:30 [INF] HTTP OPTIONS /api/admin/users responded 204 in 0.1107 ms
2026-05-10 18:22:44.380 +05:30 [INF] Request finished HTTP/1.1 OPTIONS http://localhost:5283/api/admin/users - 204 null null 0.6058ms
2026-05-10 18:22:44.383 +05:30 [INF] Request starting HTTP/1.1 GET http://localhost:5283/api/admin/users - null null
2026-05-10 18:22:44.384 +05:30 [INF] CORS policy execution successful.
2026-05-10 18:22:44.385 +05:30 [INF] Executing endpoint 'TradingJournal.API.Controllers.AdminController.GetAllUsers (TradingJournal.API)'
2026-05-10 18:22:44.397 +05:30 [INF] Route matched with {action = "GetAllUsers", controller = "Admin"}. Executing controller action with signature System.Threading.Tasks.Task`1[Microsoft.AspNetCore.Mvc.ActionResult`1[System.Collections.Generic.List`1[TradingJournal.Application.DTOs.Auth.UserInfoDto]]] GetAllUsers() on controller TradingJournal.API.Controllers.AdminController (TradingJournal.API).
2026-05-10 18:22:44.400 +05:30 [INF] Admin fetching all users.
2026-05-10 18:22:44.480 +05:30 [INF] Executed DbCommand (4ms) [Parameters=[], CommandType='"Text"', CommandTimeout='300']
SELECT u."Id", u."AccountBalance", u."AllowedSections", u."CreatedAt", u."Email", u."FirstName", u."IsActive", u."IsDeleted", u."LastName", u."PasswordHash", u."ProfileImageUrl", u."RefreshToken", u."RefreshTokenExpiry", u."Role", u."UpdatedAt"
FROM "Users" AS u
WHERE NOT (u."IsDeleted")
2026-05-10 18:22:44.482 +05:30 [INF] Successfully fetched 2 users.
2026-05-10 18:22:44.482 +05:30 [INF] Executing OkObjectResult, writing value of type 'System.Collections.Generic.List`1[[TradingJournal.Application.DTOs.Auth.UserInfoDto, TradingJournal.Application, Version=1.0.0.0, Culture=neutral, PublicKeyToken=null]]'.
2026-05-10 18:22:44.483 +05:30 [INF] Executed action TradingJournal.API.Controllers.AdminController.GetAllUsers (TradingJournal.API) in 85.6497ms
2026-05-10 18:22:44.483 +05:30 [INF] Executed endpoint 'TradingJournal.API.Controllers.AdminController.GetAllUsers (TradingJournal.API)'
2026-05-10 18:22:44.483 +05:30 [INF] HTTP GET /api/admin/users responded 200 in 99.8998 ms
2026-05-10 18:22:44.484 +05:30 [INF] Request finished HTTP/1.1 GET http://localhost:5283/api/admin/users - 200 null application/json; charset=utf-8 100.2408ms
2026-05-10 18:23:14.005 +05:30 [INF] Request starting HTTP/1.1 OPTIONS http://localhost:5283/hubs/chat/negotiate?access_token=eyJhbGciOiJIUzI1NiIsInR5cCI6IkpXVCJ9.eyJzdWIiOiIwYTQ3ODA5Mi03MjUxLTRiMTEtYTc4NS0wNWVmYmY4YWQxZjYiLCJlbWFpbCI6ImFkbWluQHRyYWRpbmdqb3VybmFsLmNvbSIsImh0dHA6Ly9zY2hlbWFzLm1pY3Jvc29mdC5jb20vd3MvMjAwOC8wNi9pZGVudGl0eS9jbGFpbXMvcm9sZSI6IkFkbWluIiwiZmlyc3ROYW1lIjoiQWRtaW4iLCJsYXN0TmFtZSI6IlVzZXIiLCJqdGkiOiI1M2E4NGNjNi0yMDM1LTRhMGMtYjBlZS1iNmJhZDczZTI5NDkiLCJleHAiOjE3Nzg0MjExMDQsImlzcyI6IlRyYWRpbmdKb3VybmFsQVBJIiwiYXVkIjoiVHJhZGluZ0pvdXJuYWxDbGllbnQifQ.j6N34JCpZfUyNcOXf8YogYhvMgQ-22jOK-nTIi_0xSk&negotiateVersion=1 - null null
2026-05-10 18:23:14.006 +05:30 [INF] CORS policy execution successful.
2026-05-10 18:23:14.006 +05:30 [INF] HTTP OPTIONS /hubs/chat/negotiate responded 204 in 0.1243 ms
2026-05-10 18:23:14.006 +05:30 [INF] Request finished HTTP/1.1 OPTIONS http://localhost:5283/hubs/chat/negotiate?access_token=eyJhbGciOiJIUzI1NiIsInR5cCI6IkpXVCJ9.eyJzdWIiOiIwYTQ3ODA5Mi03MjUxLTRiMTEtYTc4NS0wNWVmYmY4YWQxZjYiLCJlbWFpbCI6ImFkbWluQHRyYWRpbmdqb3VybmFsLmNvbSIsImh0dHA6Ly9zY2hlbWFzLm1pY3Jvc29mdC5jb20vd3MvMjAwOC8wNi9pZGVudGl0eS9jbGFpbXMvcm9sZSI6IkFkbWluIiwiZmlyc3ROYW1lIjoiQWRtaW4iLCJsYXN0TmFtZSI6IlVzZXIiLCJqdGkiOiI1M2E4NGNjNi0yMDM1LTRhMGMtYjBlZS1iNmJhZDczZTI5NDkiLCJleHAiOjE3Nzg0MjExMDQsImlzcyI6IlRyYWRpbmdKb3VybmFsQVBJIiwiYXVkIjoiVHJhZGluZ0pvdXJuYWxDbGllbnQifQ.j6N34JCpZfUyNcOXf8YogYhvMgQ-22jOK-nTIi_0xSk&negotiateVersion=1 - 204 null null 0.5478ms
2026-05-10 18:23:14.007 +05:30 [INF] Request starting HTTP/1.1 OPTIONS http://localhost:5283/api/forum/public?page=1&pageSize=50 - null null
2026-05-10 18:23:14.007 +05:30 [INF] CORS policy execution successful.
2026-05-10 18:23:14.008 +05:30 [INF] HTTP OPTIONS /api/forum/public responded 204 in 0.1417 ms
2026-05-10 18:23:14.008 +05:30 [INF] Request finished HTTP/1.1 OPTIONS http://localhost:5283/api/forum/public?page=1&pageSize=50 - 204 null null 0.5535ms
2026-05-10 18:23:14.018 +05:30 [INF] Request starting HTTP/1.1 GET http://localhost:5283/api/forum/public?page=1&pageSize=50 - null null
2026-05-10 18:23:14.019 +05:30 [INF] CORS policy execution successful.
2026-05-10 18:23:14.019 +05:30 [INF] Executing endpoint 'TradingJournal.API.Controllers.ForumController.GetPublicMessages (TradingJournal.API)'
2026-05-10 18:23:14.020 +05:30 [INF] Route matched with {action = "GetPublicMessages", controller = "Forum"}. Executing controller action with signature System.Threading.Tasks.Task`1[Microsoft.AspNetCore.Mvc.IActionResult] GetPublicMessages(Int32, Int32) on controller TradingJournal.API.Controllers.ForumController (TradingJournal.API).
2026-05-10 18:23:14.105 +05:30 [INF] Executed DbCommand (4ms) [Parameters=[@p1='?' (DbType = Int32), @p='?' (DbType = Int32)], CommandType='"Text"', CommandTimeout='300']
SELECT f0."Id", f0."AuthorId", f0."ChannelType", f0."Content", f0."CreatedAt", f0."EditedAt", f0."IsDeleted", f0."IsEdited", f0."IsRead", f0."ParentMessageId", f0."ReceiverId", f0."SenderId", f0."UpdatedAt", u0."Id", u0."AccountBalance", u0."AllowedSections", u0."CreatedAt", u0."Email", u0."FirstName", u0."IsActive", u0."IsDeleted", u0."LastName", u0."PasswordHash", u0."ProfileImageUrl", u0."RefreshToken", u0."RefreshTokenExpiry", u0."Role", u0."UpdatedAt", f2."Id", f2."AuthorId", f2."ChannelType", f2."Content", f2."CreatedAt", f2."EditedAt", f2."IsDeleted", f2."IsEdited", f2."IsRead", f2."ParentMessageId", f2."ReceiverId", f2."SenderId", f2."UpdatedAt"
FROM (
    SELECT f."Id", f."AuthorId", f."ChannelType", f."Content", f."CreatedAt", f."EditedAt", f."IsDeleted", f."IsEdited", f."IsRead", f."ParentMessageId", f."ReceiverId", f."SenderId", f."UpdatedAt"
    FROM "ForumMessages" AS f
    WHERE NOT (f."IsDeleted") AND f."ChannelType" = 1 AND f."ParentMessageId" IS NULL
    ORDER BY f."CreatedAt" DESC
    LIMIT @p1 OFFSET @p
) AS f0
INNER JOIN (
    SELECT u."Id", u."AccountBalance", u."AllowedSections", u."CreatedAt", u."Email", u."FirstName", u."IsActive", u."IsDeleted", u."LastName", u."PasswordHash", u."ProfileImageUrl", u."RefreshToken", u."RefreshTokenExpiry", u."Role", u."UpdatedAt"
    FROM "Users" AS u
    WHERE NOT (u."IsDeleted")
) AS u0 ON f0."AuthorId" = u0."Id"
LEFT JOIN (
    SELECT f1."Id", f1."AuthorId", f1."ChannelType", f1."Content", f1."CreatedAt", f1."EditedAt", f1."IsDeleted", f1."IsEdited", f1."IsRead", f1."ParentMessageId", f1."ReceiverId", f1."SenderId", f1."UpdatedAt"
    FROM "ForumMessages" AS f1
    WHERE NOT (f1."IsDeleted")
) AS f2 ON f0."Id" = f2."ParentMessageId"
ORDER BY f0."CreatedAt" DESC, f0."Id", u0."Id"
2026-05-10 18:23:14.176 +05:30 [INF] Executed DbCommand (3ms) [Parameters=[], CommandType='"Text"', CommandTimeout='300']
SELECT count(*)::int
FROM "ForumMessages" AS f
WHERE NOT (f."IsDeleted") AND f."ChannelType" = 1 AND f."ParentMessageId" IS NULL
2026-05-10 18:23:14.177 +05:30 [INF] Executing OkObjectResult, writing value of type '<>f__AnonymousType2`2[[System.Collections.Generic.List`1[[TradingJournal.Application.DTOs.Forum.ForumMessageDto, TradingJournal.Application, Version=1.0.0.0, Culture=neutral, PublicKeyToken=null]], System.Private.CoreLib, Version=10.0.0.0, Culture=neutral, PublicKeyToken=7cec85d7bea7798e],[System.Int32, System.Private.CoreLib, Version=10.0.0.0, Culture=neutral, PublicKeyToken=7cec85d7bea7798e]]'.
2026-05-10 18:23:14.177 +05:30 [INF] Executed action TradingJournal.API.Controllers.ForumController.GetPublicMessages (TradingJournal.API) in 157.5115ms
2026-05-10 18:23:14.178 +05:30 [INF] Executed endpoint 'TradingJournal.API.Controllers.ForumController.GetPublicMessages (TradingJournal.API)'
2026-05-10 18:23:14.178 +05:30 [INF] HTTP GET /api/forum/public responded 200 in 159.2274 ms
2026-05-10 18:23:14.178 +05:30 [INF] Request finished HTTP/1.1 GET http://localhost:5283/api/forum/public?page=1&pageSize=50 - 200 null application/json; charset=utf-8 159.6081ms
2026-05-10 18:23:15.481 +05:30 [INF] Request starting HTTP/1.1 OPTIONS http://localhost:5283/api/announcements?page=1&pageSize=50 - null null
2026-05-10 18:23:15.481 +05:30 [INF] CORS policy execution successful.
2026-05-10 18:23:15.481 +05:30 [INF] HTTP OPTIONS /api/announcements responded 204 in 0.1168 ms
2026-05-10 18:23:15.481 +05:30 [INF] Request finished HTTP/1.1 OPTIONS http://localhost:5283/api/announcements?page=1&pageSize=50 - 204 null null 0.4629ms
2026-05-10 18:23:15.486 +05:30 [INF] Request starting HTTP/1.1 GET http://localhost:5283/api/announcements?page=1&pageSize=50 - null null
2026-05-10 18:23:15.486 +05:30 [INF] CORS policy execution successful.
2026-05-10 18:23:15.487 +05:30 [INF] Executing endpoint 'TradingJournal.API.Controllers.AnnouncementsController.GetAll (TradingJournal.API)'
2026-05-10 18:23:15.487 +05:30 [INF] Route matched with {action = "GetAll", controller = "Announcements"}. Executing controller action with signature System.Threading.Tasks.Task`1[Microsoft.AspNetCore.Mvc.IActionResult] GetAll(Int32, Int32) on controller TradingJournal.API.Controllers.AnnouncementsController (TradingJournal.API).
2026-05-10 18:23:15.564 +05:30 [INF] Executed DbCommand (6ms) [Parameters=[@p1='?' (DbType = Int32), @p='?' (DbType = Int32)], CommandType='"Text"', CommandTimeout='300']
SELECT a0."Id", a0."AdminId", a0."Content", a0."CreatedAt", a0."IsDeleted", a0."Priority", a0."Title", a0."UpdatedAt", u0."Id", u0."AccountBalance", u0."AllowedSections", u0."CreatedAt", u0."Email", u0."FirstName", u0."IsActive", u0."IsDeleted", u0."LastName", u0."PasswordHash", u0."ProfileImageUrl", u0."RefreshToken", u0."RefreshTokenExpiry", u0."Role", u0."UpdatedAt"
FROM (
    SELECT a."Id", a."AdminId", a."Content", a."CreatedAt", a."IsDeleted", a."Priority", a."Title", a."UpdatedAt"
    FROM "Announcements" AS a
    WHERE NOT (a."IsDeleted")
    ORDER BY a."CreatedAt" DESC
    LIMIT @p1 OFFSET @p
) AS a0
INNER JOIN (
    SELECT u."Id", u."AccountBalance", u."AllowedSections", u."CreatedAt", u."Email", u."FirstName", u."IsActive", u."IsDeleted", u."LastName", u."PasswordHash", u."ProfileImageUrl", u."RefreshToken", u."RefreshTokenExpiry", u."Role", u."UpdatedAt"
    FROM "Users" AS u
    WHERE NOT (u."IsDeleted")
) AS u0 ON a0."AdminId" = u0."Id"
ORDER BY a0."CreatedAt" DESC
2026-05-10 18:23:15.628 +05:30 [INF] Executed DbCommand (3ms) [Parameters=[], CommandType='"Text"', CommandTimeout='300']
SELECT count(*)::int
FROM "Announcements" AS a
WHERE NOT (a."IsDeleted")
2026-05-10 18:23:15.629 +05:30 [INF] Executing OkObjectResult, writing value of type '<>f__AnonymousType1`2[[System.Collections.Generic.List`1[[TradingJournal.Application.DTOs.Forum.AnnouncementDto, TradingJournal.Application, Version=1.0.0.0, Culture=neutral, PublicKeyToken=null]], System.Private.CoreLib, Version=10.0.0.0, Culture=neutral, PublicKeyToken=7cec85d7bea7798e],[System.Int32, System.Private.CoreLib, Version=10.0.0.0, Culture=neutral, PublicKeyToken=7cec85d7bea7798e]]'.
2026-05-10 18:23:15.629 +05:30 [INF] Executed action TradingJournal.API.Controllers.AnnouncementsController.GetAll (TradingJournal.API) in 142.0434ms
2026-05-10 18:23:15.629 +05:30 [INF] Executed endpoint 'TradingJournal.API.Controllers.AnnouncementsController.GetAll (TradingJournal.API)'
2026-05-10 18:23:15.629 +05:30 [INF] HTTP GET /api/announcements responded 200 in 143.3337 ms
2026-05-10 18:23:15.629 +05:30 [INF] Request finished HTTP/1.1 GET http://localhost:5283/api/announcements?page=1&pageSize=50 - 200 null application/json; charset=utf-8 143.6201ms
2026-05-10 18:23:43.633 +05:30 [INF] Request starting HTTP/1.1 OPTIONS http://localhost:5283/api/forum/public?page=1&pageSize=50 - null null
2026-05-10 18:23:43.634 +05:30 [INF] CORS policy execution successful.
2026-05-10 18:23:43.634 +05:30 [INF] HTTP OPTIONS /api/forum/public responded 204 in 0.0991 ms
2026-05-10 18:23:43.634 +05:30 [INF] Request finished HTTP/1.1 OPTIONS http://localhost:5283/api/forum/public?page=1&pageSize=50 - 204 null null 0.4626ms
2026-05-10 18:23:43.638 +05:30 [INF] Request starting HTTP/1.1 GET http://localhost:5283/api/forum/public?page=1&pageSize=50 - null null
2026-05-10 18:23:43.638 +05:30 [INF] CORS policy execution successful.
2026-05-10 18:23:43.639 +05:30 [INF] Executing endpoint 'TradingJournal.API.Controllers.ForumController.GetPublicMessages (TradingJournal.API)'
2026-05-10 18:23:43.640 +05:30 [INF] Route matched with {action = "GetPublicMessages", controller = "Forum"}. Executing controller action with signature System.Threading.Tasks.Task`1[Microsoft.AspNetCore.Mvc.IActionResult] GetPublicMessages(Int32, Int32) on controller TradingJournal.API.Controllers.ForumController (TradingJournal.API).
2026-05-10 18:23:43.717 +05:30 [INF] Executed DbCommand (4ms) [Parameters=[@p1='?' (DbType = Int32), @p='?' (DbType = Int32)], CommandType='"Text"', CommandTimeout='300']
SELECT f0."Id", f0."AuthorId", f0."ChannelType", f0."Content", f0."CreatedAt", f0."EditedAt", f0."IsDeleted", f0."IsEdited", f0."IsRead", f0."ParentMessageId", f0."ReceiverId", f0."SenderId", f0."UpdatedAt", u0."Id", u0."AccountBalance", u0."AllowedSections", u0."CreatedAt", u0."Email", u0."FirstName", u0."IsActive", u0."IsDeleted", u0."LastName", u0."PasswordHash", u0."ProfileImageUrl", u0."RefreshToken", u0."RefreshTokenExpiry", u0."Role", u0."UpdatedAt", f2."Id", f2."AuthorId", f2."ChannelType", f2."Content", f2."CreatedAt", f2."EditedAt", f2."IsDeleted", f2."IsEdited", f2."IsRead", f2."ParentMessageId", f2."ReceiverId", f2."SenderId", f2."UpdatedAt"
FROM (
    SELECT f."Id", f."AuthorId", f."ChannelType", f."Content", f."CreatedAt", f."EditedAt", f."IsDeleted", f."IsEdited", f."IsRead", f."ParentMessageId", f."ReceiverId", f."SenderId", f."UpdatedAt"
    FROM "ForumMessages" AS f
    WHERE NOT (f."IsDeleted") AND f."ChannelType" = 1 AND f."ParentMessageId" IS NULL
    ORDER BY f."CreatedAt" DESC
    LIMIT @p1 OFFSET @p
) AS f0
INNER JOIN (
    SELECT u."Id", u."AccountBalance", u."AllowedSections", u."CreatedAt", u."Email", u."FirstName", u."IsActive", u."IsDeleted", u."LastName", u."PasswordHash", u."ProfileImageUrl", u."RefreshToken", u."RefreshTokenExpiry", u."Role", u."UpdatedAt"
    FROM "Users" AS u
    WHERE NOT (u."IsDeleted")
) AS u0 ON f0."AuthorId" = u0."Id"
LEFT JOIN (
    SELECT f1."Id", f1."AuthorId", f1."ChannelType", f1."Content", f1."CreatedAt", f1."EditedAt", f1."IsDeleted", f1."IsEdited", f1."IsRead", f1."ParentMessageId", f1."ReceiverId", f1."SenderId", f1."UpdatedAt"
    FROM "ForumMessages" AS f1
    WHERE NOT (f1."IsDeleted")
) AS f2 ON f0."Id" = f2."ParentMessageId"
ORDER BY f0."CreatedAt" DESC, f0."Id", u0."Id"
2026-05-10 18:23:43.778 +05:30 [INF] Executed DbCommand (3ms) [Parameters=[], CommandType='"Text"', CommandTimeout='300']
SELECT count(*)::int
FROM "ForumMessages" AS f
WHERE NOT (f."IsDeleted") AND f."ChannelType" = 1 AND f."ParentMessageId" IS NULL
2026-05-10 18:23:43.779 +05:30 [INF] Executing OkObjectResult, writing value of type '<>f__AnonymousType2`2[[System.Collections.Generic.List`1[[TradingJournal.Application.DTOs.Forum.ForumMessageDto, TradingJournal.Application, Version=1.0.0.0, Culture=neutral, PublicKeyToken=null]], System.Private.CoreLib, Version=10.0.0.0, Culture=neutral, PublicKeyToken=7cec85d7bea7798e],[System.Int32, System.Private.CoreLib, Version=10.0.0.0, Culture=neutral, PublicKeyToken=7cec85d7bea7798e]]'.
2026-05-10 18:23:43.779 +05:30 [INF] Executed action TradingJournal.API.Controllers.ForumController.GetPublicMessages (TradingJournal.API) in 139.2984ms
2026-05-10 18:23:43.779 +05:30 [INF] Executed endpoint 'TradingJournal.API.Controllers.ForumController.GetPublicMessages (TradingJournal.API)'
2026-05-10 18:23:43.779 +05:30 [INF] HTTP GET /api/forum/public responded 200 in 140.8716 ms
2026-05-10 18:23:43.779 +05:30 [INF] Request finished HTTP/1.1 GET http://localhost:5283/api/forum/public?page=1&pageSize=50 - 200 null application/json; charset=utf-8 141.2627ms
2026-05-10 18:23:46.347 +05:30 [INF] Request starting HTTP/1.1 OPTIONS http://localhost:5283/api/announcements?page=1&pageSize=50 - null null
2026-05-10 18:23:46.347 +05:30 [INF] CORS policy execution successful.
2026-05-10 18:23:46.347 +05:30 [INF] HTTP OPTIONS /api/announcements responded 204 in 0.1214 ms
2026-05-10 18:23:46.347 +05:30 [INF] Request finished HTTP/1.1 OPTIONS http://localhost:5283/api/announcements?page=1&pageSize=50 - 204 null null 0.3866ms
2026-05-10 18:23:46.351 +05:30 [INF] Request starting HTTP/1.1 GET http://localhost:5283/api/announcements?page=1&pageSize=50 - null null
2026-05-10 18:23:46.351 +05:30 [INF] CORS policy execution successful.
2026-05-10 18:23:46.352 +05:30 [INF] Executing endpoint 'TradingJournal.API.Controllers.AnnouncementsController.GetAll (TradingJournal.API)'
2026-05-10 18:23:46.353 +05:30 [INF] Route matched with {action = "GetAll", controller = "Announcements"}. Executing controller action with signature System.Threading.Tasks.Task`1[Microsoft.AspNetCore.Mvc.IActionResult] GetAll(Int32, Int32) on controller TradingJournal.API.Controllers.AnnouncementsController (TradingJournal.API).
2026-05-10 18:23:46.426 +05:30 [INF] Executed DbCommand (3ms) [Parameters=[@p1='?' (DbType = Int32), @p='?' (DbType = Int32)], CommandType='"Text"', CommandTimeout='300']
SELECT a0."Id", a0."AdminId", a0."Content", a0."CreatedAt", a0."IsDeleted", a0."Priority", a0."Title", a0."UpdatedAt", u0."Id", u0."AccountBalance", u0."AllowedSections", u0."CreatedAt", u0."Email", u0."FirstName", u0."IsActive", u0."IsDeleted", u0."LastName", u0."PasswordHash", u0."ProfileImageUrl", u0."RefreshToken", u0."RefreshTokenExpiry", u0."Role", u0."UpdatedAt"
FROM (
    SELECT a."Id", a."AdminId", a."Content", a."CreatedAt", a."IsDeleted", a."Priority", a."Title", a."UpdatedAt"
    FROM "Announcements" AS a
    WHERE NOT (a."IsDeleted")
    ORDER BY a."CreatedAt" DESC
    LIMIT @p1 OFFSET @p
) AS a0
INNER JOIN (
    SELECT u."Id", u."AccountBalance", u."AllowedSections", u."CreatedAt", u."Email", u."FirstName", u."IsActive", u."IsDeleted", u."LastName", u."PasswordHash", u."ProfileImageUrl", u."RefreshToken", u."RefreshTokenExpiry", u."Role", u."UpdatedAt"
    FROM "Users" AS u
    WHERE NOT (u."IsDeleted")
) AS u0 ON a0."AdminId" = u0."Id"
ORDER BY a0."CreatedAt" DESC
2026-05-10 18:23:46.483 +05:30 [INF] Executed DbCommand (2ms) [Parameters=[], CommandType='"Text"', CommandTimeout='300']
SELECT count(*)::int
FROM "Announcements" AS a
WHERE NOT (a."IsDeleted")
2026-05-10 18:23:46.484 +05:30 [INF] Executing OkObjectResult, writing value of type '<>f__AnonymousType1`2[[System.Collections.Generic.List`1[[TradingJournal.Application.DTOs.Forum.AnnouncementDto, TradingJournal.Application, Version=1.0.0.0, Culture=neutral, PublicKeyToken=null]], System.Private.CoreLib, Version=10.0.0.0, Culture=neutral, PublicKeyToken=7cec85d7bea7798e],[System.Int32, System.Private.CoreLib, Version=10.0.0.0, Culture=neutral, PublicKeyToken=7cec85d7bea7798e]]'.
2026-05-10 18:23:46.484 +05:30 [INF] Executed action TradingJournal.API.Controllers.AnnouncementsController.GetAll (TradingJournal.API) in 130.8589ms
2026-05-10 18:23:46.484 +05:30 [INF] Executed endpoint 'TradingJournal.API.Controllers.AnnouncementsController.GetAll (TradingJournal.API)'
2026-05-10 18:23:46.484 +05:30 [INF] HTTP GET /api/announcements responded 200 in 132.7860 ms
2026-05-10 18:23:46.484 +05:30 [INF] Request finished HTTP/1.1 GET http://localhost:5283/api/announcements?page=1&pageSize=50 - 200 null application/json; charset=utf-8 133.0708ms
2026-05-10 18:23:47.697 +05:30 [INF] Request starting HTTP/1.1 GET http://localhost:5283/api/forum/public?page=1&pageSize=50 - null null
2026-05-10 18:23:47.697 +05:30 [INF] CORS policy execution successful.
2026-05-10 18:23:47.697 +05:30 [INF] Executing endpoint 'TradingJournal.API.Controllers.ForumController.GetPublicMessages (TradingJournal.API)'
2026-05-10 18:23:47.698 +05:30 [INF] Route matched with {action = "GetPublicMessages", controller = "Forum"}. Executing controller action with signature System.Threading.Tasks.Task`1[Microsoft.AspNetCore.Mvc.IActionResult] GetPublicMessages(Int32, Int32) on controller TradingJournal.API.Controllers.ForumController (TradingJournal.API).
2026-05-10 18:23:47.770 +05:30 [INF] Executed DbCommand (4ms) [Parameters=[@p1='?' (DbType = Int32), @p='?' (DbType = Int32)], CommandType='"Text"', CommandTimeout='300']
SELECT f0."Id", f0."AuthorId", f0."ChannelType", f0."Content", f0."CreatedAt", f0."EditedAt", f0."IsDeleted", f0."IsEdited", f0."IsRead", f0."ParentMessageId", f0."ReceiverId", f0."SenderId", f0."UpdatedAt", u0."Id", u0."AccountBalance", u0."AllowedSections", u0."CreatedAt", u0."Email", u0."FirstName", u0."IsActive", u0."IsDeleted", u0."LastName", u0."PasswordHash", u0."ProfileImageUrl", u0."RefreshToken", u0."RefreshTokenExpiry", u0."Role", u0."UpdatedAt", f2."Id", f2."AuthorId", f2."ChannelType", f2."Content", f2."CreatedAt", f2."EditedAt", f2."IsDeleted", f2."IsEdited", f2."IsRead", f2."ParentMessageId", f2."ReceiverId", f2."SenderId", f2."UpdatedAt"
FROM (
    SELECT f."Id", f."AuthorId", f."ChannelType", f."Content", f."CreatedAt", f."EditedAt", f."IsDeleted", f."IsEdited", f."IsRead", f."ParentMessageId", f."ReceiverId", f."SenderId", f."UpdatedAt"
    FROM "ForumMessages" AS f
    WHERE NOT (f."IsDeleted") AND f."ChannelType" = 1 AND f."ParentMessageId" IS NULL
    ORDER BY f."CreatedAt" DESC
    LIMIT @p1 OFFSET @p
) AS f0
INNER JOIN (
    SELECT u."Id", u."AccountBalance", u."AllowedSections", u."CreatedAt", u."Email", u."FirstName", u."IsActive", u."IsDeleted", u."LastName", u."PasswordHash", u."ProfileImageUrl", u."RefreshToken", u."RefreshTokenExpiry", u."Role", u."UpdatedAt"
    FROM "Users" AS u
    WHERE NOT (u."IsDeleted")
) AS u0 ON f0."AuthorId" = u0."Id"
LEFT JOIN (
    SELECT f1."Id", f1."AuthorId", f1."ChannelType", f1."Content", f1."CreatedAt", f1."EditedAt", f1."IsDeleted", f1."IsEdited", f1."IsRead", f1."ParentMessageId", f1."ReceiverId", f1."SenderId", f1."UpdatedAt"
    FROM "ForumMessages" AS f1
    WHERE NOT (f1."IsDeleted")
) AS f2 ON f0."Id" = f2."ParentMessageId"
ORDER BY f0."CreatedAt" DESC, f0."Id", u0."Id"
2026-05-10 18:23:47.829 +05:30 [INF] Executed DbCommand (3ms) [Parameters=[], CommandType='"Text"', CommandTimeout='300']
SELECT count(*)::int
FROM "ForumMessages" AS f
WHERE NOT (f."IsDeleted") AND f."ChannelType" = 1 AND f."ParentMessageId" IS NULL
2026-05-10 18:23:47.830 +05:30 [INF] Executing OkObjectResult, writing value of type '<>f__AnonymousType2`2[[System.Collections.Generic.List`1[[TradingJournal.Application.DTOs.Forum.ForumMessageDto, TradingJournal.Application, Version=1.0.0.0, Culture=neutral, PublicKeyToken=null]], System.Private.CoreLib, Version=10.0.0.0, Culture=neutral, PublicKeyToken=7cec85d7bea7798e],[System.Int32, System.Private.CoreLib, Version=10.0.0.0, Culture=neutral, PublicKeyToken=7cec85d7bea7798e]]'.
2026-05-10 18:23:47.830 +05:30 [INF] Executed action TradingJournal.API.Controllers.ForumController.GetPublicMessages (TradingJournal.API) in 132.7198ms
2026-05-10 18:23:47.830 +05:30 [INF] Executed endpoint 'TradingJournal.API.Controllers.ForumController.GetPublicMessages (TradingJournal.API)'
2026-05-10 18:23:47.831 +05:30 [INF] HTTP GET /api/forum/public responded 200 in 133.4440 ms
2026-05-10 18:23:47.831 +05:30 [INF] Request finished HTTP/1.1 GET http://localhost:5283/api/forum/public?page=1&pageSize=50 - 200 null application/json; charset=utf-8 133.6957ms
2026-05-10 18:23:58.581 +05:30 [INF] Request starting HTTP/1.1 OPTIONS http://localhost:5283/api/dashboard/alerts - null null
2026-05-10 18:23:58.582 +05:30 [INF] CORS policy execution successful.
2026-05-10 18:23:58.582 +05:30 [INF] HTTP OPTIONS /api/dashboard/alerts responded 204 in 0.0888 ms
2026-05-10 18:23:58.582 +05:30 [INF] Request finished HTTP/1.1 OPTIONS http://localhost:5283/api/dashboard/alerts - 204 null null 0.3528ms
2026-05-10 18:23:58.587 +05:30 [INF] Request starting HTTP/1.1 GET http://localhost:5283/api/dashboard/alerts - null null
2026-05-10 18:23:58.587 +05:30 [INF] CORS policy execution successful.
2026-05-10 18:23:58.588 +05:30 [INF] Executing endpoint 'TradingJournal.API.Controllers.DashboardController.GetAlert (TradingJournal.API)'
2026-05-10 18:23:58.588 +05:30 [INF] Route matched with {action = "GetAlert", controller = "Dashboard"}. Executing controller action with signature System.Threading.Tasks.Task`1[Microsoft.AspNetCore.Mvc.ActionResult`1[TradingJournal.Application.DTOs.Analytics.AlertDto]] GetAlert() on controller TradingJournal.API.Controllers.DashboardController (TradingJournal.API).
2026-05-10 18:23:58.589 +05:30 [INF] Fetching alert settings for user: "0a478092-7251-4b11-a785-05efbf8ad1f6"
2026-05-10 18:23:58.662 +05:30 [INF] Executed DbCommand (3ms) [Parameters=[@userId='?' (DbType = Guid)], CommandType='"Text"', CommandTimeout='300']
SELECT a."Id", a."CreatedAt", a."DailyLossLimit", a."Email", a."EmailAlertEnabled", a."IsActive", a."IsDeleted", a."MaxDrawdownPercent", a."MaxTradesPerDay", a."UpdatedAt", a."UserId"
FROM "Alerts" AS a
WHERE a."UserId" = @userId
LIMIT 1
2026-05-10 18:23:58.663 +05:30 [INF] Executing OkObjectResult, writing value of type 'null'.
2026-05-10 18:23:58.664 +05:30 [INF] Executed action TradingJournal.API.Controllers.DashboardController.GetAlert (TradingJournal.API) in 75.1332ms
2026-05-10 18:23:58.664 +05:30 [INF] Executed endpoint 'TradingJournal.API.Controllers.DashboardController.GetAlert (TradingJournal.API)'
2026-05-10 18:23:58.664 +05:30 [INF] HTTP GET /api/dashboard/alerts responded 204 in 76.4345 ms
2026-05-10 18:23:58.664 +05:30 [INF] Request finished HTTP/1.1 GET http://localhost:5283/api/dashboard/alerts - 204 null null 76.8346ms
2026-05-10 18:23:59.106 +05:30 [INF] Request starting HTTP/1.1 OPTIONS http://localhost:5283/api/accounts - null null
2026-05-10 18:23:59.108 +05:30 [INF] CORS policy execution successful.
2026-05-10 18:23:59.108 +05:30 [INF] HTTP OPTIONS /api/accounts responded 204 in 0.3453 ms
2026-05-10 18:23:59.108 +05:30 [INF] Request finished HTTP/1.1 OPTIONS http://localhost:5283/api/accounts - 204 null null 1.4344ms
2026-05-10 18:23:59.112 +05:30 [INF] Request starting HTTP/1.1 GET http://localhost:5283/api/accounts - null null
2026-05-10 18:23:59.113 +05:30 [INF] CORS policy execution successful.
2026-05-10 18:23:59.113 +05:30 [INF] Executing endpoint 'TradingJournal.API.Controllers.TradingAccountController.GetAccounts (TradingJournal.API)'
2026-05-10 18:23:59.114 +05:30 [INF] Route matched with {action = "GetAccounts", controller = "TradingAccount"}. Executing controller action with signature System.Threading.Tasks.Task`1[Microsoft.AspNetCore.Mvc.ActionResult`1[System.Collections.Generic.List`1[TradingJournal.Application.DTOs.Accounts.TradingAccountDto]]] GetAccounts(System.Nullable`1[System.Guid]) on controller TradingJournal.API.Controllers.TradingAccountController (TradingJournal.API).
2026-05-10 18:23:59.115 +05:30 [INF] Getting trading accounts for user "0a478092-7251-4b11-a785-05efbf8ad1f6"
2026-05-10 18:23:59.199 +05:30 [INF] Executed DbCommand (4ms) [Parameters=[@userId='?' (DbType = Guid)], CommandType='"Text"', CommandTimeout='300']
SELECT t."Id", t."Balance", t."Broker", t."CreatedAt", t."Currency", t."DailyDrawdownLimitPct", t."Has5xLotRule", t."IsDefault", t."IsDeleted", t."IsPropFirm", t."MaxAllowedLotSize", t."MaxOverallLossPct", t."MaxRiskPerTradePctOfDailyLimit", t."MinTradingDays", t."Name", t."NewsTradeAllowed", t."ProfitSplitPct", t."ProfitTargetPct", t."PropFirmName", t."PropFirmPlan", t."UpdatedAt", t."UseDynamicEquity", t."UserId", t."WeekendHoldingAllowed"
FROM "TradingAccounts" AS t
WHERE NOT (t."IsDeleted") AND t."UserId" = @userId AND NOT (t."IsDeleted")
ORDER BY t."IsDefault" DESC, t."CreatedAt" DESC
2026-05-10 18:23:59.199 +05:30 [INF] Executing OkObjectResult, writing value of type 'System.Collections.Generic.List`1[[TradingJournal.Application.DTOs.Accounts.TradingAccountDto, TradingJournal.Application, Version=1.0.0.0, Culture=neutral, PublicKeyToken=null]]'.
2026-05-10 18:23:59.200 +05:30 [INF] Executed action TradingJournal.API.Controllers.TradingAccountController.GetAccounts (TradingJournal.API) in 85.9287ms
2026-05-10 18:23:59.200 +05:30 [INF] Executed endpoint 'TradingJournal.API.Controllers.TradingAccountController.GetAccounts (TradingJournal.API)'
2026-05-10 18:23:59.200 +05:30 [INF] HTTP GET /api/accounts responded 200 in 87.2000 ms
2026-05-10 18:23:59.200 +05:30 [INF] Request finished HTTP/1.1 GET http://localhost:5283/api/accounts - 200 null application/json; charset=utf-8 87.9626ms
2026-05-10 18:23:59.696 +05:30 [INF] Request starting HTTP/1.1 OPTIONS http://localhost:5283/api/instruments - null null
2026-05-10 18:23:59.696 +05:30 [INF] CORS policy execution successful.
2026-05-10 18:23:59.696 +05:30 [INF] HTTP OPTIONS /api/instruments responded 204 in 0.1390 ms
2026-05-10 18:23:59.696 +05:30 [INF] Request finished HTTP/1.1 OPTIONS http://localhost:5283/api/instruments - 204 null null 0.3629ms
2026-05-10 18:23:59.698 +05:30 [INF] Request starting HTTP/1.1 GET http://localhost:5283/api/accounts - null null
2026-05-10 18:23:59.699 +05:30 [INF] CORS policy execution successful.
2026-05-10 18:23:59.699 +05:30 [INF] Executing endpoint 'TradingJournal.API.Controllers.TradingAccountController.GetAccounts (TradingJournal.API)'
2026-05-10 18:23:59.699 +05:30 [INF] Route matched with {action = "GetAccounts", controller = "TradingAccount"}. Executing controller action with signature System.Threading.Tasks.Task`1[Microsoft.AspNetCore.Mvc.ActionResult`1[System.Collections.Generic.List`1[TradingJournal.Application.DTOs.Accounts.TradingAccountDto]]] GetAccounts(System.Nullable`1[System.Guid]) on controller TradingJournal.API.Controllers.TradingAccountController (TradingJournal.API).
2026-05-10 18:23:59.699 +05:30 [INF] Request starting HTTP/1.1 GET http://localhost:5283/api/instruments - null null
2026-05-10 18:23:59.699 +05:30 [INF] Getting trading accounts for user "0a478092-7251-4b11-a785-05efbf8ad1f6"
2026-05-10 18:23:59.700 +05:30 [INF] CORS policy execution successful.
2026-05-10 18:23:59.700 +05:30 [INF] Executing endpoint 'TradingJournal.API.Controllers.InstrumentsController.GetAll (TradingJournal.API)'
2026-05-10 18:23:59.700 +05:30 [INF] Route matched with {action = "GetAll", controller = "Instruments"}. Executing controller action with signature System.Threading.Tasks.Task`1[Microsoft.AspNetCore.Mvc.ActionResult`1[System.Collections.Generic.List`1[TradingJournal.Application.DTOs.Instruments.InstrumentDto]]] GetAll() on controller TradingJournal.API.Controllers.InstrumentsController (TradingJournal.API).
2026-05-10 18:23:59.700 +05:30 [INF] Fetching all instruments for user: "0a478092-7251-4b11-a785-05efbf8ad1f6"
2026-05-10 18:23:59.788 +05:30 [INF] Executed DbCommand (2ms) [Parameters=[@userId='?' (DbType = Guid)], CommandType='"Text"', CommandTimeout='300']
SELECT t."Id", t."Balance", t."Broker", t."CreatedAt", t."Currency", t."DailyDrawdownLimitPct", t."Has5xLotRule", t."IsDefault", t."IsDeleted", t."IsPropFirm", t."MaxAllowedLotSize", t."MaxOverallLossPct", t."MaxRiskPerTradePctOfDailyLimit", t."MinTradingDays", t."Name", t."NewsTradeAllowed", t."ProfitSplitPct", t."ProfitTargetPct", t."PropFirmName", t."PropFirmPlan", t."UpdatedAt", t."UseDynamicEquity", t."UserId", t."WeekendHoldingAllowed"
FROM "TradingAccounts" AS t
WHERE NOT (t."IsDeleted") AND t."UserId" = @userId AND NOT (t."IsDeleted")
ORDER BY t."IsDefault" DESC, t."CreatedAt" DESC
2026-05-10 18:23:59.789 +05:30 [INF] Executing OkObjectResult, writing value of type 'System.Collections.Generic.List`1[[TradingJournal.Application.DTOs.Accounts.TradingAccountDto, TradingJournal.Application, Version=1.0.0.0, Culture=neutral, PublicKeyToken=null]]'.
2026-05-10 18:23:59.789 +05:30 [INF] Executed action TradingJournal.API.Controllers.TradingAccountController.GetAccounts (TradingJournal.API) in 89.8324ms
2026-05-10 18:23:59.789 +05:30 [INF] Executed endpoint 'TradingJournal.API.Controllers.TradingAccountController.GetAccounts (TradingJournal.API)'
2026-05-10 18:23:59.789 +05:30 [INF] HTTP GET /api/accounts responded 200 in 90.4694 ms
2026-05-10 18:23:59.789 +05:30 [INF] Request finished HTTP/1.1 GET http://localhost:5283/api/accounts - 200 null application/json; charset=utf-8 90.7843ms
2026-05-10 18:23:59.799 +05:30 [INF] Executed DbCommand (3ms) [Parameters=[@userId='?' (DbType = Guid)], CommandType='"Text"', CommandTimeout='300']
SELECT i."Id", i."CreatedAt", i."Description", i."IsDeleted", i."MaxLot", i."Name", i."Notes", i."SafeLotSize", i."Symbol", i."UpdatedAt", i."UserId", i."VolatilityLevel"
FROM "Instruments" AS i
WHERE NOT (i."IsDeleted") AND i."UserId" = @userId
2026-05-10 18:23:59.871 +05:30 [INF] Executed DbCommand (3ms) [Parameters=[@userId='?' (DbType = Guid)], CommandType='"Text"', CommandTimeout='300']
SELECT t."Id", t."CreatedAt", t."EntryPrice", t."ExitPrice", t."InstrumentId", t."IsDeleted", t."LotSize", t."Notes", t."ProfitLoss", t."Result", t."RiskPercentage", t."RiskRewardRatio", t."StopLoss", t."Tags", t."TakeProfit", t."TradeDate", t."TradeDurationMinutes", t."TradeType", t."TradingAccountId", t."UpdatedAt", t."UserId", i0."Id", i0."CreatedAt", i0."Description", i0."IsDeleted", i0."MaxLot", i0."Name", i0."Notes", i0."SafeLotSize", i0."Symbol", i0."UpdatedAt", i0."UserId", i0."VolatilityLevel"
FROM "Trades" AS t
INNER JOIN (
    SELECT i."Id", i."CreatedAt", i."Description", i."IsDeleted", i."MaxLot", i."Name", i."Notes", i."SafeLotSize", i."Symbol", i."UpdatedAt", i."UserId", i."VolatilityLevel"
    FROM "Instruments" AS i
    WHERE NOT (i."IsDeleted")
) AS i0 ON t."InstrumentId" = i0."Id"
WHERE NOT (t."IsDeleted") AND t."UserId" = @userId
ORDER BY t."TradeDate"
2026-05-10 18:23:59.872 +05:30 [INF] Executing OkObjectResult, writing value of type 'System.Collections.Generic.List`1[[TradingJournal.Application.DTOs.Instruments.InstrumentDto, TradingJournal.Application, Version=1.0.0.0, Culture=neutral, PublicKeyToken=null]]'.
2026-05-10 18:23:59.872 +05:30 [INF] Executed action TradingJournal.API.Controllers.InstrumentsController.GetAll (TradingJournal.API) in 172.0343ms
2026-05-10 18:23:59.872 +05:30 [INF] Executed endpoint 'TradingJournal.API.Controllers.InstrumentsController.GetAll (TradingJournal.API)'
2026-05-10 18:23:59.872 +05:30 [INF] HTTP GET /api/instruments responded 200 in 172.7644 ms
2026-05-10 18:23:59.872 +05:30 [INF] Request finished HTTP/1.1 GET http://localhost:5283/api/instruments - 200 null application/json; charset=utf-8 172.9977ms
2026-05-10 18:24:02.483 +05:30 [INF] Request starting HTTP/1.1 OPTIONS http://localhost:5283/api/dashboard/prop-risk-calculate - null null
2026-05-10 18:24:02.483 +05:30 [INF] CORS policy execution successful.
2026-05-10 18:24:02.483 +05:30 [INF] HTTP OPTIONS /api/dashboard/prop-risk-calculate responded 204 in 0.1526 ms
2026-05-10 18:24:02.484 +05:30 [INF] Request finished HTTP/1.1 OPTIONS http://localhost:5283/api/dashboard/prop-risk-calculate - 204 null null 0.582ms
2026-05-10 18:24:02.487 +05:30 [INF] Request starting HTTP/1.1 POST http://localhost:5283/api/dashboard/prop-risk-calculate - application/json 116
2026-05-10 18:24:02.487 +05:30 [INF] CORS policy execution successful.
2026-05-10 18:24:02.488 +05:30 [INF] Executing endpoint 'TradingJournal.API.Controllers.DashboardController.CalculatePropRisk (TradingJournal.API)'
2026-05-10 18:24:02.502 +05:30 [INF] Route matched with {action = "CalculatePropRisk", controller = "Dashboard"}. Executing controller action with signature System.Threading.Tasks.Task`1[Microsoft.AspNetCore.Mvc.ActionResult`1[TradingJournal.Application.DTOs.Analytics.PropRiskResultDto]] CalculatePropRisk(TradingJournal.Application.DTOs.Analytics.PropRiskCalculationDto) on controller TradingJournal.API.Controllers.DashboardController (TradingJournal.API).
2026-05-10 18:24:02.524 +05:30 [INF] Calculating prop risk for user: "0a478092-7251-4b11-a785-05efbf8ad1f6"
2026-05-10 18:24:02.585 +05:30 [INF] Executed DbCommand (2ms) [Parameters=[@userId='?' (DbType = Guid)], CommandType='"Text"', CommandTimeout='300']
SELECT t."Id", t."Balance", t."Broker", t."CreatedAt", t."Currency", t."DailyDrawdownLimitPct", t."Has5xLotRule", t."IsDefault", t."IsDeleted", t."IsPropFirm", t."MaxAllowedLotSize", t."MaxOverallLossPct", t."MaxRiskPerTradePctOfDailyLimit", t."MinTradingDays", t."Name", t."NewsTradeAllowed", t."ProfitSplitPct", t."ProfitTargetPct", t."PropFirmName", t."PropFirmPlan", t."UpdatedAt", t."UseDynamicEquity", t."UserId", t."WeekendHoldingAllowed"
FROM "TradingAccounts" AS t
WHERE NOT (t."IsDeleted") AND t."UserId" = @userId AND t."IsDefault" AND NOT (t."IsDeleted")
LIMIT 1
2026-05-10 18:24:02.646 +05:30 [INF] Executed DbCommand (3ms) [Parameters=[@userId='?' (DbType = Guid)], CommandType='"Text"', CommandTimeout='300']
SELECT t."Id", t."Balance", t."Broker", t."CreatedAt", t."Currency", t."DailyDrawdownLimitPct", t."Has5xLotRule", t."IsDefault", t."IsDeleted", t."IsPropFirm", t."MaxAllowedLotSize", t."MaxOverallLossPct", t."MaxRiskPerTradePctOfDailyLimit", t."MinTradingDays", t."Name", t."NewsTradeAllowed", t."ProfitSplitPct", t."ProfitTargetPct", t."PropFirmName", t."PropFirmPlan", t."UpdatedAt", t."UseDynamicEquity", t."UserId", t."WeekendHoldingAllowed"
FROM "TradingAccounts" AS t
WHERE NOT (t."IsDeleted") AND t."UserId" = @userId AND NOT (t."IsDeleted")
ORDER BY t."CreatedAt" DESC
LIMIT 1
2026-05-10 18:24:02.650 +05:30 [INF] Executing OkObjectResult, writing value of type 'TradingJournal.Application.DTOs.Analytics.PropRiskResultDto'.
2026-05-10 18:24:02.656 +05:30 [INF] Executed action TradingJournal.API.Controllers.DashboardController.CalculatePropRisk (TradingJournal.API) in 153.9918ms
2026-05-10 18:24:02.656 +05:30 [INF] Executed endpoint 'TradingJournal.API.Controllers.DashboardController.CalculatePropRisk (TradingJournal.API)'
2026-05-10 18:24:02.656 +05:30 [INF] HTTP POST /api/dashboard/prop-risk-calculate responded 200 in 169.3887 ms
2026-05-10 18:24:02.657 +05:30 [INF] Request finished HTTP/1.1 POST http://localhost:5283/api/dashboard/prop-risk-calculate - 200 null application/json; charset=utf-8 169.8971ms
2026-05-10 18:24:47.488 +05:30 [INF] Request starting HTTP/1.1 OPTIONS http://localhost:5283/api/dashboard/prop-risk-calculate - null null
2026-05-10 18:24:47.488 +05:30 [INF] CORS policy execution successful.
2026-05-10 18:24:47.488 +05:30 [INF] HTTP OPTIONS /api/dashboard/prop-risk-calculate responded 204 in 0.1074 ms
2026-05-10 18:24:47.488 +05:30 [INF] Request finished HTTP/1.1 OPTIONS http://localhost:5283/api/dashboard/prop-risk-calculate - 204 null null 0.4276ms
2026-05-10 18:24:47.491 +05:30 [INF] Request starting HTTP/1.1 POST http://localhost:5283/api/dashboard/prop-risk-calculate - application/json 177
2026-05-10 18:24:47.491 +05:30 [INF] CORS policy execution successful.
2026-05-10 18:24:47.492 +05:30 [INF] Executing endpoint 'TradingJournal.API.Controllers.DashboardController.CalculatePropRisk (TradingJournal.API)'
2026-05-10 18:24:47.492 +05:30 [INF] Route matched with {action = "CalculatePropRisk", controller = "Dashboard"}. Executing controller action with signature System.Threading.Tasks.Task`1[Microsoft.AspNetCore.Mvc.ActionResult`1[TradingJournal.Application.DTOs.Analytics.PropRiskResultDto]] CalculatePropRisk(TradingJournal.Application.DTOs.Analytics.PropRiskCalculationDto) on controller TradingJournal.API.Controllers.DashboardController (TradingJournal.API).
2026-05-10 18:24:47.495 +05:30 [INF] Calculating prop risk for user: "0a478092-7251-4b11-a785-05efbf8ad1f6"
2026-05-10 18:24:47.574 +05:30 [INF] Executed DbCommand (2ms) [Parameters=[@userId='?' (DbType = Guid)], CommandType='"Text"', CommandTimeout='300']
SELECT t."Id", t."Balance", t."Broker", t."CreatedAt", t."Currency", t."DailyDrawdownLimitPct", t."Has5xLotRule", t."IsDefault", t."IsDeleted", t."IsPropFirm", t."MaxAllowedLotSize", t."MaxOverallLossPct", t."MaxRiskPerTradePctOfDailyLimit", t."MinTradingDays", t."Name", t."NewsTradeAllowed", t."ProfitSplitPct", t."ProfitTargetPct", t."PropFirmName", t."PropFirmPlan", t."UpdatedAt", t."UseDynamicEquity", t."UserId", t."WeekendHoldingAllowed"
FROM "TradingAccounts" AS t
WHERE NOT (t."IsDeleted") AND t."UserId" = @userId AND t."IsDefault" AND NOT (t."IsDeleted")
LIMIT 1
2026-05-10 18:24:47.632 +05:30 [INF] Executed DbCommand (2ms) [Parameters=[@userId='?' (DbType = Guid)], CommandType='"Text"', CommandTimeout='300']
SELECT t."Id", t."Balance", t."Broker", t."CreatedAt", t."Currency", t."DailyDrawdownLimitPct", t."Has5xLotRule", t."IsDefault", t."IsDeleted", t."IsPropFirm", t."MaxAllowedLotSize", t."MaxOverallLossPct", t."MaxRiskPerTradePctOfDailyLimit", t."MinTradingDays", t."Name", t."NewsTradeAllowed", t."ProfitSplitPct", t."ProfitTargetPct", t."PropFirmName", t."PropFirmPlan", t."UpdatedAt", t."UseDynamicEquity", t."UserId", t."WeekendHoldingAllowed"
FROM "TradingAccounts" AS t
WHERE NOT (t."IsDeleted") AND t."UserId" = @userId AND NOT (t."IsDeleted")
ORDER BY t."CreatedAt" DESC
LIMIT 1
2026-05-10 18:24:47.713 +05:30 [INF] Executed DbCommand (3ms) [Parameters=[@id='?' (DbType = Guid), @userId='?' (DbType = Guid)], CommandType='"Text"', CommandTimeout='300']
SELECT i."Id", i."CreatedAt", i."Description", i."IsDeleted", i."MaxLot", i."Name", i."Notes", i."SafeLotSize", i."Symbol", i."UpdatedAt", i."UserId", i."VolatilityLevel"
FROM "Instruments" AS i
WHERE NOT (i."IsDeleted") AND i."Id" = @id AND i."UserId" = @userId
LIMIT 1
2026-05-10 18:24:47.715 +05:30 [INF] Executing OkObjectResult, writing value of type 'TradingJournal.Application.DTOs.Analytics.PropRiskResultDto'.
2026-05-10 18:24:47.715 +05:30 [INF] Executed action TradingJournal.API.Controllers.DashboardController.CalculatePropRisk (TradingJournal.API) in 222.7135ms
2026-05-10 18:24:47.715 +05:30 [INF] Executed endpoint 'TradingJournal.API.Controllers.DashboardController.CalculatePropRisk (TradingJournal.API)'
2026-05-10 18:24:47.715 +05:30 [INF] HTTP POST /api/dashboard/prop-risk-calculate responded 200 in 223.7963 ms
2026-05-10 18:24:47.715 +05:30 [INF] Request finished HTTP/1.1 POST http://localhost:5283/api/dashboard/prop-risk-calculate - 200 null application/json; charset=utf-8 224.0471ms
2026-05-10 18:25:25.240 +05:30 [INF] Request starting HTTP/1.1 OPTIONS http://localhost:5283/api/dashboard/risk-calculate - null null
2026-05-10 18:25:25.241 +05:30 [INF] CORS policy execution successful.
2026-05-10 18:25:25.241 +05:30 [INF] HTTP OPTIONS /api/dashboard/risk-calculate responded 204 in 0.1087 ms
2026-05-10 18:25:25.241 +05:30 [INF] Request finished HTTP/1.1 OPTIONS http://localhost:5283/api/dashboard/risk-calculate - 204 null null 0.3373ms
2026-05-10 18:25:25.244 +05:30 [INF] Request starting HTTP/1.1 POST http://localhost:5283/api/dashboard/risk-calculate - application/json 94
2026-05-10 18:25:25.244 +05:30 [INF] CORS policy execution successful.
2026-05-10 18:25:25.247 +05:30 [INF] Executing endpoint 'TradingJournal.API.Controllers.DashboardController.CalculateRisk (TradingJournal.API)'
2026-05-10 18:25:25.262 +05:30 [INF] Route matched with {action = "CalculateRisk", controller = "Dashboard"}. Executing controller action with signature System.Threading.Tasks.Task`1[Microsoft.AspNetCore.Mvc.ActionResult`1[TradingJournal.Application.DTOs.Analytics.RiskResultDto]] CalculateRisk(TradingJournal.Application.DTOs.Analytics.RiskCalculationDto) on controller TradingJournal.API.Controllers.DashboardController (TradingJournal.API).
2026-05-10 18:25:25.269 +05:30 [INF] Calculating risk for user: "0a478092-7251-4b11-a785-05efbf8ad1f6"
2026-05-10 18:25:25.350 +05:30 [INF] Executed DbCommand (2ms) [Parameters=[@id='?' (DbType = Guid), @userId='?' (DbType = Guid)], CommandType='"Text"', CommandTimeout='300']
SELECT i."Id", i."CreatedAt", i."Description", i."IsDeleted", i."MaxLot", i."Name", i."Notes", i."SafeLotSize", i."Symbol", i."UpdatedAt", i."UserId", i."VolatilityLevel"
FROM "Instruments" AS i
WHERE NOT (i."IsDeleted") AND i."Id" = @id AND i."UserId" = @userId
LIMIT 1
2026-05-10 18:25:25.352 +05:30 [INF] Executing OkObjectResult, writing value of type 'TradingJournal.Application.DTOs.Analytics.RiskResultDto'.
2026-05-10 18:25:25.367 +05:30 [INF] Executed action TradingJournal.API.Controllers.DashboardController.CalculateRisk (TradingJournal.API) in 104.8466ms
2026-05-10 18:25:25.367 +05:30 [INF] Executed endpoint 'TradingJournal.API.Controllers.DashboardController.CalculateRisk (TradingJournal.API)'
2026-05-10 18:25:25.367 +05:30 [INF] HTTP POST /api/dashboard/risk-calculate responded 200 in 122.9217 ms
2026-05-10 18:25:25.367 +05:30 [INF] Request finished HTTP/1.1 POST http://localhost:5283/api/dashboard/risk-calculate - 200 null application/json; charset=utf-8 123.8469ms
2026-05-10 18:25:31.279 +05:30 [INF] Request starting HTTP/1.1 OPTIONS http://localhost:5283/api/notes?page=1&pageSize=12 - null null
2026-05-10 18:25:31.279 +05:30 [INF] CORS policy execution successful.
2026-05-10 18:25:31.279 +05:30 [INF] HTTP OPTIONS /api/notes responded 204 in 0.0985 ms
2026-05-10 18:25:31.279 +05:30 [INF] Request finished HTTP/1.1 OPTIONS http://localhost:5283/api/notes?page=1&pageSize=12 - 204 null null 0.5182ms
2026-05-10 18:25:31.283 +05:30 [INF] Request starting HTTP/1.1 GET http://localhost:5283/api/notes?page=1&pageSize=12 - null null
2026-05-10 18:25:31.284 +05:30 [INF] CORS policy execution successful.
2026-05-10 18:25:31.284 +05:30 [INF] Executing endpoint 'TradingJournal.API.Controllers.NotesController.GetAll (TradingJournal.API)'
2026-05-10 18:25:31.300 +05:30 [INF] Route matched with {action = "GetAll", controller = "Notes"}. Executing controller action with signature System.Threading.Tasks.Task`1[Microsoft.AspNetCore.Mvc.ActionResult`1[TradingJournal.Application.DTOs.Notes.PagedNotesDto]] GetAll(TradingJournal.Application.DTOs.Notes.NoteFilterDto) on controller TradingJournal.API.Controllers.NotesController (TradingJournal.API).
2026-05-10 18:25:31.305 +05:30 [INF] Fetching notes for user: "0a478092-7251-4b11-a785-05efbf8ad1f6"
2026-05-10 18:25:31.378 +05:30 [INF] Executed DbCommand (4ms) [Parameters=[@userId='?' (DbType = Guid)], CommandType='"Text"', CommandTimeout='300']
SELECT count(*)::int
FROM "Notes" AS n
WHERE NOT (n."IsDeleted") AND n."UserId" = @userId
2026-05-10 18:25:31.443 +05:30 [INF] Executed DbCommand (2ms) [Parameters=[@userId='?' (DbType = Guid), @p2='?' (DbType = Int32), @p='?' (DbType = Int32)], CommandType='"Text"', CommandTimeout='300']
SELECT n."Id", n."Content", n."CreatedAt", n."IsDeleted", n."IsPinned", n."Tags", n."Title", n."UpdatedAt", n."UserId"
FROM "Notes" AS n
WHERE NOT (n."IsDeleted") AND n."UserId" = @userId
ORDER BY n."IsPinned" DESC, n."CreatedAt" DESC
LIMIT @p2 OFFSET @p
2026-05-10 18:25:31.466 +05:30 [INF] Executing OkObjectResult, writing value of type 'TradingJournal.Application.DTOs.Notes.PagedNotesDto'.
2026-05-10 18:25:31.476 +05:30 [INF] Executed action TradingJournal.API.Controllers.NotesController.GetAll (TradingJournal.API) in 175.9333ms
2026-05-10 18:25:31.477 +05:30 [INF] Executed endpoint 'TradingJournal.API.Controllers.NotesController.GetAll (TradingJournal.API)'
2026-05-10 18:25:31.477 +05:30 [INF] HTTP GET /api/notes responded 200 in 193.4932 ms
2026-05-10 18:25:31.478 +05:30 [INF] Request finished HTTP/1.1 GET http://localhost:5283/api/notes?page=1&pageSize=12 - 200 null application/json; charset=utf-8 194.4162ms
2026-05-10 18:25:37.477 +05:30 [INF] Request starting HTTP/1.1 OPTIONS http://localhost:5283/api/dashboard/calendar?year=2026&month=5 - null null
2026-05-10 18:25:37.477 +05:30 [INF] CORS policy execution successful.
2026-05-10 18:25:37.477 +05:30 [INF] HTTP OPTIONS /api/dashboard/calendar responded 204 in 0.0901 ms
2026-05-10 18:25:37.477 +05:30 [INF] Request finished HTTP/1.1 OPTIONS http://localhost:5283/api/dashboard/calendar?year=2026&month=5 - 204 null null 0.457ms
2026-05-10 18:25:37.480 +05:30 [INF] Request starting HTTP/1.1 GET http://localhost:5283/api/dashboard/calendar?year=2026&month=5 - null null
2026-05-10 18:25:37.480 +05:30 [INF] CORS policy execution successful.
2026-05-10 18:25:37.481 +05:30 [INF] Executing endpoint 'TradingJournal.API.Controllers.DashboardController.GetCalendar (TradingJournal.API)'
2026-05-10 18:25:37.490 +05:30 [INF] Route matched with {action = "GetCalendar", controller = "Dashboard"}. Executing controller action with signature System.Threading.Tasks.Task`1[Microsoft.AspNetCore.Mvc.ActionResult`1[System.Collections.Generic.List`1[TradingJournal.Application.DTOs.Dashboard.CalendarDayDto]]] GetCalendar(Int32, Int32) on controller TradingJournal.API.Controllers.DashboardController (TradingJournal.API).
2026-05-10 18:25:37.492 +05:30 [INF] Fetching calendar data for user: "0a478092-7251-4b11-a785-05efbf8ad1f6", Year: 2026, Month: 5
2026-05-10 18:25:37.582 +05:30 [ERR] Failed executing DbCommand (16ms) [Parameters=[@userId='?' (DbType = Guid), @from='?' (DbType = DateTime), @to='?' (DbType = DateTime)], CommandType='"Text"', CommandTimeout='300']
SELECT t."Id", t."CreatedAt", t."EntryPrice", t."ExitPrice", t."InstrumentId", t."IsDeleted", t."LotSize", t."Notes", t."ProfitLoss", t."Result", t."RiskPercentage", t."RiskRewardRatio", t."StopLoss", t."Tags", t."TakeProfit", t."TradeDate", t."TradeDurationMinutes", t."TradeType", t."TradingAccountId", t."UpdatedAt", t."UserId", i0."Id", i0."CreatedAt", i0."Description", i0."IsDeleted", i0."MaxLot", i0."Name", i0."Notes", i0."SafeLotSize", i0."Symbol", i0."UpdatedAt", i0."UserId", i0."VolatilityLevel"
FROM "Trades" AS t
INNER JOIN (
    SELECT i."Id", i."CreatedAt", i."Description", i."IsDeleted", i."MaxLot", i."Name", i."Notes", i."SafeLotSize", i."Symbol", i."UpdatedAt", i."UserId", i."VolatilityLevel"
    FROM "Instruments" AS i
    WHERE NOT (i."IsDeleted")
) AS i0 ON t."InstrumentId" = i0."Id"
WHERE NOT (t."IsDeleted") AND t."UserId" = @userId AND t."TradeDate" >= @from AND t."TradeDate" <= @to
ORDER BY t."TradeDate"
2026-05-10 18:25:37.595 +05:30 [ERR] An exception occurred while iterating over the results of a query for context type 'TradingJournal.Infrastructure.Data.ApplicationDbContext'.
System.ArgumentException: Cannot write DateTime with Kind=Unspecified to PostgreSQL type 'timestamp with time zone', only UTC is supported. Note that it's not possible to mix DateTimes with different Kinds in an array, range, or multirange. (Parameter 'value')
   at Npgsql.Internal.Converters.DateTimeConverterResolver`1.Get(DateTime value, Nullable`1 expectedPgTypeId, Boolean validateOnly)
   at Npgsql.Internal.Converters.DateTimeConverterResolver.<>c.<CreateResolver>b__0_0(DateTimeConverterResolver`1 resolver, DateTime value, Nullable`1 expectedPgTypeId)
   at Npgsql.Internal.Converters.DateTimeConverterResolver`1.Get(T value, Nullable`1 expectedPgTypeId)
   at Npgsql.Internal.PgConverterResolver`1.GetAsObjectInternal(PgTypeInfo typeInfo, Object value, Nullable`1 expectedPgTypeId)
   at Npgsql.NpgsqlParameterCollection.ProcessParameters(ReloadableState reloadableState, Boolean validateValues, CommandType commandType)
   at Npgsql.NpgsqlCommand.ExecuteReader(Boolean async, CommandBehavior behavior, CancellationToken cancellationToken)
   at Npgsql.NpgsqlCommand.ExecuteReader(Boolean async, CommandBehavior behavior, CancellationToken cancellationToken)
   at Npgsql.NpgsqlCommand.ExecuteDbDataReaderAsync(CommandBehavior behavior, CancellationToken cancellationToken)
   at Microsoft.EntityFrameworkCore.Storage.RelationalCommand.ExecuteReaderAsync(RelationalCommandParameterObject parameterObject, CancellationToken cancellationToken)
   at Microsoft.EntityFrameworkCore.Storage.RelationalCommand.ExecuteReaderAsync(RelationalCommandParameterObject parameterObject, CancellationToken cancellationToken)
   at Microsoft.EntityFrameworkCore.Query.Internal.SingleQueryingEnumerable`1.AsyncEnumerator.InitializeReaderAsync(AsyncEnumerator enumerator, CancellationToken cancellationToken)
   at Npgsql.EntityFrameworkCore.PostgreSQL.Storage.Internal.NpgsqlExecutionStrategy.ExecuteAsync[TState,TResult](TState state, Func`4 operation, Func`4 verifySucceeded, CancellationToken cancellationToken)
   at Microsoft.EntityFrameworkCore.Query.Internal.SingleQueryingEnumerable`1.AsyncEnumerator.MoveNextAsync()
System.ArgumentException: Cannot write DateTime with Kind=Unspecified to PostgreSQL type 'timestamp with time zone', only UTC is supported. Note that it's not possible to mix DateTimes with different Kinds in an array, range, or multirange. (Parameter 'value')
   at Npgsql.Internal.Converters.DateTimeConverterResolver`1.Get(DateTime value, Nullable`1 expectedPgTypeId, Boolean validateOnly)
   at Npgsql.Internal.Converters.DateTimeConverterResolver.<>c.<CreateResolver>b__0_0(DateTimeConverterResolver`1 resolver, DateTime value, Nullable`1 expectedPgTypeId)
   at Npgsql.Internal.Converters.DateTimeConverterResolver`1.Get(T value, Nullable`1 expectedPgTypeId)
   at Npgsql.Internal.PgConverterResolver`1.GetAsObjectInternal(PgTypeInfo typeInfo, Object value, Nullable`1 expectedPgTypeId)
   at Npgsql.NpgsqlParameterCollection.ProcessParameters(ReloadableState reloadableState, Boolean validateValues, CommandType commandType)
   at Npgsql.NpgsqlCommand.ExecuteReader(Boolean async, CommandBehavior behavior, CancellationToken cancellationToken)
   at Npgsql.NpgsqlCommand.ExecuteReader(Boolean async, CommandBehavior behavior, CancellationToken cancellationToken)
   at Npgsql.NpgsqlCommand.ExecuteDbDataReaderAsync(CommandBehavior behavior, CancellationToken cancellationToken)
   at Microsoft.EntityFrameworkCore.Storage.RelationalCommand.ExecuteReaderAsync(RelationalCommandParameterObject parameterObject, CancellationToken cancellationToken)
   at Microsoft.EntityFrameworkCore.Storage.RelationalCommand.ExecuteReaderAsync(RelationalCommandParameterObject parameterObject, CancellationToken cancellationToken)
   at Microsoft.EntityFrameworkCore.Query.Internal.SingleQueryingEnumerable`1.AsyncEnumerator.InitializeReaderAsync(AsyncEnumerator enumerator, CancellationToken cancellationToken)
   at Npgsql.EntityFrameworkCore.PostgreSQL.Storage.Internal.NpgsqlExecutionStrategy.ExecuteAsync[TState,TResult](TState state, Func`4 operation, Func`4 verifySucceeded, CancellationToken cancellationToken)
   at Microsoft.EntityFrameworkCore.Query.Internal.SingleQueryingEnumerable`1.AsyncEnumerator.MoveNextAsync()
2026-05-10 18:25:37.597 +05:30 [ERR] Error fetching calendar data for user: "0a478092-7251-4b11-a785-05efbf8ad1f6"
System.ArgumentException: Cannot write DateTime with Kind=Unspecified to PostgreSQL type 'timestamp with time zone', only UTC is supported. Note that it's not possible to mix DateTimes with different Kinds in an array, range, or multirange. (Parameter 'value')
   at Npgsql.Internal.Converters.DateTimeConverterResolver`1.Get(DateTime value, Nullable`1 expectedPgTypeId, Boolean validateOnly)
   at Npgsql.Internal.Converters.DateTimeConverterResolver.<>c.<CreateResolver>b__0_0(DateTimeConverterResolver`1 resolver, DateTime value, Nullable`1 expectedPgTypeId)
   at Npgsql.Internal.Converters.DateTimeConverterResolver`1.Get(T value, Nullable`1 expectedPgTypeId)
   at Npgsql.Internal.PgConverterResolver`1.GetAsObjectInternal(PgTypeInfo typeInfo, Object value, Nullable`1 expectedPgTypeId)
   at Npgsql.NpgsqlParameterCollection.ProcessParameters(ReloadableState reloadableState, Boolean validateValues, CommandType commandType)
   at Npgsql.NpgsqlCommand.ExecuteReader(Boolean async, CommandBehavior behavior, CancellationToken cancellationToken)
   at Npgsql.NpgsqlCommand.ExecuteReader(Boolean async, CommandBehavior behavior, CancellationToken cancellationToken)
   at Npgsql.NpgsqlCommand.ExecuteDbDataReaderAsync(CommandBehavior behavior, CancellationToken cancellationToken)
   at Microsoft.EntityFrameworkCore.Storage.RelationalCommand.ExecuteReaderAsync(RelationalCommandParameterObject parameterObject, CancellationToken cancellationToken)
   at Microsoft.EntityFrameworkCore.Storage.RelationalCommand.ExecuteReaderAsync(RelationalCommandParameterObject parameterObject, CancellationToken cancellationToken)
   at Microsoft.EntityFrameworkCore.Query.Internal.SingleQueryingEnumerable`1.AsyncEnumerator.InitializeReaderAsync(AsyncEnumerator enumerator, CancellationToken cancellationToken)
   at Npgsql.EntityFrameworkCore.PostgreSQL.Storage.Internal.NpgsqlExecutionStrategy.ExecuteAsync[TState,TResult](TState state, Func`4 operation, Func`4 verifySucceeded, CancellationToken cancellationToken)
   at Microsoft.EntityFrameworkCore.Query.Internal.SingleQueryingEnumerable`1.AsyncEnumerator.MoveNextAsync()
   at Microsoft.EntityFrameworkCore.EntityFrameworkQueryableExtensions.ToListAsync[TSource](IQueryable`1 source, CancellationToken cancellationToken)
   at Microsoft.EntityFrameworkCore.EntityFrameworkQueryableExtensions.ToListAsync[TSource](IQueryable`1 source, CancellationToken cancellationToken)
   at TradingJournal.Infrastructure.Repositories.TradeRepository.GetByDateRangeAsync(Guid userId, DateTime from, DateTime to) in D:\Mitesh\StockMarket\TradingJournalApp\TradingJournal.Infrastructure\Repositories\Repositories.cs:line 110
   at TradingJournal.Application.Services.DashboardService.GetCalendarDataAsync(Guid userId, Int32 year, Int32 month) in D:\Mitesh\StockMarket\TradingJournalApp\TradingJournal.Application\Services\DashboardService.cs:line 118
   at TradingJournal.API.Controllers.DashboardController.GetCalendar(Int32 year, Int32 month) in D:\Mitesh\StockMarket\TradingJournalApp\TradingJournal.API\Controllers\DashboardController.cs:line 53
2026-05-10 18:25:37.607 +05:30 [INF] Executing ObjectResult, writing value of type '<>f__AnonymousType0`1[[System.String, System.Private.CoreLib, Version=10.0.0.0, Culture=neutral, PublicKeyToken=7cec85d7bea7798e]]'.
2026-05-10 18:25:37.607 +05:30 [INF] Executed action TradingJournal.API.Controllers.DashboardController.GetCalendar (TradingJournal.API) in 116.8729ms
2026-05-10 18:25:37.607 +05:30 [INF] Executed endpoint 'TradingJournal.API.Controllers.DashboardController.GetCalendar (TradingJournal.API)'
2026-05-10 18:25:37.607 +05:30 [ERR] HTTP GET /api/dashboard/calendar responded 500 in 127.6271 ms
2026-05-10 18:25:37.607 +05:30 [INF] Request finished HTTP/1.1 GET http://localhost:5283/api/dashboard/calendar?year=2026&month=5 - 500 null application/json; charset=utf-8 127.8832ms
2026-05-10 18:25:46.597 +05:30 [INF] Request starting HTTP/1.1 OPTIONS http://localhost:5283/api/dashboard/ai-insights - null null
2026-05-10 18:25:46.598 +05:30 [INF] CORS policy execution successful.
2026-05-10 18:25:46.598 +05:30 [INF] HTTP OPTIONS /api/dashboard/ai-insights responded 204 in 0.4776 ms
2026-05-10 18:25:46.598 +05:30 [INF] Request finished HTTP/1.1 OPTIONS http://localhost:5283/api/dashboard/ai-insights - 204 null null 0.8769ms
2026-05-10 18:25:46.598 +05:30 [INF] Request starting HTTP/1.1 OPTIONS http://localhost:5283/api/dashboard/performance - null null
2026-05-10 18:25:46.598 +05:30 [INF] CORS policy execution successful.
2026-05-10 18:25:46.599 +05:30 [INF] HTTP OPTIONS /api/dashboard/performance responded 204 in 0.0827 ms
2026-05-10 18:25:46.599 +05:30 [INF] Request finished HTTP/1.1 OPTIONS http://localhost:5283/api/dashboard/performance - 204 null null 0.2401ms
2026-05-10 18:25:46.601 +05:30 [INF] Request starting HTTP/1.1 OPTIONS http://localhost:5283/api/dashboard/drawdown - null null
2026-05-10 18:25:46.601 +05:30 [INF] CORS policy execution successful.
2026-05-10 18:25:46.601 +05:30 [INF] HTTP OPTIONS /api/dashboard/drawdown responded 204 in 0.1021 ms
2026-05-10 18:25:46.601 +05:30 [INF] Request finished HTTP/1.1 OPTIONS http://localhost:5283/api/dashboard/drawdown - 204 null null 0.3925ms
2026-05-10 18:25:46.604 +05:30 [INF] Request starting HTTP/1.1 GET http://localhost:5283/api/dashboard/performance - null null
2026-05-10 18:25:46.605 +05:30 [INF] CORS policy execution successful.
2026-05-10 18:25:46.605 +05:30 [INF] Request starting HTTP/1.1 GET http://localhost:5283/api/dashboard/ai-insights - null null
2026-05-10 18:25:46.605 +05:30 [INF] Executing endpoint 'TradingJournal.API.Controllers.DashboardController.GetPerformance (TradingJournal.API)'
2026-05-10 18:25:46.605 +05:30 [INF] CORS policy execution successful.
2026-05-10 18:25:46.605 +05:30 [INF] Executing endpoint 'TradingJournal.API.Controllers.DashboardController.GetAiInsights (TradingJournal.API)'
2026-05-10 18:25:46.607 +05:30 [INF] Request starting HTTP/1.1 GET http://localhost:5283/api/dashboard/drawdown - null null
2026-05-10 18:25:46.607 +05:30 [INF] CORS policy execution successful.
2026-05-10 18:25:46.607 +05:30 [INF] Executing endpoint 'TradingJournal.API.Controllers.DashboardController.GetDrawdown (TradingJournal.API)'
2026-05-10 18:25:46.618 +05:30 [INF] Route matched with {action = "GetPerformance", controller = "Dashboard"}. Executing controller action with signature System.Threading.Tasks.Task`1[Microsoft.AspNetCore.Mvc.ActionResult`1[TradingJournal.Application.DTOs.Dashboard.PerformanceMetricsDto]] GetPerformance() on controller TradingJournal.API.Controllers.DashboardController (TradingJournal.API).
2026-05-10 18:25:46.619 +05:30 [INF] Route matched with {action = "GetAiInsights", controller = "Dashboard"}. Executing controller action with signature System.Threading.Tasks.Task`1[Microsoft.AspNetCore.Mvc.ActionResult`1[TradingJournal.Application.DTOs.Analytics.AiAnalysisDto]] GetAiInsights() on controller TradingJournal.API.Controllers.DashboardController (TradingJournal.API).
2026-05-10 18:25:46.619 +05:30 [INF] Route matched with {action = "GetDrawdown", controller = "Dashboard"}. Executing controller action with signature System.Threading.Tasks.Task`1[Microsoft.AspNetCore.Mvc.ActionResult`1[TradingJournal.Application.DTOs.Dashboard.DrawdownDto]] GetDrawdown() on controller TradingJournal.API.Controllers.DashboardController (TradingJournal.API).
2026-05-10 18:25:46.620 +05:30 [INF] Fetching AI insights for user: "0a478092-7251-4b11-a785-05efbf8ad1f6"
2026-05-10 18:25:46.620 +05:30 [INF] Fetching performance metrics for user: "0a478092-7251-4b11-a785-05efbf8ad1f6"
2026-05-10 18:25:46.621 +05:30 [INF] Fetching drawdown for user: "0a478092-7251-4b11-a785-05efbf8ad1f6"
2026-05-10 18:25:46.728 +05:30 [INF] Executed DbCommand (6ms) [Parameters=[@userId='?' (DbType = Guid)], CommandType='"Text"', CommandTimeout='300']
SELECT t."Id", t."CreatedAt", t."EntryPrice", t."ExitPrice", t."InstrumentId", t."IsDeleted", t."LotSize", t."Notes", t."ProfitLoss", t."Result", t."RiskPercentage", t."RiskRewardRatio", t."StopLoss", t."Tags", t."TakeProfit", t."TradeDate", t."TradeDurationMinutes", t."TradeType", t."TradingAccountId", t."UpdatedAt", t."UserId", i0."Id", i0."CreatedAt", i0."Description", i0."IsDeleted", i0."MaxLot", i0."Name", i0."Notes", i0."SafeLotSize", i0."Symbol", i0."UpdatedAt", i0."UserId", i0."VolatilityLevel"
FROM "Trades" AS t
INNER JOIN (
    SELECT i."Id", i."CreatedAt", i."Description", i."IsDeleted", i."MaxLot", i."Name", i."Notes", i."SafeLotSize", i."Symbol", i."UpdatedAt", i."UserId", i."VolatilityLevel"
    FROM "Instruments" AS i
    WHERE NOT (i."IsDeleted")
) AS i0 ON t."InstrumentId" = i0."Id"
WHERE NOT (t."IsDeleted") AND t."UserId" = @userId
ORDER BY t."TradeDate"
2026-05-10 18:25:46.741 +05:30 [INF] Executed DbCommand (5ms) [Parameters=[@userId='?' (DbType = Guid)], CommandType='"Text"', CommandTimeout='300']
SELECT t."Id", t."CreatedAt", t."EntryPrice", t."ExitPrice", t."InstrumentId", t."IsDeleted", t."LotSize", t."Notes", t."ProfitLoss", t."Result", t."RiskPercentage", t."RiskRewardRatio", t."StopLoss", t."Tags", t."TakeProfit", t."TradeDate", t."TradeDurationMinutes", t."TradeType", t."TradingAccountId", t."UpdatedAt", t."UserId", i0."Id", i0."CreatedAt", i0."Description", i0."IsDeleted", i0."MaxLot", i0."Name", i0."Notes", i0."SafeLotSize", i0."Symbol", i0."UpdatedAt", i0."UserId", i0."VolatilityLevel"
FROM "Trades" AS t
INNER JOIN (
    SELECT i."Id", i."CreatedAt", i."Description", i."IsDeleted", i."MaxLot", i."Name", i."Notes", i."SafeLotSize", i."Symbol", i."UpdatedAt", i."UserId", i."VolatilityLevel"
    FROM "Instruments" AS i
    WHERE NOT (i."IsDeleted")
) AS i0 ON t."InstrumentId" = i0."Id"
WHERE NOT (t."IsDeleted") AND t."UserId" = @userId
ORDER BY t."TradeDate"
2026-05-10 18:25:46.749 +05:30 [INF] Executed DbCommand (8ms) [Parameters=[@userId='?' (DbType = Guid)], CommandType='"Text"', CommandTimeout='300']
SELECT t."Id", t."CreatedAt", t."EntryPrice", t."ExitPrice", t."InstrumentId", t."IsDeleted", t."LotSize", t."Notes", t."ProfitLoss", t."Result", t."RiskPercentage", t."RiskRewardRatio", t."StopLoss", t."Tags", t."TakeProfit", t."TradeDate", t."TradeDurationMinutes", t."TradeType", t."TradingAccountId", t."UpdatedAt", t."UserId", i0."Id", i0."CreatedAt", i0."Description", i0."IsDeleted", i0."MaxLot", i0."Name", i0."Notes", i0."SafeLotSize", i0."Symbol", i0."UpdatedAt", i0."UserId", i0."VolatilityLevel"
FROM "Trades" AS t
INNER JOIN (
    SELECT i."Id", i."CreatedAt", i."Description", i."IsDeleted", i."MaxLot", i."Name", i."Notes", i."SafeLotSize", i."Symbol", i."UpdatedAt", i."UserId", i."VolatilityLevel"
    FROM "Instruments" AS i
    WHERE NOT (i."IsDeleted")
) AS i0 ON t."InstrumentId" = i0."Id"
WHERE NOT (t."IsDeleted") AND t."UserId" = @userId
ORDER BY t."TradeDate"
2026-05-10 18:25:46.766 +05:30 [INF] Executing OkObjectResult, writing value of type 'TradingJournal.Application.DTOs.Dashboard.PerformanceMetricsDto'.
2026-05-10 18:25:46.770 +05:30 [INF] Executed action TradingJournal.API.Controllers.DashboardController.GetPerformance (TradingJournal.API) in 151.7883ms
2026-05-10 18:25:46.771 +05:30 [INF] Executed endpoint 'TradingJournal.API.Controllers.DashboardController.GetPerformance (TradingJournal.API)'
2026-05-10 18:25:46.771 +05:30 [INF] HTTP GET /api/dashboard/performance responded 200 in 166.2486 ms
2026-05-10 18:25:46.771 +05:30 [INF] Request finished HTTP/1.1 GET http://localhost:5283/api/dashboard/performance - 200 null application/json; charset=utf-8 166.6419ms
2026-05-10 18:25:46.812 +05:30 [INF] Executed DbCommand (3ms) [Parameters=[@userId='?' (DbType = Guid)], CommandType='"Text"', CommandTimeout='300']
SELECT t."Id", t."Balance", t."Broker", t."CreatedAt", t."Currency", t."DailyDrawdownLimitPct", t."Has5xLotRule", t."IsDefault", t."IsDeleted", t."IsPropFirm", t."MaxAllowedLotSize", t."MaxOverallLossPct", t."MaxRiskPerTradePctOfDailyLimit", t."MinTradingDays", t."Name", t."NewsTradeAllowed", t."ProfitSplitPct", t."ProfitTargetPct", t."PropFirmName", t."PropFirmPlan", t."UpdatedAt", t."UseDynamicEquity", t."UserId", t."WeekendHoldingAllowed"
FROM "TradingAccounts" AS t
WHERE NOT (t."IsDeleted") AND t."UserId" = @userId AND t."IsDefault" AND NOT (t."IsDeleted")
LIMIT 1
2026-05-10 18:25:46.829 +05:30 [INF] Executed DbCommand (5ms) [Parameters=[@userId='?' (DbType = Guid)], CommandType='"Text"', CommandTimeout='300']
SELECT i."Id", i."CreatedAt", i."Description", i."IsDeleted", i."MaxLot", i."Name", i."Notes", i."SafeLotSize", i."Symbol", i."UpdatedAt", i."UserId", i."VolatilityLevel"
FROM "Instruments" AS i
WHERE NOT (i."IsDeleted") AND i."UserId" = @userId
2026-05-10 18:25:46.832 +05:30 [INF] Executing OkObjectResult, writing value of type 'TradingJournal.Application.DTOs.Analytics.AiAnalysisDto'.
2026-05-10 18:25:46.842 +05:30 [INF] Executed action TradingJournal.API.Controllers.DashboardController.GetAiInsights (TradingJournal.API) in 223.6506ms
2026-05-10 18:25:46.843 +05:30 [INF] Executed endpoint 'TradingJournal.API.Controllers.DashboardController.GetAiInsights (TradingJournal.API)'
2026-05-10 18:25:46.843 +05:30 [INF] HTTP GET /api/dashboard/ai-insights responded 200 in 238.0532 ms
2026-05-10 18:25:46.844 +05:30 [INF] Request finished HTTP/1.1 GET http://localhost:5283/api/dashboard/ai-insights - 200 null application/json; charset=utf-8 238.6127ms
2026-05-10 18:25:46.884 +05:30 [INF] Executed DbCommand (2ms) [Parameters=[@userId='?' (DbType = Guid)], CommandType='"Text"', CommandTimeout='300']
SELECT t."Id", t."Balance", t."Broker", t."CreatedAt", t."Currency", t."DailyDrawdownLimitPct", t."Has5xLotRule", t."IsDefault", t."IsDeleted", t."IsPropFirm", t."MaxAllowedLotSize", t."MaxOverallLossPct", t."MaxRiskPerTradePctOfDailyLimit", t."MinTradingDays", t."Name", t."NewsTradeAllowed", t."ProfitSplitPct", t."ProfitTargetPct", t."PropFirmName", t."PropFirmPlan", t."UpdatedAt", t."UseDynamicEquity", t."UserId", t."WeekendHoldingAllowed"
FROM "TradingAccounts" AS t
WHERE NOT (t."IsDeleted") AND t."UserId" = @userId AND NOT (t."IsDeleted")
ORDER BY t."CreatedAt" DESC
LIMIT 1
2026-05-10 18:25:46.935 +05:30 [INF] Executed DbCommand (2ms) [Parameters=[@userId='?' (DbType = Guid)], CommandType='"Text"', CommandTimeout='300']
SELECT a."Id", a."CreatedAt", a."DailyLossLimit", a."Email", a."EmailAlertEnabled", a."IsActive", a."IsDeleted", a."MaxDrawdownPercent", a."MaxTradesPerDay", a."UpdatedAt", a."UserId"
FROM "Alerts" AS a
WHERE a."UserId" = @userId
LIMIT 1
2026-05-10 18:25:46.937 +05:30 [INF] Executing OkObjectResult, writing value of type 'TradingJournal.Application.DTOs.Dashboard.DrawdownDto'.
2026-05-10 18:25:46.940 +05:30 [INF] Executed action TradingJournal.API.Controllers.DashboardController.GetDrawdown (TradingJournal.API) in 320.8081ms
2026-05-10 18:25:46.941 +05:30 [INF] Executed endpoint 'TradingJournal.API.Controllers.DashboardController.GetDrawdown (TradingJournal.API)'
2026-05-10 18:25:46.941 +05:30 [INF] HTTP GET /api/dashboard/drawdown responded 200 in 333.8277 ms
2026-05-10 18:25:46.941 +05:30 [INF] Request finished HTTP/1.1 GET http://localhost:5283/api/dashboard/drawdown - 200 null application/json; charset=utf-8 334.0969ms
2026-05-10 18:26:15.333 +05:30 [INF] Request starting HTTP/1.1 OPTIONS http://localhost:5283/api/instruments - null null
2026-05-10 18:26:15.334 +05:30 [INF] CORS policy execution successful.
2026-05-10 18:26:15.334 +05:30 [INF] HTTP OPTIONS /api/instruments responded 204 in 0.1092 ms
2026-05-10 18:26:15.334 +05:30 [INF] Request finished HTTP/1.1 OPTIONS http://localhost:5283/api/instruments - 204 null null 0.3957ms
2026-05-10 18:26:15.334 +05:30 [INF] Request starting HTTP/1.1 OPTIONS http://localhost:5283/api/trades?page=1&pageSize=20 - null null
2026-05-10 18:26:15.334 +05:30 [INF] CORS policy execution successful.
2026-05-10 18:26:15.334 +05:30 [INF] HTTP OPTIONS /api/trades responded 204 in 0.1363 ms
2026-05-10 18:26:15.334 +05:30 [INF] Request finished HTTP/1.1 OPTIONS http://localhost:5283/api/trades?page=1&pageSize=20 - 204 null null 0.2644ms
2026-05-10 18:26:15.337 +05:30 [INF] Request starting HTTP/1.1 GET http://localhost:5283/api/trades?page=1&pageSize=20 - null null
2026-05-10 18:26:15.337 +05:30 [INF] Request starting HTTP/1.1 GET http://localhost:5283/api/instruments - null null
2026-05-10 18:26:15.338 +05:30 [INF] CORS policy execution successful.
2026-05-10 18:26:15.338 +05:30 [INF] CORS policy execution successful.
2026-05-10 18:26:15.338 +05:30 [INF] Executing endpoint 'TradingJournal.API.Controllers.TradesController.GetAll (TradingJournal.API)'
2026-05-10 18:26:15.338 +05:30 [INF] Executing endpoint 'TradingJournal.API.Controllers.InstrumentsController.GetAll (TradingJournal.API)'
2026-05-10 18:26:15.338 +05:30 [INF] Route matched with {action = "GetAll", controller = "Trades"}. Executing controller action with signature System.Threading.Tasks.Task`1[Microsoft.AspNetCore.Mvc.ActionResult`1[TradingJournal.Application.DTOs.Trades.PagedTradesDto]] GetAll(TradingJournal.Application.DTOs.Trades.TradeFilterDto) on controller TradingJournal.API.Controllers.TradesController (TradingJournal.API).
2026-05-10 18:26:15.338 +05:30 [INF] Route matched with {action = "GetAll", controller = "Instruments"}. Executing controller action with signature System.Threading.Tasks.Task`1[Microsoft.AspNetCore.Mvc.ActionResult`1[System.Collections.Generic.List`1[TradingJournal.Application.DTOs.Instruments.InstrumentDto]]] GetAll() on controller TradingJournal.API.Controllers.InstrumentsController (TradingJournal.API).
2026-05-10 18:26:15.339 +05:30 [INF] Fetching all instruments for user: "0a478092-7251-4b11-a785-05efbf8ad1f6"
2026-05-10 18:26:15.341 +05:30 [INF] Fetching trades for user: "0a478092-7251-4b11-a785-05efbf8ad1f6"
2026-05-10 18:26:15.425 +05:30 [INF] Executed DbCommand (2ms) [Parameters=[@userId='?' (DbType = Guid)], CommandType='"Text"', CommandTimeout='300']
SELECT i."Id", i."CreatedAt", i."Description", i."IsDeleted", i."MaxLot", i."Name", i."Notes", i."SafeLotSize", i."Symbol", i."UpdatedAt", i."UserId", i."VolatilityLevel"
FROM "Instruments" AS i
WHERE NOT (i."IsDeleted") AND i."UserId" = @userId
2026-05-10 18:26:15.433 +05:30 [INF] Executed DbCommand (7ms) [Parameters=[@userId='?' (DbType = Guid)], CommandType='"Text"', CommandTimeout='300']
SELECT count(*)::int
FROM "Trades" AS t
WHERE NOT (t."IsDeleted") AND t."UserId" = @userId
2026-05-10 18:26:15.522 +05:30 [INF] Executed DbCommand (4ms) [Parameters=[@userId='?' (DbType = Guid), @p2='?' (DbType = Int32), @p='?' (DbType = Int32)], CommandType='"Text"', CommandTimeout='300']
SELECT t0."Id", t0."CreatedAt", t0."EntryPrice", t0."ExitPrice", t0."InstrumentId", t0."IsDeleted", t0."LotSize", t0."Notes", t0."ProfitLoss", t0."Result", t0."RiskPercentage", t0."RiskRewardRatio", t0."StopLoss", t0."Tags", t0."TakeProfit", t0."TradeDate", t0."TradeDurationMinutes", t0."TradeType", t0."TradingAccountId", t0."UpdatedAt", t0."UserId", i0."Id", i0."CreatedAt", i0."Description", i0."IsDeleted", i0."MaxLot", i0."Name", i0."Notes", i0."SafeLotSize", i0."Symbol", i0."UpdatedAt", i0."UserId", i0."VolatilityLevel"
FROM (
    SELECT t."Id", t."CreatedAt", t."EntryPrice", t."ExitPrice", t."InstrumentId", t."IsDeleted", t."LotSize", t."Notes", t."ProfitLoss", t."Result", t."RiskPercentage", t."RiskRewardRatio", t."StopLoss", t."Tags", t."TakeProfit", t."TradeDate", t."TradeDurationMinutes", t."TradeType", t."TradingAccountId", t."UpdatedAt", t."UserId"
    FROM "Trades" AS t
    WHERE NOT (t."IsDeleted") AND t."UserId" = @userId
    ORDER BY t."TradeDate" DESC
    LIMIT @p2 OFFSET @p
) AS t0
INNER JOIN (
    SELECT i."Id", i."CreatedAt", i."Description", i."IsDeleted", i."MaxLot", i."Name", i."Notes", i."SafeLotSize", i."Symbol", i."UpdatedAt", i."UserId", i."VolatilityLevel"
    FROM "Instruments" AS i
    WHERE NOT (i."IsDeleted")
) AS i0 ON t0."InstrumentId" = i0."Id"
ORDER BY t0."TradeDate" DESC
2026-05-10 18:26:15.522 +05:30 [INF] Executed DbCommand (4ms) [Parameters=[@userId='?' (DbType = Guid)], CommandType='"Text"', CommandTimeout='300']
SELECT t."Id", t."CreatedAt", t."EntryPrice", t."ExitPrice", t."InstrumentId", t."IsDeleted", t."LotSize", t."Notes", t."ProfitLoss", t."Result", t."RiskPercentage", t."RiskRewardRatio", t."StopLoss", t."Tags", t."TakeProfit", t."TradeDate", t."TradeDurationMinutes", t."TradeType", t."TradingAccountId", t."UpdatedAt", t."UserId", i0."Id", i0."CreatedAt", i0."Description", i0."IsDeleted", i0."MaxLot", i0."Name", i0."Notes", i0."SafeLotSize", i0."Symbol", i0."UpdatedAt", i0."UserId", i0."VolatilityLevel"
FROM "Trades" AS t
INNER JOIN (
    SELECT i."Id", i."CreatedAt", i."Description", i."IsDeleted", i."MaxLot", i."Name", i."Notes", i."SafeLotSize", i."Symbol", i."UpdatedAt", i."UserId", i."VolatilityLevel"
    FROM "Instruments" AS i
    WHERE NOT (i."IsDeleted")
) AS i0 ON t."InstrumentId" = i0."Id"
WHERE NOT (t."IsDeleted") AND t."UserId" = @userId
ORDER BY t."TradeDate"
2026-05-10 18:26:15.523 +05:30 [INF] Executing OkObjectResult, writing value of type 'System.Collections.Generic.List`1[[TradingJournal.Application.DTOs.Instruments.InstrumentDto, TradingJournal.Application, Version=1.0.0.0, Culture=neutral, PublicKeyToken=null]]'.
2026-05-10 18:26:15.523 +05:30 [INF] Executed action TradingJournal.API.Controllers.InstrumentsController.GetAll (TradingJournal.API) in 184.7996ms
2026-05-10 18:26:15.523 +05:30 [INF] Executed endpoint 'TradingJournal.API.Controllers.InstrumentsController.GetAll (TradingJournal.API)'
2026-05-10 18:26:15.523 +05:30 [INF] HTTP GET /api/instruments responded 200 in 185.7195 ms
2026-05-10 18:26:15.523 +05:30 [INF] Request finished HTTP/1.1 GET http://localhost:5283/api/instruments - 200 null application/json; charset=utf-8 186.0756ms
2026-05-10 18:26:15.600 +05:30 [INF] Executed DbCommand (2ms) [Parameters=[@userId='?' (DbType = Guid)], CommandType='"Text"', CommandTimeout='300']
SELECT t."Id", t."Balance", t."Broker", t."CreatedAt", t."Currency", t."DailyDrawdownLimitPct", t."Has5xLotRule", t."IsDefault", t."IsDeleted", t."IsPropFirm", t."MaxAllowedLotSize", t."MaxOverallLossPct", t."MaxRiskPerTradePctOfDailyLimit", t."MinTradingDays", t."Name", t."NewsTradeAllowed", t."ProfitSplitPct", t."ProfitTargetPct", t."PropFirmName", t."PropFirmPlan", t."UpdatedAt", t."UseDynamicEquity", t."UserId", t."WeekendHoldingAllowed"
FROM "TradingAccounts" AS t
WHERE NOT (t."IsDeleted") AND t."UserId" = @userId AND NOT (t."IsDeleted")
ORDER BY t."IsDefault" DESC, t."CreatedAt" DESC
2026-05-10 18:26:15.601 +05:30 [INF] Executing OkObjectResult, writing value of type 'TradingJournal.Application.DTOs.Trades.PagedTradesDto'.
2026-05-10 18:26:15.601 +05:30 [INF] Executed action TradingJournal.API.Controllers.TradesController.GetAll (TradingJournal.API) in 262.7368ms
2026-05-10 18:26:15.601 +05:30 [INF] Executed endpoint 'TradingJournal.API.Controllers.TradesController.GetAll (TradingJournal.API)'
2026-05-10 18:26:15.601 +05:30 [INF] HTTP GET /api/trades responded 200 in 263.7362 ms
2026-05-10 18:26:15.601 +05:30 [INF] Request finished HTTP/1.1 GET http://localhost:5283/api/trades?page=1&pageSize=20 - 200 null application/json; charset=utf-8 264.0461ms
2026-05-10 18:26:17.163 +05:30 [INF] Request starting HTTP/1.1 GET http://localhost:5283/api/instruments - null null
2026-05-10 18:26:17.164 +05:30 [INF] CORS policy execution successful.
2026-05-10 18:26:17.165 +05:30 [INF] Executing endpoint 'TradingJournal.API.Controllers.InstrumentsController.GetAll (TradingJournal.API)'
2026-05-10 18:26:17.165 +05:30 [INF] Route matched with {action = "GetAll", controller = "Instruments"}. Executing controller action with signature System.Threading.Tasks.Task`1[Microsoft.AspNetCore.Mvc.ActionResult`1[System.Collections.Generic.List`1[TradingJournal.Application.DTOs.Instruments.InstrumentDto]]] GetAll() on controller TradingJournal.API.Controllers.InstrumentsController (TradingJournal.API).
2026-05-10 18:26:17.165 +05:30 [INF] Fetching all instruments for user: "0a478092-7251-4b11-a785-05efbf8ad1f6"
2026-05-10 18:26:17.300 +05:30 [INF] Executed DbCommand (3ms) [Parameters=[@userId='?' (DbType = Guid)], CommandType='"Text"', CommandTimeout='300']
SELECT i."Id", i."CreatedAt", i."Description", i."IsDeleted", i."MaxLot", i."Name", i."Notes", i."SafeLotSize", i."Symbol", i."UpdatedAt", i."UserId", i."VolatilityLevel"
FROM "Instruments" AS i
WHERE NOT (i."IsDeleted") AND i."UserId" = @userId
2026-05-10 18:26:17.394 +05:30 [INF] Executed DbCommand (4ms) [Parameters=[@userId='?' (DbType = Guid)], CommandType='"Text"', CommandTimeout='300']
SELECT t."Id", t."CreatedAt", t."EntryPrice", t."ExitPrice", t."InstrumentId", t."IsDeleted", t."LotSize", t."Notes", t."ProfitLoss", t."Result", t."RiskPercentage", t."RiskRewardRatio", t."StopLoss", t."Tags", t."TakeProfit", t."TradeDate", t."TradeDurationMinutes", t."TradeType", t."TradingAccountId", t."UpdatedAt", t."UserId", i0."Id", i0."CreatedAt", i0."Description", i0."IsDeleted", i0."MaxLot", i0."Name", i0."Notes", i0."SafeLotSize", i0."Symbol", i0."UpdatedAt", i0."UserId", i0."VolatilityLevel"
FROM "Trades" AS t
INNER JOIN (
    SELECT i."Id", i."CreatedAt", i."Description", i."IsDeleted", i."MaxLot", i."Name", i."Notes", i."SafeLotSize", i."Symbol", i."UpdatedAt", i."UserId", i."VolatilityLevel"
    FROM "Instruments" AS i
    WHERE NOT (i."IsDeleted")
) AS i0 ON t."InstrumentId" = i0."Id"
WHERE NOT (t."IsDeleted") AND t."UserId" = @userId
ORDER BY t."TradeDate"
2026-05-10 18:26:17.396 +05:30 [INF] Executing OkObjectResult, writing value of type 'System.Collections.Generic.List`1[[TradingJournal.Application.DTOs.Instruments.InstrumentDto, TradingJournal.Application, Version=1.0.0.0, Culture=neutral, PublicKeyToken=null]]'.
2026-05-10 18:26:17.396 +05:30 [INF] Executed action TradingJournal.API.Controllers.InstrumentsController.GetAll (TradingJournal.API) in 230.9048ms
2026-05-10 18:26:17.396 +05:30 [INF] Executed endpoint 'TradingJournal.API.Controllers.InstrumentsController.GetAll (TradingJournal.API)'
2026-05-10 18:26:17.396 +05:30 [INF] HTTP GET /api/instruments responded 200 in 232.7108 ms
2026-05-10 18:26:17.396 +05:30 [INF] Request finished HTTP/1.1 GET http://localhost:5283/api/instruments - 200 null application/json; charset=utf-8 233.003ms
2026-05-10 18:26:25.751 +05:30 [INF] Request starting HTTP/1.1 OPTIONS http://localhost:5283/api/dashboard/summary - null null
2026-05-10 18:26:25.752 +05:30 [INF] CORS policy execution successful.
2026-05-10 18:26:25.752 +05:30 [INF] HTTP OPTIONS /api/dashboard/summary responded 204 in 0.1073 ms
2026-05-10 18:26:25.752 +05:30 [INF] Request finished HTTP/1.1 OPTIONS http://localhost:5283/api/dashboard/summary - 204 null null 0.4042ms
2026-05-10 18:26:25.755 +05:30 [INF] Request starting HTTP/1.1 OPTIONS http://localhost:5283/api/dashboard/prop-firm-status - null null
2026-05-10 18:26:25.756 +05:30 [INF] CORS policy execution successful.
2026-05-10 18:26:25.756 +05:30 [INF] HTTP OPTIONS /api/dashboard/prop-firm-status responded 204 in 0.1418 ms
2026-05-10 18:26:25.756 +05:30 [INF] Request finished HTTP/1.1 OPTIONS http://localhost:5283/api/dashboard/prop-firm-status - 204 null null 0.4659ms
2026-05-10 18:26:25.762 +05:30 [INF] Request starting HTTP/1.1 GET http://localhost:5283/api/dashboard/summary - null null
2026-05-10 18:26:25.762 +05:30 [INF] CORS policy execution successful.
2026-05-10 18:26:25.763 +05:30 [INF] Executing endpoint 'TradingJournal.API.Controllers.DashboardController.GetSummary (TradingJournal.API)'
2026-05-10 18:26:25.763 +05:30 [INF] Route matched with {action = "GetSummary", controller = "Dashboard"}. Executing controller action with signature System.Threading.Tasks.Task`1[Microsoft.AspNetCore.Mvc.ActionResult`1[TradingJournal.Application.DTOs.Dashboard.DashboardSummaryDto]] GetSummary() on controller TradingJournal.API.Controllers.DashboardController (TradingJournal.API).
2026-05-10 18:26:25.763 +05:30 [INF] Fetching dashboard summary for user: "0a478092-7251-4b11-a785-05efbf8ad1f6"
2026-05-10 18:26:25.764 +05:30 [INF] Request starting HTTP/1.1 GET http://localhost:5283/api/dashboard/prop-firm-status - null null
2026-05-10 18:26:25.765 +05:30 [INF] CORS policy execution successful.
2026-05-10 18:26:25.765 +05:30 [INF] Executing endpoint 'TradingJournal.API.Controllers.DashboardController.GetPropFirmStatus (TradingJournal.API)'
2026-05-10 18:26:25.765 +05:30 [INF] Route matched with {action = "GetPropFirmStatus", controller = "Dashboard"}. Executing controller action with signature System.Threading.Tasks.Task`1[Microsoft.AspNetCore.Mvc.ActionResult`1[TradingJournal.Application.DTOs.Dashboard.PropFirmStatusDto]] GetPropFirmStatus() on controller TradingJournal.API.Controllers.DashboardController (TradingJournal.API).
2026-05-10 18:26:25.765 +05:30 [INF] Fetching prop firm status for user: "0a478092-7251-4b11-a785-05efbf8ad1f6"
2026-05-10 18:26:25.861 +05:30 [INF] Executed DbCommand (3ms) [Parameters=[@userId='?' (DbType = Guid)], CommandType='"Text"', CommandTimeout='300']
SELECT t."Id", t."Balance", t."Broker", t."CreatedAt", t."Currency", t."DailyDrawdownLimitPct", t."Has5xLotRule", t."IsDefault", t."IsDeleted", t."IsPropFirm", t."MaxAllowedLotSize", t."MaxOverallLossPct", t."MaxRiskPerTradePctOfDailyLimit", t."MinTradingDays", t."Name", t."NewsTradeAllowed", t."ProfitSplitPct", t."ProfitTargetPct", t."PropFirmName", t."PropFirmPlan", t."UpdatedAt", t."UseDynamicEquity", t."UserId", t."WeekendHoldingAllowed"
FROM "TradingAccounts" AS t
WHERE NOT (t."IsDeleted") AND t."UserId" = @userId AND t."IsDefault" AND NOT (t."IsDeleted")
LIMIT 1
2026-05-10 18:26:25.865 +05:30 [INF] Executed DbCommand (5ms) [Parameters=[@userId='?' (DbType = Guid)], CommandType='"Text"', CommandTimeout='300']
SELECT t."Id", t."CreatedAt", t."EntryPrice", t."ExitPrice", t."InstrumentId", t."IsDeleted", t."LotSize", t."Notes", t."ProfitLoss", t."Result", t."RiskPercentage", t."RiskRewardRatio", t."StopLoss", t."Tags", t."TakeProfit", t."TradeDate", t."TradeDurationMinutes", t."TradeType", t."TradingAccountId", t."UpdatedAt", t."UserId", i0."Id", i0."CreatedAt", i0."Description", i0."IsDeleted", i0."MaxLot", i0."Name", i0."Notes", i0."SafeLotSize", i0."Symbol", i0."UpdatedAt", i0."UserId", i0."VolatilityLevel"
FROM "Trades" AS t
INNER JOIN (
    SELECT i."Id", i."CreatedAt", i."Description", i."IsDeleted", i."MaxLot", i."Name", i."Notes", i."SafeLotSize", i."Symbol", i."UpdatedAt", i."UserId", i."VolatilityLevel"
    FROM "Instruments" AS i
    WHERE NOT (i."IsDeleted")
) AS i0 ON t."InstrumentId" = i0."Id"
WHERE NOT (t."IsDeleted") AND t."UserId" = @userId
ORDER BY t."TradeDate"
2026-05-10 18:26:25.949 +05:30 [INF] Executed DbCommand (3ms) [Parameters=[@userId='?' (DbType = Guid)], CommandType='"Text"', CommandTimeout='300']
SELECT t."Id", t."Balance", t."Broker", t."CreatedAt", t."Currency", t."DailyDrawdownLimitPct", t."Has5xLotRule", t."IsDefault", t."IsDeleted", t."IsPropFirm", t."MaxAllowedLotSize", t."MaxOverallLossPct", t."MaxRiskPerTradePctOfDailyLimit", t."MinTradingDays", t."Name", t."NewsTradeAllowed", t."ProfitSplitPct", t."ProfitTargetPct", t."PropFirmName", t."PropFirmPlan", t."UpdatedAt", t."UseDynamicEquity", t."UserId", t."WeekendHoldingAllowed"
FROM "TradingAccounts" AS t
WHERE NOT (t."IsDeleted") AND t."UserId" = @userId AND NOT (t."IsDeleted")
ORDER BY t."CreatedAt" DESC
LIMIT 1
2026-05-10 18:26:25.949 +05:30 [INF] Executed DbCommand (3ms) [Parameters=[@userId='?' (DbType = Guid)], CommandType='"Text"', CommandTimeout='300']
SELECT t."Id", t."Balance", t."Broker", t."CreatedAt", t."Currency", t."DailyDrawdownLimitPct", t."Has5xLotRule", t."IsDefault", t."IsDeleted", t."IsPropFirm", t."MaxAllowedLotSize", t."MaxOverallLossPct", t."MaxRiskPerTradePctOfDailyLimit", t."MinTradingDays", t."Name", t."NewsTradeAllowed", t."ProfitSplitPct", t."ProfitTargetPct", t."PropFirmName", t."PropFirmPlan", t."UpdatedAt", t."UseDynamicEquity", t."UserId", t."WeekendHoldingAllowed"
FROM "TradingAccounts" AS t
WHERE NOT (t."IsDeleted") AND t."UserId" = @userId AND t."IsDefault" AND NOT (t."IsDeleted")
LIMIT 1
2026-05-10 18:26:25.949 +05:30 [INF] No prop firm account found for user: "0a478092-7251-4b11-a785-05efbf8ad1f6" — returning null
2026-05-10 18:26:25.950 +05:30 [INF] Executing OkObjectResult, writing value of type 'null'.
2026-05-10 18:26:25.950 +05:30 [INF] Executed action TradingJournal.API.Controllers.DashboardController.GetPropFirmStatus (TradingJournal.API) in 184.6053ms
2026-05-10 18:26:25.950 +05:30 [INF] Executed endpoint 'TradingJournal.API.Controllers.DashboardController.GetPropFirmStatus (TradingJournal.API)'
2026-05-10 18:26:25.950 +05:30 [INF] HTTP GET /api/dashboard/prop-firm-status responded 204 in 185.7314 ms
2026-05-10 18:26:25.950 +05:30 [INF] Request finished HTTP/1.1 GET http://localhost:5283/api/dashboard/prop-firm-status - 204 null null 186.1017ms
2026-05-10 18:26:26.005 +05:30 [INF] Executed DbCommand (2ms) [Parameters=[@userId='?' (DbType = Guid)], CommandType='"Text"', CommandTimeout='300']
SELECT t."Id", t."Balance", t."Broker", t."CreatedAt", t."Currency", t."DailyDrawdownLimitPct", t."Has5xLotRule", t."IsDefault", t."IsDeleted", t."IsPropFirm", t."MaxAllowedLotSize", t."MaxOverallLossPct", t."MaxRiskPerTradePctOfDailyLimit", t."MinTradingDays", t."Name", t."NewsTradeAllowed", t."ProfitSplitPct", t."ProfitTargetPct", t."PropFirmName", t."PropFirmPlan", t."UpdatedAt", t."UseDynamicEquity", t."UserId", t."WeekendHoldingAllowed"
FROM "TradingAccounts" AS t
WHERE NOT (t."IsDeleted") AND t."UserId" = @userId AND NOT (t."IsDeleted")
ORDER BY t."CreatedAt" DESC
LIMIT 1
2026-05-10 18:26:26.165 +05:30 [INF] Executed DbCommand (2ms) [Parameters=[@userId='?' (DbType = Guid)], CommandType='"Text"', CommandTimeout='300']
SELECT a."Id", a."CreatedAt", a."DailyLossLimit", a."Email", a."EmailAlertEnabled", a."IsActive", a."IsDeleted", a."MaxDrawdownPercent", a."MaxTradesPerDay", a."UpdatedAt", a."UserId"
FROM "Alerts" AS a
WHERE a."UserId" = @userId
LIMIT 1
2026-05-10 18:26:26.220 +05:30 [INF] Executed DbCommand (2ms) [Parameters=[@userId='?' (DbType = Guid)], CommandType='"Text"', CommandTimeout='300']
SELECT i."Id", i."CreatedAt", i."Description", i."IsDeleted", i."MaxLot", i."Name", i."Notes", i."SafeLotSize", i."Symbol", i."UpdatedAt", i."UserId", i."VolatilityLevel"
FROM "Instruments" AS i
WHERE NOT (i."IsDeleted") AND i."UserId" = @userId
2026-05-10 18:26:26.222 +05:30 [INF] Executing OkObjectResult, writing value of type 'TradingJournal.Application.DTOs.Dashboard.DashboardSummaryDto'.
2026-05-10 18:26:26.222 +05:30 [INF] Executed action TradingJournal.API.Controllers.DashboardController.GetSummary (TradingJournal.API) in 458.9424ms
2026-05-10 18:26:26.222 +05:30 [INF] Executed endpoint 'TradingJournal.API.Controllers.DashboardController.GetSummary (TradingJournal.API)'
2026-05-10 18:26:26.222 +05:30 [INF] HTTP GET /api/dashboard/summary responded 200 in 459.9631 ms
2026-05-10 18:26:26.222 +05:30 [INF] Request finished HTTP/1.1 GET http://localhost:5283/api/dashboard/summary - 200 null application/json; charset=utf-8 460.356ms
2026-05-10 18:27:06.365 +05:30 [INF] Request starting HTTP/1.1 OPTIONS http://localhost:5283/api/dashboard/ai-insights - null null
2026-05-10 18:27:06.365 +05:30 [INF] CORS policy execution successful.
2026-05-10 18:27:06.365 +05:30 [INF] HTTP OPTIONS /api/dashboard/ai-insights responded 204 in 0.1373 ms
2026-05-10 18:27:06.366 +05:30 [INF] Request finished HTTP/1.1 OPTIONS http://localhost:5283/api/dashboard/ai-insights - 204 null null 0.5638ms
2026-05-10 18:27:06.366 +05:30 [INF] Request starting HTTP/1.1 OPTIONS http://localhost:5283/api/dashboard/performance - null null
2026-05-10 18:27:06.366 +05:30 [INF] CORS policy execution successful.
2026-05-10 18:27:06.366 +05:30 [INF] HTTP OPTIONS /api/dashboard/performance responded 204 in 0.1910 ms
2026-05-10 18:27:06.367 +05:30 [INF] Request finished HTTP/1.1 OPTIONS http://localhost:5283/api/dashboard/performance - 204 null null 0.5165ms
2026-05-10 18:27:06.367 +05:30 [INF] Request starting HTTP/1.1 OPTIONS http://localhost:5283/api/dashboard/drawdown - null null
2026-05-10 18:27:06.367 +05:30 [INF] CORS policy execution successful.
2026-05-10 18:27:06.367 +05:30 [INF] HTTP OPTIONS /api/dashboard/drawdown responded 204 in 0.0801 ms
2026-05-10 18:27:06.367 +05:30 [INF] Request finished HTTP/1.1 OPTIONS http://localhost:5283/api/dashboard/drawdown - 204 null null 0.2472ms
2026-05-10 18:27:06.372 +05:30 [INF] Request starting HTTP/1.1 GET http://localhost:5283/api/dashboard/ai-insights - null null
2026-05-10 18:27:06.372 +05:30 [INF] Request starting HTTP/1.1 GET http://localhost:5283/api/dashboard/performance - null null
2026-05-10 18:27:06.372 +05:30 [INF] CORS policy execution successful.
2026-05-10 18:27:06.372 +05:30 [INF] CORS policy execution successful.
2026-05-10 18:27:06.372 +05:30 [INF] Executing endpoint 'TradingJournal.API.Controllers.DashboardController.GetAiInsights (TradingJournal.API)'
2026-05-10 18:27:06.372 +05:30 [INF] Request starting HTTP/1.1 GET http://localhost:5283/api/dashboard/drawdown - null null
2026-05-10 18:27:06.372 +05:30 [INF] Route matched with {action = "GetAiInsights", controller = "Dashboard"}. Executing controller action with signature System.Threading.Tasks.Task`1[Microsoft.AspNetCore.Mvc.ActionResult`1[TradingJournal.Application.DTOs.Analytics.AiAnalysisDto]] GetAiInsights() on controller TradingJournal.API.Controllers.DashboardController (TradingJournal.API).
2026-05-10 18:27:06.372 +05:30 [INF] Executing endpoint 'TradingJournal.API.Controllers.DashboardController.GetPerformance (TradingJournal.API)'
2026-05-10 18:27:06.372 +05:30 [INF] CORS policy execution successful.
2026-05-10 18:27:06.372 +05:30 [INF] Route matched with {action = "GetPerformance", controller = "Dashboard"}. Executing controller action with signature System.Threading.Tasks.Task`1[Microsoft.AspNetCore.Mvc.ActionResult`1[TradingJournal.Application.DTOs.Dashboard.PerformanceMetricsDto]] GetPerformance() on controller TradingJournal.API.Controllers.DashboardController (TradingJournal.API).
2026-05-10 18:27:06.372 +05:30 [INF] Fetching AI insights for user: "0a478092-7251-4b11-a785-05efbf8ad1f6"
2026-05-10 18:27:06.372 +05:30 [INF] Executing endpoint 'TradingJournal.API.Controllers.DashboardController.GetDrawdown (TradingJournal.API)'
2026-05-10 18:27:06.372 +05:30 [INF] Fetching performance metrics for user: "0a478092-7251-4b11-a785-05efbf8ad1f6"
2026-05-10 18:27:06.372 +05:30 [INF] Route matched with {action = "GetDrawdown", controller = "Dashboard"}. Executing controller action with signature System.Threading.Tasks.Task`1[Microsoft.AspNetCore.Mvc.ActionResult`1[TradingJournal.Application.DTOs.Dashboard.DrawdownDto]] GetDrawdown() on controller TradingJournal.API.Controllers.DashboardController (TradingJournal.API).
2026-05-10 18:27:06.373 +05:30 [INF] Fetching drawdown for user: "0a478092-7251-4b11-a785-05efbf8ad1f6"
2026-05-10 18:27:06.473 +05:30 [INF] Executed DbCommand (4ms) [Parameters=[@userId='?' (DbType = Guid)], CommandType='"Text"', CommandTimeout='300']
SELECT t."Id", t."CreatedAt", t."EntryPrice", t."ExitPrice", t."InstrumentId", t."IsDeleted", t."LotSize", t."Notes", t."ProfitLoss", t."Result", t."RiskPercentage", t."RiskRewardRatio", t."StopLoss", t."Tags", t."TakeProfit", t."TradeDate", t."TradeDurationMinutes", t."TradeType", t."TradingAccountId", t."UpdatedAt", t."UserId", i0."Id", i0."CreatedAt", i0."Description", i0."IsDeleted", i0."MaxLot", i0."Name", i0."Notes", i0."SafeLotSize", i0."Symbol", i0."UpdatedAt", i0."UserId", i0."VolatilityLevel"
FROM "Trades" AS t
INNER JOIN (
    SELECT i."Id", i."CreatedAt", i."Description", i."IsDeleted", i."MaxLot", i."Name", i."Notes", i."SafeLotSize", i."Symbol", i."UpdatedAt", i."UserId", i."VolatilityLevel"
    FROM "Instruments" AS i
    WHERE NOT (i."IsDeleted")
) AS i0 ON t."InstrumentId" = i0."Id"
WHERE NOT (t."IsDeleted") AND t."UserId" = @userId
ORDER BY t."TradeDate"
2026-05-10 18:27:06.485 +05:30 [INF] Executed DbCommand (11ms) [Parameters=[@userId='?' (DbType = Guid)], CommandType='"Text"', CommandTimeout='300']
SELECT t."Id", t."CreatedAt", t."EntryPrice", t."ExitPrice", t."InstrumentId", t."IsDeleted", t."LotSize", t."Notes", t."ProfitLoss", t."Result", t."RiskPercentage", t."RiskRewardRatio", t."StopLoss", t."Tags", t."TakeProfit", t."TradeDate", t."TradeDurationMinutes", t."TradeType", t."TradingAccountId", t."UpdatedAt", t."UserId", i0."Id", i0."CreatedAt", i0."Description", i0."IsDeleted", i0."MaxLot", i0."Name", i0."Notes", i0."SafeLotSize", i0."Symbol", i0."UpdatedAt", i0."UserId", i0."VolatilityLevel"
FROM "Trades" AS t
INNER JOIN (
    SELECT i."Id", i."CreatedAt", i."Description", i."IsDeleted", i."MaxLot", i."Name", i."Notes", i."SafeLotSize", i."Symbol", i."UpdatedAt", i."UserId", i."VolatilityLevel"
    FROM "Instruments" AS i
    WHERE NOT (i."IsDeleted")
) AS i0 ON t."InstrumentId" = i0."Id"
WHERE NOT (t."IsDeleted") AND t."UserId" = @userId
ORDER BY t."TradeDate"
2026-05-10 18:27:06.486 +05:30 [INF] Executed DbCommand (10ms) [Parameters=[@userId='?' (DbType = Guid)], CommandType='"Text"', CommandTimeout='300']
SELECT t."Id", t."CreatedAt", t."EntryPrice", t."ExitPrice", t."InstrumentId", t."IsDeleted", t."LotSize", t."Notes", t."ProfitLoss", t."Result", t."RiskPercentage", t."RiskRewardRatio", t."StopLoss", t."Tags", t."TakeProfit", t."TradeDate", t."TradeDurationMinutes", t."TradeType", t."TradingAccountId", t."UpdatedAt", t."UserId", i0."Id", i0."CreatedAt", i0."Description", i0."IsDeleted", i0."MaxLot", i0."Name", i0."Notes", i0."SafeLotSize", i0."Symbol", i0."UpdatedAt", i0."UserId", i0."VolatilityLevel"
FROM "Trades" AS t
INNER JOIN (
    SELECT i."Id", i."CreatedAt", i."Description", i."IsDeleted", i."MaxLot", i."Name", i."Notes", i."SafeLotSize", i."Symbol", i."UpdatedAt", i."UserId", i."VolatilityLevel"
    FROM "Instruments" AS i
    WHERE NOT (i."IsDeleted")
) AS i0 ON t."InstrumentId" = i0."Id"
WHERE NOT (t."IsDeleted") AND t."UserId" = @userId
ORDER BY t."TradeDate"
2026-05-10 18:27:06.487 +05:30 [INF] Executing OkObjectResult, writing value of type 'TradingJournal.Application.DTOs.Dashboard.PerformanceMetricsDto'.
2026-05-10 18:27:06.487 +05:30 [INF] Executed action TradingJournal.API.Controllers.DashboardController.GetPerformance (TradingJournal.API) in 114.8388ms
2026-05-10 18:27:06.487 +05:30 [INF] Executed endpoint 'TradingJournal.API.Controllers.DashboardController.GetPerformance (TradingJournal.API)'
2026-05-10 18:27:06.487 +05:30 [INF] HTTP GET /api/dashboard/performance responded 200 in 115.3996 ms
2026-05-10 18:27:06.487 +05:30 [INF] Request finished HTTP/1.1 GET http://localhost:5283/api/dashboard/performance - 200 null application/json; charset=utf-8 115.8034ms
2026-05-10 18:27:06.560 +05:30 [INF] Executed DbCommand (2ms) [Parameters=[@userId='?' (DbType = Guid)], CommandType='"Text"', CommandTimeout='300']
SELECT i."Id", i."CreatedAt", i."Description", i."IsDeleted", i."MaxLot", i."Name", i."Notes", i."SafeLotSize", i."Symbol", i."UpdatedAt", i."UserId", i."VolatilityLevel"
FROM "Instruments" AS i
WHERE NOT (i."IsDeleted") AND i."UserId" = @userId
2026-05-10 18:27:06.561 +05:30 [INF] Executing OkObjectResult, writing value of type 'TradingJournal.Application.DTOs.Analytics.AiAnalysisDto'.
2026-05-10 18:27:06.562 +05:30 [INF] Executed action TradingJournal.API.Controllers.DashboardController.GetAiInsights (TradingJournal.API) in 189.9664ms
2026-05-10 18:27:06.562 +05:30 [INF] Executed endpoint 'TradingJournal.API.Controllers.DashboardController.GetAiInsights (TradingJournal.API)'
2026-05-10 18:27:06.562 +05:30 [INF] HTTP GET /api/dashboard/ai-insights responded 200 in 190.6325 ms
2026-05-10 18:27:06.563 +05:30 [INF] Request finished HTTP/1.1 GET http://localhost:5283/api/dashboard/ai-insights - 200 null application/json; charset=utf-8 190.9265ms
2026-05-10 18:27:06.568 +05:30 [INF] Executed DbCommand (6ms) [Parameters=[@userId='?' (DbType = Guid)], CommandType='"Text"', CommandTimeout='300']
SELECT t."Id", t."Balance", t."Broker", t."CreatedAt", t."Currency", t."DailyDrawdownLimitPct", t."Has5xLotRule", t."IsDefault", t."IsDeleted", t."IsPropFirm", t."MaxAllowedLotSize", t."MaxOverallLossPct", t."MaxRiskPerTradePctOfDailyLimit", t."MinTradingDays", t."Name", t."NewsTradeAllowed", t."ProfitSplitPct", t."ProfitTargetPct", t."PropFirmName", t."PropFirmPlan", t."UpdatedAt", t."UseDynamicEquity", t."UserId", t."WeekendHoldingAllowed"
FROM "TradingAccounts" AS t
WHERE NOT (t."IsDeleted") AND t."UserId" = @userId AND t."IsDefault" AND NOT (t."IsDeleted")
LIMIT 1
2026-05-10 18:27:06.624 +05:30 [INF] Executed DbCommand (2ms) [Parameters=[@userId='?' (DbType = Guid)], CommandType='"Text"', CommandTimeout='300']
SELECT t."Id", t."Balance", t."Broker", t."CreatedAt", t."Currency", t."DailyDrawdownLimitPct", t."Has5xLotRule", t."IsDefault", t."IsDeleted", t."IsPropFirm", t."MaxAllowedLotSize", t."MaxOverallLossPct", t."MaxRiskPerTradePctOfDailyLimit", t."MinTradingDays", t."Name", t."NewsTradeAllowed", t."ProfitSplitPct", t."ProfitTargetPct", t."PropFirmName", t."PropFirmPlan", t."UpdatedAt", t."UseDynamicEquity", t."UserId", t."WeekendHoldingAllowed"
FROM "TradingAccounts" AS t
WHERE NOT (t."IsDeleted") AND t."UserId" = @userId AND NOT (t."IsDeleted")
ORDER BY t."CreatedAt" DESC
LIMIT 1
2026-05-10 18:27:06.673 +05:30 [INF] Executed DbCommand (1ms) [Parameters=[@userId='?' (DbType = Guid)], CommandType='"Text"', CommandTimeout='300']
SELECT a."Id", a."CreatedAt", a."DailyLossLimit", a."Email", a."EmailAlertEnabled", a."IsActive", a."IsDeleted", a."MaxDrawdownPercent", a."MaxTradesPerDay", a."UpdatedAt", a."UserId"
FROM "Alerts" AS a
WHERE a."UserId" = @userId
LIMIT 1
2026-05-10 18:27:06.673 +05:30 [INF] Executing OkObjectResult, writing value of type 'TradingJournal.Application.DTOs.Dashboard.DrawdownDto'.
2026-05-10 18:27:06.674 +05:30 [INF] Executed action TradingJournal.API.Controllers.DashboardController.GetDrawdown (TradingJournal.API) in 301.0146ms
2026-05-10 18:27:06.674 +05:30 [INF] Executed endpoint 'TradingJournal.API.Controllers.DashboardController.GetDrawdown (TradingJournal.API)'
2026-05-10 18:27:06.674 +05:30 [INF] HTTP GET /api/dashboard/drawdown responded 200 in 301.5858 ms
2026-05-10 18:27:06.674 +05:30 [INF] Request finished HTTP/1.1 GET http://localhost:5283/api/dashboard/drawdown - 200 null application/json; charset=utf-8 301.7496ms
2026-05-10 18:28:34.331 +05:30 [INF] Request starting HTTP/1.1 OPTIONS http://localhost:5283/api/notes?page=1&pageSize=12 - null null
2026-05-10 18:28:34.331 +05:30 [INF] CORS policy execution successful.
2026-05-10 18:28:34.331 +05:30 [INF] HTTP OPTIONS /api/notes responded 204 in 0.0825 ms
2026-05-10 18:28:34.331 +05:30 [INF] Request finished HTTP/1.1 OPTIONS http://localhost:5283/api/notes?page=1&pageSize=12 - 204 null null 0.3097ms
2026-05-10 18:28:34.334 +05:30 [INF] Request starting HTTP/1.1 GET http://localhost:5283/api/notes?page=1&pageSize=12 - null null
2026-05-10 18:28:34.334 +05:30 [INF] CORS policy execution successful.
2026-05-10 18:28:34.335 +05:30 [INF] Executing endpoint 'TradingJournal.API.Controllers.NotesController.GetAll (TradingJournal.API)'
2026-05-10 18:28:34.335 +05:30 [INF] Route matched with {action = "GetAll", controller = "Notes"}. Executing controller action with signature System.Threading.Tasks.Task`1[Microsoft.AspNetCore.Mvc.ActionResult`1[TradingJournal.Application.DTOs.Notes.PagedNotesDto]] GetAll(TradingJournal.Application.DTOs.Notes.NoteFilterDto) on controller TradingJournal.API.Controllers.NotesController (TradingJournal.API).
2026-05-10 18:28:34.337 +05:30 [INF] Fetching notes for user: "0a478092-7251-4b11-a785-05efbf8ad1f6"
2026-05-10 18:28:34.407 +05:30 [INF] Executed DbCommand (2ms) [Parameters=[@userId='?' (DbType = Guid)], CommandType='"Text"', CommandTimeout='300']
SELECT count(*)::int
FROM "Notes" AS n
WHERE NOT (n."IsDeleted") AND n."UserId" = @userId
2026-05-10 18:28:34.459 +05:30 [INF] Executed DbCommand (2ms) [Parameters=[@userId='?' (DbType = Guid), @p2='?' (DbType = Int32), @p='?' (DbType = Int32)], CommandType='"Text"', CommandTimeout='300']
SELECT n."Id", n."Content", n."CreatedAt", n."IsDeleted", n."IsPinned", n."Tags", n."Title", n."UpdatedAt", n."UserId"
FROM "Notes" AS n
WHERE NOT (n."IsDeleted") AND n."UserId" = @userId
ORDER BY n."IsPinned" DESC, n."CreatedAt" DESC
LIMIT @p2 OFFSET @p
2026-05-10 18:28:34.459 +05:30 [INF] Executing OkObjectResult, writing value of type 'TradingJournal.Application.DTOs.Notes.PagedNotesDto'.
2026-05-10 18:28:34.460 +05:30 [INF] Executed action TradingJournal.API.Controllers.NotesController.GetAll (TradingJournal.API) in 125.1105ms
2026-05-10 18:28:34.460 +05:30 [INF] Executed endpoint 'TradingJournal.API.Controllers.NotesController.GetAll (TradingJournal.API)'
2026-05-10 18:28:34.460 +05:30 [INF] HTTP GET /api/notes responded 200 in 126.4212 ms
2026-05-10 18:28:34.461 +05:30 [INF] Request finished HTTP/1.1 GET http://localhost:5283/api/notes?page=1&pageSize=12 - 200 null application/json; charset=utf-8 126.663ms
2026-05-10 18:28:34.851 +05:30 [INF] Request starting HTTP/1.1 OPTIONS http://localhost:5283/api/instruments - null null
2026-05-10 18:28:34.851 +05:30 [INF] CORS policy execution successful.
2026-05-10 18:28:34.851 +05:30 [INF] HTTP OPTIONS /api/instruments responded 204 in 0.1556 ms
2026-05-10 18:28:34.851 +05:30 [INF] Request finished HTTP/1.1 OPTIONS http://localhost:5283/api/instruments - 204 null null 0.4556ms
2026-05-10 18:28:34.852 +05:30 [INF] Request starting HTTP/1.1 OPTIONS http://localhost:5283/api/accounts - null null
2026-05-10 18:28:34.852 +05:30 [INF] CORS policy execution successful.
2026-05-10 18:28:34.852 +05:30 [INF] HTTP OPTIONS /api/accounts responded 204 in 0.0746 ms
2026-05-10 18:28:34.852 +05:30 [INF] Request finished HTTP/1.1 OPTIONS http://localhost:5283/api/accounts - 204 null null 0.2504ms
2026-05-10 18:28:34.856 +05:30 [INF] Request starting HTTP/1.1 GET http://localhost:5283/api/instruments - null null
2026-05-10 18:28:34.856 +05:30 [INF] CORS policy execution successful.
2026-05-10 18:28:34.856 +05:30 [INF] Request starting HTTP/1.1 GET http://localhost:5283/api/accounts - null null
2026-05-10 18:28:34.857 +05:30 [INF] CORS policy execution successful.
2026-05-10 18:28:34.857 +05:30 [INF] Executing endpoint 'TradingJournal.API.Controllers.InstrumentsController.GetAll (TradingJournal.API)'
2026-05-10 18:28:34.857 +05:30 [INF] Executing endpoint 'TradingJournal.API.Controllers.TradingAccountController.GetAccounts (TradingJournal.API)'
2026-05-10 18:28:34.857 +05:30 [INF] Route matched with {action = "GetAll", controller = "Instruments"}. Executing controller action with signature System.Threading.Tasks.Task`1[Microsoft.AspNetCore.Mvc.ActionResult`1[System.Collections.Generic.List`1[TradingJournal.Application.DTOs.Instruments.InstrumentDto]]] GetAll() on controller TradingJournal.API.Controllers.InstrumentsController (TradingJournal.API).
2026-05-10 18:28:34.857 +05:30 [INF] Route matched with {action = "GetAccounts", controller = "TradingAccount"}. Executing controller action with signature System.Threading.Tasks.Task`1[Microsoft.AspNetCore.Mvc.ActionResult`1[System.Collections.Generic.List`1[TradingJournal.Application.DTOs.Accounts.TradingAccountDto]]] GetAccounts(System.Nullable`1[System.Guid]) on controller TradingJournal.API.Controllers.TradingAccountController (TradingJournal.API).
2026-05-10 18:28:34.857 +05:30 [INF] Fetching all instruments for user: "0a478092-7251-4b11-a785-05efbf8ad1f6"
2026-05-10 18:28:34.857 +05:30 [INF] Getting trading accounts for user "0a478092-7251-4b11-a785-05efbf8ad1f6"
2026-05-10 18:28:34.962 +05:30 [INF] Executed DbCommand (3ms) [Parameters=[@userId='?' (DbType = Guid)], CommandType='"Text"', CommandTimeout='300']
SELECT i."Id", i."CreatedAt", i."Description", i."IsDeleted", i."MaxLot", i."Name", i."Notes", i."SafeLotSize", i."Symbol", i."UpdatedAt", i."UserId", i."VolatilityLevel"
FROM "Instruments" AS i
WHERE NOT (i."IsDeleted") AND i."UserId" = @userId
2026-05-10 18:28:34.968 +05:30 [INF] Executed DbCommand (5ms) [Parameters=[@userId='?' (DbType = Guid)], CommandType='"Text"', CommandTimeout='300']
SELECT t."Id", t."Balance", t."Broker", t."CreatedAt", t."Currency", t."DailyDrawdownLimitPct", t."Has5xLotRule", t."IsDefault", t."IsDeleted", t."IsPropFirm", t."MaxAllowedLotSize", t."MaxOverallLossPct", t."MaxRiskPerTradePctOfDailyLimit", t."MinTradingDays", t."Name", t."NewsTradeAllowed", t."ProfitSplitPct", t."ProfitTargetPct", t."PropFirmName", t."PropFirmPlan", t."UpdatedAt", t."UseDynamicEquity", t."UserId", t."WeekendHoldingAllowed"
FROM "TradingAccounts" AS t
WHERE NOT (t."IsDeleted") AND t."UserId" = @userId AND NOT (t."IsDeleted")
ORDER BY t."IsDefault" DESC, t."CreatedAt" DESC
2026-05-10 18:28:34.968 +05:30 [INF] Executing OkObjectResult, writing value of type 'System.Collections.Generic.List`1[[TradingJournal.Application.DTOs.Accounts.TradingAccountDto, TradingJournal.Application, Version=1.0.0.0, Culture=neutral, PublicKeyToken=null]]'.
2026-05-10 18:28:34.969 +05:30 [INF] Executed action TradingJournal.API.Controllers.TradingAccountController.GetAccounts (TradingJournal.API) in 112.0758ms
2026-05-10 18:28:34.969 +05:30 [INF] Executed endpoint 'TradingJournal.API.Controllers.TradingAccountController.GetAccounts (TradingJournal.API)'
2026-05-10 18:28:34.969 +05:30 [INF] HTTP GET /api/accounts responded 200 in 112.6157 ms
2026-05-10 18:28:34.969 +05:30 [INF] Request finished HTTP/1.1 GET http://localhost:5283/api/accounts - 200 null application/json; charset=utf-8 112.9193ms
2026-05-10 18:28:35.050 +05:30 [INF] Executed DbCommand (7ms) [Parameters=[@userId='?' (DbType = Guid)], CommandType='"Text"', CommandTimeout='300']
SELECT t."Id", t."CreatedAt", t."EntryPrice", t."ExitPrice", t."InstrumentId", t."IsDeleted", t."LotSize", t."Notes", t."ProfitLoss", t."Result", t."RiskPercentage", t."RiskRewardRatio", t."StopLoss", t."Tags", t."TakeProfit", t."TradeDate", t."TradeDurationMinutes", t."TradeType", t."TradingAccountId", t."UpdatedAt", t."UserId", i0."Id", i0."CreatedAt", i0."Description", i0."IsDeleted", i0."MaxLot", i0."Name", i0."Notes", i0."SafeLotSize", i0."Symbol", i0."UpdatedAt", i0."UserId", i0."VolatilityLevel"
FROM "Trades" AS t
INNER JOIN (
    SELECT i."Id", i."CreatedAt", i."Description", i."IsDeleted", i."MaxLot", i."Name", i."Notes", i."SafeLotSize", i."Symbol", i."UpdatedAt", i."UserId", i."VolatilityLevel"
    FROM "Instruments" AS i
    WHERE NOT (i."IsDeleted")
) AS i0 ON t."InstrumentId" = i0."Id"
WHERE NOT (t."IsDeleted") AND t."UserId" = @userId
ORDER BY t."TradeDate"
2026-05-10 18:28:35.050 +05:30 [INF] Executing OkObjectResult, writing value of type 'System.Collections.Generic.List`1[[TradingJournal.Application.DTOs.Instruments.InstrumentDto, TradingJournal.Application, Version=1.0.0.0, Culture=neutral, PublicKeyToken=null]]'.
2026-05-10 18:28:35.050 +05:30 [INF] Executed action TradingJournal.API.Controllers.InstrumentsController.GetAll (TradingJournal.API) in 193.5869ms
2026-05-10 18:28:35.051 +05:30 [INF] Executed endpoint 'TradingJournal.API.Controllers.InstrumentsController.GetAll (TradingJournal.API)'
2026-05-10 18:28:35.051 +05:30 [INF] HTTP GET /api/instruments responded 200 in 194.6508 ms
2026-05-10 18:28:35.051 +05:30 [INF] Request finished HTTP/1.1 GET http://localhost:5283/api/instruments - 200 null application/json; charset=utf-8 195.0354ms
2026-05-10 18:28:35.400 +05:30 [INF] Request starting HTTP/1.1 GET http://localhost:5283/api/accounts - null null
2026-05-10 18:28:35.401 +05:30 [INF] CORS policy execution successful.
2026-05-10 18:28:35.401 +05:30 [INF] Executing endpoint 'TradingJournal.API.Controllers.TradingAccountController.GetAccounts (TradingJournal.API)'
2026-05-10 18:28:35.401 +05:30 [INF] Route matched with {action = "GetAccounts", controller = "TradingAccount"}. Executing controller action with signature System.Threading.Tasks.Task`1[Microsoft.AspNetCore.Mvc.ActionResult`1[System.Collections.Generic.List`1[TradingJournal.Application.DTOs.Accounts.TradingAccountDto]]] GetAccounts(System.Nullable`1[System.Guid]) on controller TradingJournal.API.Controllers.TradingAccountController (TradingJournal.API).
2026-05-10 18:28:35.402 +05:30 [INF] Getting trading accounts for user "0a478092-7251-4b11-a785-05efbf8ad1f6"
2026-05-10 18:28:35.489 +05:30 [INF] Executed DbCommand (2ms) [Parameters=[@userId='?' (DbType = Guid)], CommandType='"Text"', CommandTimeout='300']
SELECT t."Id", t."Balance", t."Broker", t."CreatedAt", t."Currency", t."DailyDrawdownLimitPct", t."Has5xLotRule", t."IsDefault", t."IsDeleted", t."IsPropFirm", t."MaxAllowedLotSize", t."MaxOverallLossPct", t."MaxRiskPerTradePctOfDailyLimit", t."MinTradingDays", t."Name", t."NewsTradeAllowed", t."ProfitSplitPct", t."ProfitTargetPct", t."PropFirmName", t."PropFirmPlan", t."UpdatedAt", t."UseDynamicEquity", t."UserId", t."WeekendHoldingAllowed"
FROM "TradingAccounts" AS t
WHERE NOT (t."IsDeleted") AND t."UserId" = @userId AND NOT (t."IsDeleted")
ORDER BY t."IsDefault" DESC, t."CreatedAt" DESC
2026-05-10 18:28:35.490 +05:30 [INF] Executing OkObjectResult, writing value of type 'System.Collections.Generic.List`1[[TradingJournal.Application.DTOs.Accounts.TradingAccountDto, TradingJournal.Application, Version=1.0.0.0, Culture=neutral, PublicKeyToken=null]]'.
2026-05-10 18:28:35.490 +05:30 [INF] Executed action TradingJournal.API.Controllers.TradingAccountController.GetAccounts (TradingJournal.API) in 88.5037ms
2026-05-10 18:28:35.490 +05:30 [INF] Executed endpoint 'TradingJournal.API.Controllers.TradingAccountController.GetAccounts (TradingJournal.API)'
2026-05-10 18:28:35.490 +05:30 [INF] HTTP GET /api/accounts responded 200 in 89.1738 ms
2026-05-10 18:28:35.490 +05:30 [INF] Request finished HTTP/1.1 GET http://localhost:5283/api/accounts - 200 null application/json; charset=utf-8 89.4113ms
2026-05-10 18:28:37.737 +05:30 [INF] Request starting HTTP/1.1 GET http://localhost:5283/api/instruments - null null
2026-05-10 18:28:37.737 +05:30 [INF] CORS policy execution successful.
2026-05-10 18:28:37.738 +05:30 [INF] Executing endpoint 'TradingJournal.API.Controllers.InstrumentsController.GetAll (TradingJournal.API)'
2026-05-10 18:28:37.738 +05:30 [INF] Route matched with {action = "GetAll", controller = "Instruments"}. Executing controller action with signature System.Threading.Tasks.Task`1[Microsoft.AspNetCore.Mvc.ActionResult`1[System.Collections.Generic.List`1[TradingJournal.Application.DTOs.Instruments.InstrumentDto]]] GetAll() on controller TradingJournal.API.Controllers.InstrumentsController (TradingJournal.API).
2026-05-10 18:28:37.738 +05:30 [INF] Fetching all instruments for user: "0a478092-7251-4b11-a785-05efbf8ad1f6"
2026-05-10 18:28:37.738 +05:30 [INF] Request starting HTTP/1.1 GET http://localhost:5283/api/accounts - null null
2026-05-10 18:28:37.738 +05:30 [INF] CORS policy execution successful.
2026-05-10 18:28:37.738 +05:30 [INF] Executing endpoint 'TradingJournal.API.Controllers.TradingAccountController.GetAccounts (TradingJournal.API)'
2026-05-10 18:28:37.739 +05:30 [INF] Route matched with {action = "GetAccounts", controller = "TradingAccount"}. Executing controller action with signature System.Threading.Tasks.Task`1[Microsoft.AspNetCore.Mvc.ActionResult`1[System.Collections.Generic.List`1[TradingJournal.Application.DTOs.Accounts.TradingAccountDto]]] GetAccounts(System.Nullable`1[System.Guid]) on controller TradingJournal.API.Controllers.TradingAccountController (TradingJournal.API).
2026-05-10 18:28:37.739 +05:30 [INF] Getting trading accounts for user "0a478092-7251-4b11-a785-05efbf8ad1f6"
2026-05-10 18:28:37.838 +05:30 [INF] Executed DbCommand (3ms) [Parameters=[@userId='?' (DbType = Guid)], CommandType='"Text"', CommandTimeout='300']
SELECT i."Id", i."CreatedAt", i."Description", i."IsDeleted", i."MaxLot", i."Name", i."Notes", i."SafeLotSize", i."Symbol", i."UpdatedAt", i."UserId", i."VolatilityLevel"
FROM "Instruments" AS i
WHERE NOT (i."IsDeleted") AND i."UserId" = @userId
2026-05-10 18:28:37.850 +05:30 [INF] Executed DbCommand (6ms) [Parameters=[@userId='?' (DbType = Guid)], CommandType='"Text"', CommandTimeout='300']
SELECT t."Id", t."Balance", t."Broker", t."CreatedAt", t."Currency", t."DailyDrawdownLimitPct", t."Has5xLotRule", t."IsDefault", t."IsDeleted", t."IsPropFirm", t."MaxAllowedLotSize", t."MaxOverallLossPct", t."MaxRiskPerTradePctOfDailyLimit", t."MinTradingDays", t."Name", t."NewsTradeAllowed", t."ProfitSplitPct", t."ProfitTargetPct", t."PropFirmName", t."PropFirmPlan", t."UpdatedAt", t."UseDynamicEquity", t."UserId", t."WeekendHoldingAllowed"
FROM "TradingAccounts" AS t
WHERE NOT (t."IsDeleted") AND t."UserId" = @userId AND NOT (t."IsDeleted")
ORDER BY t."IsDefault" DESC, t."CreatedAt" DESC
2026-05-10 18:28:37.851 +05:30 [INF] Executing OkObjectResult, writing value of type 'System.Collections.Generic.List`1[[TradingJournal.Application.DTOs.Accounts.TradingAccountDto, TradingJournal.Application, Version=1.0.0.0, Culture=neutral, PublicKeyToken=null]]'.
2026-05-10 18:28:37.851 +05:30 [INF] Executed action TradingJournal.API.Controllers.TradingAccountController.GetAccounts (TradingJournal.API) in 112.5039ms
2026-05-10 18:28:37.851 +05:30 [INF] Executed endpoint 'TradingJournal.API.Controllers.TradingAccountController.GetAccounts (TradingJournal.API)'
2026-05-10 18:28:37.851 +05:30 [INF] HTTP GET /api/accounts responded 200 in 113.4083 ms
2026-05-10 18:28:37.852 +05:30 [INF] Request finished HTTP/1.1 GET http://localhost:5283/api/accounts - 200 null application/json; charset=utf-8 114.0742ms
2026-05-10 18:28:37.920 +05:30 [INF] Executed DbCommand (4ms) [Parameters=[@userId='?' (DbType = Guid)], CommandType='"Text"', CommandTimeout='300']
SELECT t."Id", t."CreatedAt", t."EntryPrice", t."ExitPrice", t."InstrumentId", t."IsDeleted", t."LotSize", t."Notes", t."ProfitLoss", t."Result", t."RiskPercentage", t."RiskRewardRatio", t."StopLoss", t."Tags", t."TakeProfit", t."TradeDate", t."TradeDurationMinutes", t."TradeType", t."TradingAccountId", t."UpdatedAt", t."UserId", i0."Id", i0."CreatedAt", i0."Description", i0."IsDeleted", i0."MaxLot", i0."Name", i0."Notes", i0."SafeLotSize", i0."Symbol", i0."UpdatedAt", i0."UserId", i0."VolatilityLevel"
FROM "Trades" AS t
INNER JOIN (
    SELECT i."Id", i."CreatedAt", i."Description", i."IsDeleted", i."MaxLot", i."Name", i."Notes", i."SafeLotSize", i."Symbol", i."UpdatedAt", i."UserId", i."VolatilityLevel"
    FROM "Instruments" AS i
    WHERE NOT (i."IsDeleted")
) AS i0 ON t."InstrumentId" = i0."Id"
WHERE NOT (t."IsDeleted") AND t."UserId" = @userId
ORDER BY t."TradeDate"
2026-05-10 18:28:37.921 +05:30 [INF] Executing OkObjectResult, writing value of type 'System.Collections.Generic.List`1[[TradingJournal.Application.DTOs.Instruments.InstrumentDto, TradingJournal.Application, Version=1.0.0.0, Culture=neutral, PublicKeyToken=null]]'.
2026-05-10 18:28:37.921 +05:30 [INF] Executed action TradingJournal.API.Controllers.InstrumentsController.GetAll (TradingJournal.API) in 183.751ms
2026-05-10 18:28:37.921 +05:30 [INF] Executed endpoint 'TradingJournal.API.Controllers.InstrumentsController.GetAll (TradingJournal.API)'
2026-05-10 18:28:37.922 +05:30 [INF] HTTP GET /api/instruments responded 200 in 184.3782 ms
2026-05-10 18:28:37.922 +05:30 [INF] Request finished HTTP/1.1 GET http://localhost:5283/api/instruments - 200 null application/json; charset=utf-8 184.7222ms
2026-05-10 18:28:38.167 +05:30 [INF] Request starting HTTP/1.1 OPTIONS http://localhost:5283/api/dashboard/calendar?year=2026&month=5 - null null
2026-05-10 18:28:38.167 +05:30 [INF] CORS policy execution successful.
2026-05-10 18:28:38.167 +05:30 [INF] HTTP OPTIONS /api/dashboard/calendar responded 204 in 0.1338 ms
2026-05-10 18:28:38.167 +05:30 [INF] Request finished HTTP/1.1 OPTIONS http://localhost:5283/api/dashboard/calendar?year=2026&month=5 - 204 null null 0.43ms
2026-05-10 18:28:38.171 +05:30 [INF] Request starting HTTP/1.1 GET http://localhost:5283/api/dashboard/calendar?year=2026&month=5 - null null
2026-05-10 18:28:38.171 +05:30 [INF] CORS policy execution successful.
2026-05-10 18:28:38.171 +05:30 [INF] Executing endpoint 'TradingJournal.API.Controllers.DashboardController.GetCalendar (TradingJournal.API)'
2026-05-10 18:28:38.171 +05:30 [INF] Route matched with {action = "GetCalendar", controller = "Dashboard"}. Executing controller action with signature System.Threading.Tasks.Task`1[Microsoft.AspNetCore.Mvc.ActionResult`1[System.Collections.Generic.List`1[TradingJournal.Application.DTOs.Dashboard.CalendarDayDto]]] GetCalendar(Int32, Int32) on controller TradingJournal.API.Controllers.DashboardController (TradingJournal.API).
2026-05-10 18:28:38.172 +05:30 [INF] Fetching calendar data for user: "0a478092-7251-4b11-a785-05efbf8ad1f6", Year: 2026, Month: 5
2026-05-10 18:28:38.249 +05:30 [ERR] Failed executing DbCommand (0ms) [Parameters=[@userId='?' (DbType = Guid), @from='?' (DbType = DateTime), @to='?' (DbType = DateTime)], CommandType='"Text"', CommandTimeout='300']
SELECT t."Id", t."CreatedAt", t."EntryPrice", t."ExitPrice", t."InstrumentId", t."IsDeleted", t."LotSize", t."Notes", t."ProfitLoss", t."Result", t."RiskPercentage", t."RiskRewardRatio", t."StopLoss", t."Tags", t."TakeProfit", t."TradeDate", t."TradeDurationMinutes", t."TradeType", t."TradingAccountId", t."UpdatedAt", t."UserId", i0."Id", i0."CreatedAt", i0."Description", i0."IsDeleted", i0."MaxLot", i0."Name", i0."Notes", i0."SafeLotSize", i0."Symbol", i0."UpdatedAt", i0."UserId", i0."VolatilityLevel"
FROM "Trades" AS t
INNER JOIN (
    SELECT i."Id", i."CreatedAt", i."Description", i."IsDeleted", i."MaxLot", i."Name", i."Notes", i."SafeLotSize", i."Symbol", i."UpdatedAt", i."UserId", i."VolatilityLevel"
    FROM "Instruments" AS i
    WHERE NOT (i."IsDeleted")
) AS i0 ON t."InstrumentId" = i0."Id"
WHERE NOT (t."IsDeleted") AND t."UserId" = @userId AND t."TradeDate" >= @from AND t."TradeDate" <= @to
ORDER BY t."TradeDate"
2026-05-10 18:28:38.251 +05:30 [ERR] An exception occurred while iterating over the results of a query for context type 'TradingJournal.Infrastructure.Data.ApplicationDbContext'.
System.ArgumentException: Cannot write DateTime with Kind=Unspecified to PostgreSQL type 'timestamp with time zone', only UTC is supported. Note that it's not possible to mix DateTimes with different Kinds in an array, range, or multirange. (Parameter 'value')
   at Npgsql.Internal.Converters.DateTimeConverterResolver`1.Get(DateTime value, Nullable`1 expectedPgTypeId, Boolean validateOnly)
   at Npgsql.Internal.Converters.DateTimeConverterResolver.<>c.<CreateResolver>b__0_0(DateTimeConverterResolver`1 resolver, DateTime value, Nullable`1 expectedPgTypeId)
   at Npgsql.Internal.Converters.DateTimeConverterResolver`1.Get(T value, Nullable`1 expectedPgTypeId)
   at Npgsql.Internal.PgConverterResolver`1.GetAsObjectInternal(PgTypeInfo typeInfo, Object value, Nullable`1 expectedPgTypeId)
   at Npgsql.NpgsqlParameterCollection.ProcessParameters(ReloadableState reloadableState, Boolean validateValues, CommandType commandType)
   at Npgsql.NpgsqlCommand.ExecuteReader(Boolean async, CommandBehavior behavior, CancellationToken cancellationToken)
   at Npgsql.NpgsqlCommand.ExecuteReader(Boolean async, CommandBehavior behavior, CancellationToken cancellationToken)
   at Npgsql.NpgsqlCommand.ExecuteDbDataReaderAsync(CommandBehavior behavior, CancellationToken cancellationToken)
   at Microsoft.EntityFrameworkCore.Storage.RelationalCommand.ExecuteReaderAsync(RelationalCommandParameterObject parameterObject, CancellationToken cancellationToken)
   at Microsoft.EntityFrameworkCore.Storage.RelationalCommand.ExecuteReaderAsync(RelationalCommandParameterObject parameterObject, CancellationToken cancellationToken)
   at Microsoft.EntityFrameworkCore.Query.Internal.SingleQueryingEnumerable`1.AsyncEnumerator.InitializeReaderAsync(AsyncEnumerator enumerator, CancellationToken cancellationToken)
   at Npgsql.EntityFrameworkCore.PostgreSQL.Storage.Internal.NpgsqlExecutionStrategy.ExecuteAsync[TState,TResult](TState state, Func`4 operation, Func`4 verifySucceeded, CancellationToken cancellationToken)
   at Microsoft.EntityFrameworkCore.Query.Internal.SingleQueryingEnumerable`1.AsyncEnumerator.MoveNextAsync()
System.ArgumentException: Cannot write DateTime with Kind=Unspecified to PostgreSQL type 'timestamp with time zone', only UTC is supported. Note that it's not possible to mix DateTimes with different Kinds in an array, range, or multirange. (Parameter 'value')
   at Npgsql.Internal.Converters.DateTimeConverterResolver`1.Get(DateTime value, Nullable`1 expectedPgTypeId, Boolean validateOnly)
   at Npgsql.Internal.Converters.DateTimeConverterResolver.<>c.<CreateResolver>b__0_0(DateTimeConverterResolver`1 resolver, DateTime value, Nullable`1 expectedPgTypeId)
   at Npgsql.Internal.Converters.DateTimeConverterResolver`1.Get(T value, Nullable`1 expectedPgTypeId)
   at Npgsql.Internal.PgConverterResolver`1.GetAsObjectInternal(PgTypeInfo typeInfo, Object value, Nullable`1 expectedPgTypeId)
   at Npgsql.NpgsqlParameterCollection.ProcessParameters(ReloadableState reloadableState, Boolean validateValues, CommandType commandType)
   at Npgsql.NpgsqlCommand.ExecuteReader(Boolean async, CommandBehavior behavior, CancellationToken cancellationToken)
   at Npgsql.NpgsqlCommand.ExecuteReader(Boolean async, CommandBehavior behavior, CancellationToken cancellationToken)
   at Npgsql.NpgsqlCommand.ExecuteDbDataReaderAsync(CommandBehavior behavior, CancellationToken cancellationToken)
   at Microsoft.EntityFrameworkCore.Storage.RelationalCommand.ExecuteReaderAsync(RelationalCommandParameterObject parameterObject, CancellationToken cancellationToken)
   at Microsoft.EntityFrameworkCore.Storage.RelationalCommand.ExecuteReaderAsync(RelationalCommandParameterObject parameterObject, CancellationToken cancellationToken)
   at Microsoft.EntityFrameworkCore.Query.Internal.SingleQueryingEnumerable`1.AsyncEnumerator.InitializeReaderAsync(AsyncEnumerator enumerator, CancellationToken cancellationToken)
   at Npgsql.EntityFrameworkCore.PostgreSQL.Storage.Internal.NpgsqlExecutionStrategy.ExecuteAsync[TState,TResult](TState state, Func`4 operation, Func`4 verifySucceeded, CancellationToken cancellationToken)
   at Microsoft.EntityFrameworkCore.Query.Internal.SingleQueryingEnumerable`1.AsyncEnumerator.MoveNextAsync()
2026-05-10 18:28:38.253 +05:30 [ERR] Error fetching calendar data for user: "0a478092-7251-4b11-a785-05efbf8ad1f6"
System.ArgumentException: Cannot write DateTime with Kind=Unspecified to PostgreSQL type 'timestamp with time zone', only UTC is supported. Note that it's not possible to mix DateTimes with different Kinds in an array, range, or multirange. (Parameter 'value')
   at Npgsql.Internal.Converters.DateTimeConverterResolver`1.Get(DateTime value, Nullable`1 expectedPgTypeId, Boolean validateOnly)
   at Npgsql.Internal.Converters.DateTimeConverterResolver.<>c.<CreateResolver>b__0_0(DateTimeConverterResolver`1 resolver, DateTime value, Nullable`1 expectedPgTypeId)
   at Npgsql.Internal.Converters.DateTimeConverterResolver`1.Get(T value, Nullable`1 expectedPgTypeId)
   at Npgsql.Internal.PgConverterResolver`1.GetAsObjectInternal(PgTypeInfo typeInfo, Object value, Nullable`1 expectedPgTypeId)
   at Npgsql.NpgsqlParameterCollection.ProcessParameters(ReloadableState reloadableState, Boolean validateValues, CommandType commandType)
   at Npgsql.NpgsqlCommand.ExecuteReader(Boolean async, CommandBehavior behavior, CancellationToken cancellationToken)
   at Npgsql.NpgsqlCommand.ExecuteReader(Boolean async, CommandBehavior behavior, CancellationToken cancellationToken)
   at Npgsql.NpgsqlCommand.ExecuteDbDataReaderAsync(CommandBehavior behavior, CancellationToken cancellationToken)
   at Microsoft.EntityFrameworkCore.Storage.RelationalCommand.ExecuteReaderAsync(RelationalCommandParameterObject parameterObject, CancellationToken cancellationToken)
   at Microsoft.EntityFrameworkCore.Storage.RelationalCommand.ExecuteReaderAsync(RelationalCommandParameterObject parameterObject, CancellationToken cancellationToken)
   at Microsoft.EntityFrameworkCore.Query.Internal.SingleQueryingEnumerable`1.AsyncEnumerator.InitializeReaderAsync(AsyncEnumerator enumerator, CancellationToken cancellationToken)
   at Npgsql.EntityFrameworkCore.PostgreSQL.Storage.Internal.NpgsqlExecutionStrategy.ExecuteAsync[TState,TResult](TState state, Func`4 operation, Func`4 verifySucceeded, CancellationToken cancellationToken)
   at Microsoft.EntityFrameworkCore.Query.Internal.SingleQueryingEnumerable`1.AsyncEnumerator.MoveNextAsync()
   at Microsoft.EntityFrameworkCore.EntityFrameworkQueryableExtensions.ToListAsync[TSource](IQueryable`1 source, CancellationToken cancellationToken)
   at Microsoft.EntityFrameworkCore.EntityFrameworkQueryableExtensions.ToListAsync[TSource](IQueryable`1 source, CancellationToken cancellationToken)
   at TradingJournal.Infrastructure.Repositories.TradeRepository.GetByDateRangeAsync(Guid userId, DateTime from, DateTime to) in D:\Mitesh\StockMarket\TradingJournalApp\TradingJournal.Infrastructure\Repositories\Repositories.cs:line 110
   at TradingJournal.Application.Services.DashboardService.GetCalendarDataAsync(Guid userId, Int32 year, Int32 month) in D:\Mitesh\StockMarket\TradingJournalApp\TradingJournal.Application\Services\DashboardService.cs:line 118
   at TradingJournal.API.Controllers.DashboardController.GetCalendar(Int32 year, Int32 month) in D:\Mitesh\StockMarket\TradingJournalApp\TradingJournal.API\Controllers\DashboardController.cs:line 53
2026-05-10 18:28:38.255 +05:30 [INF] Executing ObjectResult, writing value of type '<>f__AnonymousType0`1[[System.String, System.Private.CoreLib, Version=10.0.0.0, Culture=neutral, PublicKeyToken=7cec85d7bea7798e]]'.
2026-05-10 18:28:38.255 +05:30 [INF] Executed action TradingJournal.API.Controllers.DashboardController.GetCalendar (TradingJournal.API) in 83.8988ms
2026-05-10 18:28:38.255 +05:30 [INF] Executed endpoint 'TradingJournal.API.Controllers.DashboardController.GetCalendar (TradingJournal.API)'
2026-05-10 18:28:38.255 +05:30 [ERR] HTTP GET /api/dashboard/calendar responded 500 in 84.5534 ms
2026-05-10 18:28:38.255 +05:30 [INF] Request finished HTTP/1.1 GET http://localhost:5283/api/dashboard/calendar?year=2026&month=5 - 500 null application/json; charset=utf-8 84.82ms
